time_s,base_x_m,base_y_m,base_z_m,roll_deg,pitch_deg,drift_m,wheel_rms_rad_s,torque_pair_rms_nm,normalized_torque_balance,all_four_contact,contact_count,FL_contact,FR_contact,RL_contact,RR_contact,FL_vertical_force_n,FR_vertical_force_n,RL_vertical_force_n,RR_vertical_force_n,total_vertical_force_n,FL_load_fraction,FR_load_fraction,RL_load_fraction,RR_load_fraction,foot_load_fraction_error_rms
0.02,-0.0005479756299735902,0.0007870347427525055,0.539305130916423,-0.0463099014398709,0.2519425548639988,0.0009590104156600467,0.989122586852409,21.357484817504883,0.04813060331389344,0,0,0,0,0,0,0.0,0.0,0.0,0.0,0.0,0.0,0.0,0.0,0.0,0.25
0.04,-0.0019996952325867685,0.0020566300149099156,0.5373464198639355,-0.20150621721801742,0.8501648819675719,0.0028685376137430395,0.6170375850238778,17.777536392211914,0.029543948640141243,0,0,0,0,0,0,0.0,0.0,0.0,0.0,0.0,0.0,0.0,0.0,0.0,0.25
0.06,-0.0035528002026467805,0.003457833797894268,0.5331015707458419,0.1659494911426246,1.2949395669607424,0.004957721639401198,0.8821411618844799,19.758771896362305,0.040610465375156134,0,1,0,0,0,1,0.0,0.0,0.0,364.96472497476884,364.96472497476884,0.0,0.0,0.0,1.0,0.4330127018922193
0.08,-0.0039866575688382345,0.005332073821281008,0.5263095278190982,0.8532852766994381,1.5662253035226361,0.0066576609861696496,5.94940274321413,29.68077278137207,0.09886381853996433,1,4,1,1,1,1,439.52048894195957,374.9879633872285,279.8136157144644,321.27523817432314,1415.5973062179755,0.3104841235649269,0.26489734173702034,0.19766469919474283,0.22695383550330997,0.04227992846089075
0.1,-0.00383100388729885,0.007207762338592348,0.519613063711768,0.7071026368942146,1.7476642746716131,0.008162623886602221,3.9313796139148898,16.974674224853516,0.028363393025311646,1,4,1,1,1,1,418.22255845842875,237.2802763795349,271.1827013737362,312.6379677617686,1239.3235039734684,0.33746036213913533,0.191459514500271,0.21881510396944892,0.2522650193911449,0.05489519888235041
0.12000000000000001,-0.003719613071715032,0.009630684091745147,0.5150753589682192,0.8574074745088844,1.8634238927883628,0.01032403009867108,3.407019692233323,13.248307228088379,0.017224195413762026,1,4,1,1,1,1,333.44300368180507,226.86806389262878,288.80282088478515,300.60781187237603,1149.721700331595,0.29002062289129243,0.19732432972883526,0.2511936765231887,0.26146137085668364,0.03357515592175246
0.14,-0.003826418283075915,0.012407372162466238,0.5125198240359253,1.1198490930558622,1.9853406196542258,0.012984004037853646,3.066469372282031,12.682659149169922,0.01694648195181506,1,4,1,1,1,1,336.4197096559154,204.6254261010942,291.1362720646851,273.88622534872275,1106.0676331704174,0.30415835303995514,0.18500263452656926,0.2632174229980639,0.2476215894354118,0.04283147741442804
0.16,-0.004156451658398106,0.015343013052042408,0.5114821678914439,1.3062267224148945,2.1163335788126467,0.015896041642614808,2.800842077523103,13.098481178283691,0.018027802800159066,1,4,1,1,1,1,326.57180397339266,184.22228224278524,281.0625938932227,230.48049425135673,1022.3371743607573,0.3194364952811093,0.18019718627367234,0.27492162169390383,0.22544469675131457,0.052244401198896104
0.18,-0.004687362896241518,0.01829619656492437,0.5113784860593179,1.3690635397368764,2.223384662478996,0.018887090291080093,2.5383807097652404,13.986345291137695,0.021074989368211127,1,4,1,1,1,1,307.5691578933463,165.10246595304403,261.9910278219385,184.8258335274605,919.4884851957894,0.33450028232583545,0.17955903593277547,0.28493127650875577,0.20100940523263322,0.06269469592010439
0.19999999999999998,-0.005355239157743503,0.021187628535086486,0.5117443169644471,1.3264841169100767,2.2691765989780524,0.02185392846555146,2.3112353551570752,14.06124210357666,0.02148855379400323,1,4,1,1,1,1,299.3690001855362,149.31598807935924,247.61663804599078,161.89709747259252,858.1987237834787,0.34883412418248505,0.17398766036504998,0.28853065284732793,0.18864756260513704,0.07210199834753152
0.21999999999999997,-0.006109713960068553,0.023982310547766797,0.5122895626021524,1.2164356292161878,2.238894585479431,0.02474832971906151,2.183207170271564,13.232133865356445,0.01847540367997964,1,4,1,1,1,1,291.7043449292068,130.88459787177413,240.87041086928906,153.8532199096588,817.3125735799289,0.3569067139778679,0.16014019862496867,0.29471027200064626,0.18824281539651705,0.07955625002038837
0.23999999999999996,-0.006908009643747283,0.026656590193451613,0.5128188420059235,1.0714050586391606,2.1477828690349754,0.027537145784916166,2.0379523489858946,13.509472846984863,0.018439885609836514,1,4,1,1,1,1,286.52520888685115,109.8397356520174,237.83375704664556,154.44428121106478,788.6429827965788,0.3633142183942527,0.13927688199610755,0.30157341437727847,0.1958354852323613,0.08759756372375392
0.25999999999999995,-0.0077150946546689575,0.029190776934405475,0.5132049662115004,0.9063111870299781,2.021875434120096,0.03019311417467102,1.8945817322845415,14.534780502319336,0.020242396483372047,1,4,1,1,1,1,283.47040354761396,89.62283018615713,236.62666027026944,160.2789856134082,769.9988796174487,0.36814391689562964,0.11639345531344618,0.30730779814618747,0.20815482964473675,0.0959738192073061
0.27999999999999997,-0.008512432618926858,0.0315756771242869,0.5133729607120927,0.72616304133586,1.8911215980125122,0.03270297990931384,1.7250415614297285,15.859993934631348,0.023171767721328604,1,4,1,1,1,1,282.6664313987312,74.29293424580715,235.48732694272005,167.68554309015923,760.1322356774176,0.37186481263595333,0.09773685519283165,0.3097978429146049,0.22060048925661016,0.10304757526811971
0.3,-0.009293332913450523,0.033815345628915666,0.5132825375702559,0.5290528349288348,1.780986239503331,0.03506912654519996,1.1851087793157797,17.148311614990234,0.026540795967680785,1,4,1,1,1,1,284.4585079344183,49.15616244956069,233.94584427865615,174.97902291076036,742.5395375733955,0.38308870240637033,0.06620006068660271,0.31506180134621053,0.23564943556081652,0.11825184680794297
0.32,-0.010045570725842792,0.03590001942950295,0.5129372717609308,0.31418187883251436,1.712166156898535,0.03727901401923875,1.3489685536913398,18.552427291870117,0.03074524503874948,1,4,1,1,1,1,289.90474322034436,71.41980436906759,233.14999602335234,181.79271382712574,776.26725743989,0.3734599655490339,0.09200414378497467,0.30034758491846636,0.23418830574752508,0.10367008085357067
0.34,-0.010775341180078812,0.03783443015886905,0.5123563623287903,0.08244312896345195,1.6906470299695195,0.03933893850872749,1.313429988375656,20.665836334228516,0.03672426868205878,1,4,1,1,1,1,297.5717969440155,46.67248825780849,232.1403755644587,184.8205188272085,761.2051795934912,0.39092192870117976,0.061313939406893087,0.30496426165732266,0.24279987023460456,0.12096934671558242
0.36000000000000004,-0.01148280331852552,0.039586894349622544,0.5115933815257032,-0.16196964418702958,1.7086640534706155,0.04121864840457676,1.1343725621136524,21.607572555541992,0.04050324034712244,1,4,1,1,1,1,306.5989251116467,46.07391639281901,232.44027704090627,183.67258068344543,768.7856992288173,0.3988093501468635,0.05993076671306006,0.30234729557804113,0.2389125875620354,0.12362615641756536
0.38000000000000006,-0.012171192927042709,0.04115140022198914,0.5106866906774093,-0.3838192995445195,1.7546471468799167,0.042913583834231585,1.0013469713876013,22.31019401550293,0.04382082541901683,1,4,1,1,1,1,316.43156481889895,45.282986684675066,233.45775553978393,182.04211957668656,777.2144266200445,0.40713547507732034,0.05826318340692933,0.3003775374513397,0.23422380406441062,0.12672938590050775
0.4000000000000001,-0.01284230198023201,0.042515243534355075,0.5096905714834971,-0.5642310578979602,1.8148352968778068,0.04441250559174738,0.8823773712973709,23.303442001342773,0.04767910315684446,1,4,1,1,1,1,326.2457457479245,41.783841629460866,235.30920439497552,180.57812224851352,783.9169140208744,0.4161738826051623,0.053301365083632105,0.3001711025573172,0.23035364975388836,0.13153633608992477
0.4200000000000001,-0.013496643176299259,0.04366479852616115,0.5086723615946745,-0.6987282828896991,1.8742680523298831,0.045703107195885384,0.7162091009685008,23.86842918395996,0.05027039372204015,1,4,1,1,1,1,335.3537658337408,43.3370861194163,236.71254626624093,179.7136212863328,795.1170195057308,0.42176655461633433,0.05450403532596493,0.2977078096169904,0.22602160044071037,0.1328282916329139
0.4400000000000001,-0.014131002363498705,0.044593878523733955,0.5076736056338231,-0.7865084489285254,1.9205005104351218,0.04677926067806915,0.5830060607578633,24.38480567932129,0.0524299004985725,1,4,1,1,1,1,342.7947546587926,45.26109942094367,236.78577173097344,179.48447488351476,804.3261006942245,0.4261887738852711,0.05627207594267825,0.294390262266263,0.22314888790578766,0.13347703005341235
0.46000000000000013,-0.014742616727781441,0.04529137238897699,0.5067327221786684,-0.8379774839779474,1.9456966476409887,0.04763038064995123,0.5254495504475084,24.784364700317383,0.05413865885224082,1,4,1,1,1,1,348.9452996702634,46.05630911645073,237.62565500121343,179.87341325288918,812.5006770408168,0.4294707801858654,0.056684640909089416,0.2924621009137646,0.22138247799128058,0.13435269031629138
0.48000000000000015,-0.015337835466934874,0.04574980765648909,0.5058934245808073,-0.8651921054053546,1.9447096703561333,0.0482523999135433,0.5054051513850766,25.090980529785156,0.05546064452878321,1,4,1,1,1,1,353.41037075222266,46.58118001058714,239.32730559969747,180.597429095456,819.9162854579633,0.43103226148853196,0.05681211708652582,0.291892367360433,0.22026325406450917,0.1348457288034514
0.5000000000000001,-0.01592722823844978,0.04596500468170125,0.5051919818343857,-0.873782540679064,1.916472638429872,0.048646256328195386,0.5056521813040995,25.325138092041016,0.056424196547615345,1,4,1,1,1,1,355.7548376616844,46.59230737554004,241.47346652580487,181.4682320014845,825.2888435645137,0.4310670626845505,0.056455758173468956,0.2925926703223738,0.2198845088196069,0.13506085027464879
0.5200000000000001,-0.016521031023120643,0.04593416834701014,0.5046474109350437,-0.8661881118448476,1.8635374901228836,0.04881487773003619,0.5184836132800918,25.491313934326172,0.0570507466370043,1,4,1,1,1,1,355.5243812856762,45.94512135920273,243.64603108027438,182.16847425976306,827.2840079849163,0.4297488865421878,0.05553730147777791,0.29451316443761927,0.22020064754241508,0.1350877738220995
0.5400000000000001,-0.017128456210152836,0.045655976126826626,0.504260442515189,-0.8405232906600286,1.7910798511535349,0.04876322557252018,0.5368716201965714,25.577953338623047,0.057331329761318384,1,4,1,1,1,1,353.41733705370893,44.962271209476654,245.4991023649973,182.5509020847399,826.4296127129228,0.4276436028151809,0.05440544544607844,0.2970599051492077,0.22089104658953296,0.1349781882690773
0.5600000000000002,-0.01775551734485448,0.04512934143360084,0.5040162129730178,-0.7925215926582024,1.7048767371660738,0.04849655507779856,0.5543830204278614,25.589889526367188,0.05731511517944962,1,4,1,1,1,1,349.6513496908826,43.82368482536246,246.83946891295068,182.58532007839864,822.8998235075944,0.4249014761000927,0.05325518802345207,0.2999629625156587,0.22188037336079655,0.13470899970617015
0.5800000000000002,-0.018405256785703837,0.04435340105386063,0.5038861321739686,-0.7189266669591122,1.6107152211349183,0.04802059623112048,0.5669745491005573,25.530174255371094,0.057061503404125254,1,4,1,1,1,1,344.40752641086294,42.880842533081534,247.6062824364108,182.3614586252254,817.2561100055807,0.4214193350093291,0.052469283506230036,0.30297269045161374,0.22313869103282707,0.13409941109741602
0.6000000000000002,-0.019078433201717836,0.04332855769533728,0.503832987595335,-0.6189749709808796,1.5138168932512872,0.04734290364342454,0.5655391416467509,25.394248962402344,0.056615512072885905,1,4,1,1,1,1,338.1584433991103,42.93769152585488,247.76891405270453,182.03094116376272,810.8959901414323,0.4170182705430945,0.05295092348201883,0.30554956130624095,0.22448124466864589,0.13272189145613172
0.6200000000000002,-0.019774451199634287,0.04206041604242628,0.5038101533731535,-0.49581322842134684,1.4179679045647462,0.04647695684862239,0.4769662051649646,25.19632911682129,0.05606011835865893,1,4,1,1,1,1,331.32033562422157,32.793218052021814,247.27878655951858,181.76144427121335,793.1537845069753,0.41772521558372244,0.04134534650478418,0.3117665090802374,0.22916292883125602,0.13776592244334693
0.6400000000000002,-0.020486930737749792,0.04054702685616611,0.5037744165917095,-0.35213409508527593,1.330536778984198,0.045428798332423595,0.5237674768675743,24.974082946777344,0.055657886248392296,1,4,1,1,1,1,324.43084110657696,56.28206806682636,246.76293457804547,181.75647124514776,809.2323149965965,0.40091187053984795,0.06954995126098378,0.3049346028390912,0.22460357536007716,0.12144896225712377
0.6600000000000003,-0.02122113107992331,0.03880808656040351,0.5036879920410818,-0.20216322258932987,1.2511248879004953,0.04423125576773802,0.4677565539704453,24.727426528930664,0.05522590996206058,1,4,1,1,1,1,317.95119487308375,35.690604745348125,246.0685449962735,181.75843251748995,781.4687771321953,0.4068635935013156,0.04567118455624569,0.3148795603828045,0.23258566155963414,0.13310622480332707
0.6800000000000003,-0.0219756148877904,0.03684805484168037,0.5035431920701684,-0.055452917589332004,1.1806943125223792,0.04290345901337046,0.4592352836229928,24.506763458251953,0.055057568069949804,1,4,1,1,1,1,311.47330417367596,49.83670556251295,245.3166407436657,182.2370909017008,788.8637413815554,0.39483790144567366,0.06317530258803981,0.3109746688497014,0.23101212711658511,0.12243358895358804
0.7000000000000003,-0.02275389604459388,0.034690495080183674,0.5033189249677168,0.09118197120823866,1.1201722633755218,0.04148698873281155,0.4500391400118822,24.98603057861328,0.05626199731323709,1,4,1,1,1,1,305.58389967555,62.75736472927859,244.48360368810674,183.16918502070257,795.994053113638,0.38390223957103375,0.07884149948582493,0.3071425002885087,0.23011376065463257,0.11278937218874263
0.7200000000000003,-0.023555572978692676,0.032348135703155076,0.50301601076348,0.22846595682860474,1.0666489725582606,0.040015833139199444,0.403476077760044,24.290451049804688,0.05531908598698887,1,4,1,1,1,1,300.3758030354739,59.75245103586235,243.74239487964553,184.53148301997743,788.4021319709593,0.38099313897661835,0.07578930676720104,0.3091599895478514,0.2340575647083291,0.11320626495685988
0.7400000000000003,-0.024381931539737767,0.029842175208212078,0.5026394378070309,0.3633469624713978,1.0184022777605977,0.03853613897066086,0.37612427721125374,23.81693458557129,0.05419711097369492,1,4,1,1,1,1,295.1174728003265,61.94448200291485,243.0197725681208,186.5175724360331,786.5992998073953,0.37518145880957204,0.07874972939599924,0.30894989688857594,0.23711891490585274,0.11027019713867894
0.7600000000000003,-0.02523621139926768,0.02720242727178125,0.5022074262736691,0.5063729625905449,0.973123310344455,0.03710577334142325,0.3555486765688561,23.34880828857422,0.0525937964542156,1,4,1,1,1,1,289.8744864750576,66.35054644994145,242.26510558151745,189.31372321036545,787.8038617168819,0.36795260922347656,0.08422216451864292,0.307519570992636,0.2403056552652446,0.10582720600880857
0.7800000000000004,-0.026122533101849695,0.024467826332526973,0.5017522426135168,0.6673361332574912,0.9272448709376209,0.03579191614172023,0.3118905553062788,23.609561920166016,0.052220913046717145,1,4,1,1,1,1,284.527816523993,70.96932686472373,241.4061674335043,192.9358216881698,789.8391325103908,0.3602351476555258,0.08985288768759515,0.3056396644544938,0.24427230020238536,0.10115268677378006
0.8000000000000004,-0.027038575086833907,0.0216663240151968,0.5013014320203018,0.8479047664102691,0.8816003704464771,0.03464843631475811,0.26268901183041066,22.189950942993164,0.04926646894916126,1,4,1,1,1,1,279.22772161134424,88.39447722269412,240.32132393823377,197.26060539177064,805.2041281640429,0.34677880036210845,0.10977896676243276,0.2984601240013433,0.24498210887411528,0.0886025355327326
0.8200000000000004,-0.02799188496025419,0.018857739371026108,0.5008975059502124,1.0474653431497012,0.831615159730982,0.033751443788579666,0.22565632391477014,21.655147552490234,0.04779963674753881,1,4,1,1,1,1,273.2779487297113,94.1616449610592,239.00256546604135,202.06646205735882,808.5086212141707,0.33800251668228165,0.11646337774314981,0.2956091737242348,0.24992493185033363,0.0831514804276185
0.8400000000000004,-0.02898290135728896,0.016077293118207693,0.5005700720747648,1.2526242019521374,0.7766924949241021,0.03314344467756951,0.1936770280115885,21.14371681213379,0.046389008439457674,1,4,1,1,1,1,267.02705638322436,102.81456721074596,237.38340998877302,206.73038966719847,813.9554232499418,0.32806103228238853,0.12631473944879,0.2916417818569894,0.2539824464118321,0.07606159726540887
0.8600000000000004,-0.030009068705504256,0.013360623134857292,0.5003396836242946,1.4523031862121543,0.7163698185198019,0.032848903408232044,0.1801295973836844,20.69532012939453,0.04511286597300637,1,4,1,1,1,1,260.5133903855573,109.82126088858128,235.49417150799417,211.28789627879644,817.1167190609291,0.31882029128586686,0.13440094704559868,0.2882013866741531,0.2585773749943814,0.0700576384883341
0.8800000000000004,-0.031065027605650622,0.01074243123355332,0.5002151902094961,1.6419463289122975,0.6509869100403612,0.03286998279505873,0.18881118530567706,20.317129135131836,0.04400176467321118,1,4,1,1,1,1,253.70020788156955,115.52307359344056,233.35851179740095,215.54513882759775,818.1269321000088,0.3100988342118982,0.141204340134495,0.2852350932860806,0.2634617323675261,0.0649443906669652
0.9000000000000005,-0.03214314129078487,0.008255315949918823,0.5001942033974837,1.8204528647165878,0.5815193865741255,0.03318631907085122,0.21681403320765566,20.007402420043945,0.043052718915789066,1,4,1,1,1,1,246.66992960845826,120.06769734564442,231.01053700190482,219.4158123266983,817.1639762827058,0.3018609933474605,0.14693219577768787,0.2826978962689668,0.2685089146058848,0.06067179583319224
0.9200000000000005,-0.03323401590653988,0.005929053251312221,0.5002648483018514,1.9884348713760651,0.5093422178659658,0.0337587542088425,0.2567718121249201,19.759187698364258,0.04225563389405535,1,4,1,1,1,1,239.52707933025115,123.69148911232395,228.5171038970532,222.90575147010398,814.6414238097323,0.2940276204100752,0.1518355014821998,0.28051250184206894,0.27362437626565606,0.05714854339969747
0.9400000000000005,-0.03432823646135085,0.003790310823231742,0.50040853956732,2.1455590971249086,0.4360617764084449,0.03453685386197078,0.29912117052975756,19.573469161987305,0.041618202982711634,1,4,1,1,1,1,232.6165128324671,126.54852251177049,225.81988857361932,225.94812859165225,810.9330525095091,0.28685045221996225,0.15605298380692967,0.2784692125629832,0.27862735141012485,0.0543461567019965
0.9600000000000005,-0.035415177203698966,0.0018621913375361616,0.5006004113286767,2.2901422698658025,0.3630466477586581,0.03546410203215349,0.3399894807591649,19.449052810668945,0.04117271064217029,1,4,1,1,1,1,226.1071784611015,128.72140156954177,223.0451228809196,228.55322225866587,806.4269251702287,0.2803814845509685,0.15961942434197612,0.2765844193927887,0.28341467171426665,0.05223733028213733
0.9800000000000005,-0.03648364309081824,0.0001635780996092244,0.5008118370437448,2.420445432454848,0.29179167909181486,0.03648400979844295,0.37909371466037184,19.363935470581055,0.04080709759166287,1,4,1,1,1,1,220.09256040383985,129.8898347433235,220.5657018791871,230.75309315639055,801.301190182741,0.27466895482040476,0.1620986419771839,0.27525942127814124,0.28797298192427,0.05102742349392633
1.0000000000000004,-0.03752405692264796,-0.0012901853309986331,0.5010151311431222,2.534557432036628,0.22389017124640698,0.03754623051815519,0.4150704090130579,19.30445098876953,0.04048433610879668,1,4,1,1,1,1,214.8817836502971,130.92794174658297,218.30945841998772,232.58304622313193,796.7022300399997,0.2697140481701785,0.16433736069749613,0.2740163767447057,0.29193221438761974,0.05015433287094931
1.0200000000000005,-0.03852878570029443,-0.002487474217405296,0.5011861152711891,2.6289926194090194,0.16037386207995596,0.03860899967004414,0.44614849094629316,19.260473251342773,0.04018220482888308,1,4,1,1,1,1,210.65941304315237,131.55867938088736,216.39411409000493,234.06474054485,792.6769470588946,0.2657569566325495,0.16596758599958725,0.2729915571443094,0.29528390022355394,0.049721654247504785
1.0400000000000005,-0.03949197854679522,-0.003419168128976945,0.5013047375772579,2.702757035330077,0.10193399534236752,0.03963971594543464,0.4710523138834123,19.225194931030273,0.03989005670808509,1,4,1,1,1,1,207.54654581121258,131.82922255056633,214.87834504007535,235.2234808129112,789.4775942147655,0.26289098934801775,0.16698285488606807,0.27217788904294216,0.297948266722972,0.04962086011290175
1.0600000000000005,-0.0404098751590256,-0.004080093247054303,0.5013568953683956,2.7557560250096818,0.04886022925918652,0.04061533172673458,0.4898350347247239,19.192718505859375,0.039599182600984426,1,4,1,1,1,1,205.62234383193686,131.81612710441092,213.77667844101717,236.16243411544812,787.3775834928131,0.2611483335857678,0.16741158228009687,0.27150465408565755,0.2999354300484778,0.04975220951045032
1.0800000000000005,-0.04128020742309696,-0.004469043669164652,0.5013345384709758,2.7867867065929235,0.0009273607071974807,0.04152141467015316,0.5026567366937412,19.16353416442871,0.03930562352554968,1,4,1,1,1,1,204.88962972141826,131.45907568726574,213.0920102273594,236.87353897018824,786.3142546062315,0.260569649502313,0.1671838897961954,0.27100107746879276,0.30124538323269895,0.05009331331976073
1.1000000000000005,-0.042103083763791314,-0.004588899238866933,0.5012360289044612,2.794881932694935,-0.04235549416626769,0.042352422110728226,0.5081734025131431,19.144014358520508,0.039036776024613896,1,4,1,1,1,1,205.44285990584495,130.6838612560877,213.0363522899084,237.36754405572702,786.530617507568,0.2612013510127191,0.16615228745984612,0.27085576524026234,0.3017905962871726,0.0506782447660341
1.1200000000000006,-0.04288080364436115,-0.004446656009768305,0.5010673257478737,2.781454500351189,-0.08174414678462309,0.043110741942762536,0.5078193586532384,19.14422035217285,0.03882571484297212,1,4,1,1,1,1,207.33764382064433,129.41532682965845,213.28394174728123,237.63663948382867,787.6735518814128,0.26322788587404516,0.16430071381797826,0.27077707666816764,0.3016943236398088,0.0515347810421686
1.1400000000000006,-0.04361524365964382,-0.004052047592990315,0.500833920018146,2.7479244312121813,-0.11827840790131192,0.04380306575099463,0.5035454359871256,19.168254852294922,0.03867346507154623,1,4,1,1,1,1,209.6302128045995,127.59904733222058,213.70245025035126,237.7183386304757,788.650049017647,0.2658089136819527,0.16179425524814162,0.2709724681010822,0.3014243629688235,0.052712628192952124
1.1600000000000006,-0.044309111335028344,-0.003417964942918141,0.500542545365985,2.695255211847996,-0.15274210928176654,0.044440745174343724,0.49496747945462755,19.22608757019043,0.03860814620862558,1,4,1,1,1,1,212.6872242346301,125.17970287777571,214.43160810318645,237.59558173134025,789.8941169469324,0.26926042322824273,0.15847656058208834,0.27146880006145513,0.3007942161282139,0.0542873503543266
1.1800000000000006,-0.04496578614808223,-0.0025604804276728927,0.5002008506180909,2.6249256104820966,-0.1857226184389597,0.045038627687081674,0.48222167169417685,19.325786590576172,0.03865664592451183,1,4,1,1,1,1,216.3827523903165,122.16197245116004,215.43431646347668,237.25796102237118,791.2370023273244,0.2734740055809496,0.1543936546089679,0.272275330690809,0.29985700911927354,0.05628835122107416
1.2000000000000006,-0.04558898751810031,-0.0014986441223137446,0.4998164821654727,2.538810064182553,-0.2175928786567391,0.04561361328738221,0.46579664137781585,19.47401237487793,0.03884271911386588,1,4,1,1,1,1,220.5982742154618,118.56696699800841,216.66806836662897,236.6962635048506,792.5295730849498,0.2783470569517994,0.1496057321072351,0.2733879917228082,0.29865921921815725,0.05873091697585615
1.2200000000000006,-0.04618249983364617,-0.00025424310898428034,0.4993963206267089,2.439060052173966,-0.2485273783631857,0.04618319965575354,0.4461985536238887,19.67572593688965,0.039186949964571303,1,4,1,1,1,1,225.2146084484701,114.44153760570453,218.09114229589358,235.90253206914966,793.6498204192178,0.2837707546251423,0.14419651420730464,0.2747951762663974,0.2972375549011558,0.06160565889786035
1.2400000000000007,-0.046749925957983496,0.0011483380445944684,0.498945632838632,2.3280315422469564,-0.278563988523126,0.04676402738581871,0.42369313681597426,19.93379783630371,0.039705558032189066,1,4,1,1,1,1,230.1248512780714,109.85588422426756,219.6678986003851,234.7265460299887,794.3751801327128,0.289692902086424,0.13829219111039498,0.27652915661801786,0.2954857501851631,0.06485929128453638
1.2600000000000007,-0.047294610498501546,0.0026819613175561845,0.49846705269081537,2.208772487647189,-0.3079433171064849,0.047370593185159085,0.3993973812405557,20.249849319458008,0.04041344973647216,1,4,1,1,1,1,235.22652000635023,104.90499269729031,221.38097519065872,233.29347478435028,794.8059626786496,0.2959546493757941,0.13198818028961462,0.27853461798973184,0.29352255234485936,0.06845994518154325
1.2800000000000007,-0.047820020264454144,0.004318530339927221,0.49796337508452576,2.0831723734716947,-0.3364779206376049,0.04801462321407591,0.3746492504915298,20.618450164794922,0.041305291909679194,1,4,1,1,1,1,240.43721196150506,99.68927818323968,223.19909555990776,231.9002647211033,795.2258504257558,0.3023508501802066,0.12535970520810794,0.28067384308546967,0.2916156015262158,0.07236808264079714
1.3000000000000007,-0.048329233230616477,0.006028888632480612,0.4974363510898907,1.952966397381081,-0.36379710934969856,0.048703822055380604,0.3496072768729604,21.032102584838867,0.04236029482003525,1,4,1,1,1,1,245.67653587319418,94.30926009801817,225.21188652848625,230.31420016157006,795.5118826612687,0.30882824157361327,0.11855166736481713,0.28310310812086525,0.28951698294070427,0.076480118114466
1.3200000000000007,-0.04882535313855296,0.007782977712050325,0.49688722587168227,1.820520271068094,-0.38933044787565596,0.049441782443300684,0.32434578329343744,21.477771759033203,0.04352453872141287,1,4,1,1,1,1,250.87492370375122,88.8660166076551,227.40884120963392,228.5516677050158,795.7014492260561,0.31528775515963464,0.11168261248498564,0.2857966909961325,0.2872329413592472,0.08071847011573123
1.3400000000000007,-0.04931218364212673,0.00955023995881452,0.4963163527374522,1.6876620504552267,-0.41252176763950166,0.05022846343285616,0.3003005550829232,21.95165252685547,0.04483581747838503,1,4,1,1,1,1,255.9902690194009,83.52207640529322,229.49654765064653,226.65463845340463,795.6635315287454,0.32173181109300675,0.10497160306545453,0.2884341666504485,0.2848624191910901,0.08495772783869726
1.3600000000000008,-0.04979364251988657,0.011300600800736997,0.49572415258026087,1.5553578125969938,-0.4332014468385228,0.051059870875824524,0.276633821320548,22.44133758544922,0.04626763581281892,1,4,1,1,1,1,260.97421019852493,78.51349779565332,231.61080005289202,224.62044874430796,795.7189567913782,0.3279728451498325,0.09866988479481206,0.29107111006482633,0.2822861599905292,0.08903622936432441
1.3800000000000008,-0.05027240221545044,0.013005320535493536,0.49511055226670936,1.425925698889711,-0.4516509205419202,0.051927379933354584,0.2614495507484485,22.93886947631836,0.047800862659739124,1,4,1,1,1,1,265.7754998853903,73.70861359464695,233.688560229656,222.53022995695744,795.7029036666506,0.334013485008889,0.09263333494824874,0.293688208441623,0.2796649716012392,0.09302043193539514
1.4000000000000008,-0.05075014201434671,0.014636727232676365,0.49447563201658074,1.3027037995556279,-0.468497531230902,0.05281865862136343,0.25435040058327174,23.431425094604492,0.04939471804806473,1,4,1,1,1,1,270.43569254996646,69.2686204400824,235.73898660431666,220.4909945068679,795.9342941012334,0.3397713788112895,0.08702806368998124,0.29617895390537535,0.277021603593354,0.09680058796679387
1.4200000000000008,-0.051229500086103275,0.016169022268285073,0.49382100399935686,1.1879209187463076,-0.4844884997008937,0.053720563662198795,0.25379232562444937,23.90730857849121,0.05100955597946477,1,4,1,1,1,1,274.6234958006739,65.32196612567407,237.75705140501537,218.57100028676075,796.2735136181241,0.34488588544510784,0.08203458360540308,0.29858716551388226,0.2744923654356068,0.10022013392853896
1.4400000000000008,-0.051714524000478615,0.017573668216395825,0.49315281877108463,1.0823543232593498,-0.5008542606960685,0.054618914372001566,0.25258818163514657,24.309673309326172,0.05250308311274218,1,4,1,1,1,1,278.37773475684463,62.765574908180824,239.74083771122744,216.64529809202745,797.5294454682804,0.3490501025869851,0.07870000946651838,0.30060437150437785,0.27164551644211854,0.10269364680527013
1.4600000000000009,-0.05221081558543506,0.01882424919343103,0.4924781946597905,0.9890483697559022,-0.5195894015639952,0.055500645237624914,0.2604568340430436,24.685546875,0.0539342508619839,1,4,1,1,1,1,281.5707641296625,60.261000603239985,241.71220198824395,214.90125520939608,798.4452219305426,0.35264881847355656,0.07547293032518408,0.30272859721523976,0.2691496539860195,0.10505176366364163
1.4800000000000009,-0.05272250566003329,0.019903653155969987,0.491804041879591,0.9104985619807087,-0.5419494238608615,0.056354396563403956,0.2723232021286712,25.021825790405273,0.0552739645423811,1,4,1,1,1,1,284.1432821091046,58.58685267106553,243.62671552161154,213.57505077912924,799.9319010809108,0.355209339351456,0.07323980027787344,0.30455931960259375,0.26699154076807685,0.10674573188861824
1.5000000000000009,-0.0532540894829206,0.020799431039844926,0.4911397274551062,0.8465487072269899,-0.5692542457102698,0.05717179705270929,0.2889855565481766,25.316125869750977,0.056501758961920646,1,4,1,1,1,1,286.04325221465496,57.75373109747143,245.45590431258836,212.49478609536635,801.7476737200811,0.3567746581507674,0.07203479721929985,0.3061510651770046,0.2650394794529281,0.10776313039105284
1.520000000000001,-0.05381013660082791,0.02150358019216466,0.49049358997823717,0.7975333816447593,-0.6025035049167635,0.05794768987699696,0.30850094670088957,25.570158004760742,0.05761803053555267,1,4,1,1,1,1,287.2042597828615,56.87800414051807,247.15543157167446,211.71977614465817,802.9574716397124,0.35768302796456236,0.07083563719055755,0.30780637867029315,0.2636749561745868,0.10865551671898722
1.540000000000001,-0.0543948052711439,0.022011141625593887,0.4898716588228754,0.7638029323903314,-0.6416572216907884,0.05867951257592054,0.32475465486679145,25.79627799987793,0.058633103137090664,1,4,1,1,1,1,287.4404664946315,56.3066966518844,248.6710647857642,211.5172244040366,803.9354523363168,0.35754172260882483,0.07003882772957892,0.3093172021001204,0.26310224756147577,0.10913460150516692
1.560000000000001,-0.05501125172185746,0.022319589375432894,0.48927818645601123,0.7436399860232631,-0.686015456946032,0.05936667319206545,0.33983307648307953,25.94710922241211,0.05943848135954296,1,4,1,1,1,1,287.049636074638,56.180240539755964,249.97352896458472,211.34812184969837,804.551527428677,0.3567821653288512,0.06982802048652664,0.3106992161999776,0.2626905979846446,0.10921288747055113
1.580000000000001,-0.05566203538636269,0.022433603949460437,0.4887160736837142,0.7375927066828651,-0.7353871826634728,0.06001273839372721,0.3522212852185833,26.063404083251953,0.06013707937490761,1,4,1,1,1,1,285.94489978193263,56.42201163140282,251.04257620906313,211.33731631709122,804.7468039394898,0.3553228150545513,0.07011150756386884,0.31195225004949434,0.2626134273320854,0.10891504133637386
1.600000000000001,-0.056349364830496976,0.02236093664736866,0.48818444246702025,0.7464296890517639,-0.7889794421059753,0.06062394250251368,0.3583499727132718,26.137985229492188,0.06070755015872559,1,4,1,1,1,1,283.97531080276747,57.17393379940726,251.85087397455735,211.6004679700779,804.6005865468101,0.3529394777370652,0.0710587771813425,0.31301353514475116,0.26298820993684097,0.10811555913629917
1.620000000000001,-0.05707425422673015,0.022111961183635714,0.4876825081294471,0.7700158764438217,-0.8460735548785907,0.061207918792620594,0.3578713951411556,26.171445846557617,0.06115426540000224,1,4,1,1,1,1,281.75511421030717,58.37727628866328,252.40414372126202,212.1167452437661,804.6532794639985,0.3501571688093932,0.07254960338638025,0.31368062513756895,0.2636126026666577,0.10695866805864322
1.640000000000001,-0.05783706868481148,0.021699575559792673,0.48720934663517423,0.8073989703505137,-0.9062142645984471,0.06177376541483247,0.35180294565808806,26.166324615478516,0.06147830053855627,1,4,1,1,1,1,279.0114145974587,59.99925549462887,252.72126058562796,212.8759955399405,804.6079262176561,0.3467669227533595,0.07456955560539476,0.31409243229013856,0.2645710893511071,0.10542750433519149
1.660000000000001,-0.05863731676499767,0.021141785712876587,0.4867598460040966,0.8573587112569522,-0.9684113639653663,0.06233225505729654,0.34214004351773547,26.152620315551758,0.06172731867431506,1,4,1,1,1,1,275.8565113265115,61.463233224100776,252.81236265417442,213.848450627967,803.9805578327537,0.34311341069008283,0.07644865615878056,0.3144508411194256,0.265987092031711,0.10392265661546699
1.680000000000001,-0.059473149185561146,0.02045210145307188,0.4863329757741505,0.9155806153308307,-1.0322843713307837,0.06289152508800178,0.3258465180068023,26.104127883911133,0.06187535463739538,1,4,1,1,1,1,272.3842226932038,63.27807713496628,252.71416215097867,214.98344334201005,803.3599053211587,0.33905628210846905,0.07876678524262377,0.3145715394521105,0.2676053931967967,0.102141163097889
1.700000000000001,-0.06034281539714393,0.01964583566941574,0.4859257686172516,0.980084003892044,-1.0976930626556103,0.06346033587370523,0.3063006399020985,26.040565490722656,0.061974456018913084,1,4,1,1,1,1,268.6174188334269,65.38136953990276,252.46867585219755,216.2611838696971,802.7286480952243,0.3346304127438615,0.08144890517492387,0.3145131003500055,0.26940758173120904,0.10013787079990218
1.720000000000001,-0.061243872006135666,0.018740503186933984,0.4855341703409073,1.0503248841419917,-1.1643535794401898,0.06404700085096421,0.282495547059777,25.963687896728516,0.06202338706745613,1,4,1,1,1,1,264.6398289114986,67.74904660653863,251.91523995431265,217.68214292474804,801.9862583970979,0.32998050295827397,0.08447656789275454,0.31411416008275117,0.2714287690662204,0.09793455097261439
1.740000000000001,-0.062173924144754124,0.017755099669448316,0.48515462806213355,1.125748177317765,-1.2321167455169293,0.06465941855468299,0.2576800101850685,25.879867553710938,0.06204470370466362,1,4,1,1,1,1,260.5277226267815,70.30720385314615,251.3999366799531,219.24447165581088,801.4793348156916,0.32505856521764537,0.08772179243936964,0.31366989235943943,0.27354974998354564,0.09562485395932986
1.7600000000000011,-0.06313114980632474,0.016709377821161272,0.4847852313581144,1.2059661336254428,-1.3005998603104698,0.06530501805404339,0.2331008584098095,25.794370651245117,0.06206868118175426,1,4,1,1,1,1,256.3447054401978,73.02138302915326,250.91771646079707,220.9155655501654,801.1993704803135,0.3199512067595871,0.09114009036898948,0.3131776255769817,0.27573107729444174,0.0932511969459014
1.7800000000000011,-0.06411341122651767,0.015623437978044238,0.48442469672946437,1.2900743938760342,-1.3694825573074334,0.06598955457763264,0.20935234689113294,25.712339401245117,0.06211171026664435,1,4,1,1,1,1,252.14334181283252,75.83300589206497,250.357287074277,222.655899225496,800.9895340046704,0.31478980824156727,0.0946741532475789,0.31255999790980693,0.277976040601047,0.090857374642241
1.8000000000000012,-0.0651175390633016,0.014517289901263051,0.48407177066653406,1.3767751368109165,-1.4386175313939826,0.066716156961698,0.18913535910720997,25.639530181884766,0.062195421452983936,1,4,1,1,1,1,247.9903379743875,78.60496115424566,249.73248230800687,224.53103019617325,800.8588116328132,0.309655502783041,0.09815083509412062,0.31183084793541244,0.28036281418742603,0.08854645974953293
1.8200000000000012,-0.06614015700193353,0.013411060676367246,0.4837261663367307,1.4642387389861107,-1.5078486175326211,0.06748612388265916,0.16928696420904057,25.581218719482422,0.06233384139121095,1,4,1,1,1,1,243.94559602432176,81.39795807369083,249.06182825917068,226.54827572540327,800.9536580825866,0.304568926757019,0.1016263016621342,0.3109566024773556,0.28284816910349114,0.08629488936910287
1.8400000000000012,-0.06717936274855196,0.012324693929358067,0.48338828614427326,1.5501865974167977,-1.5769873825974379,0.06830054801942578,0.1520571648954539,25.53583526611328,0.06250647767853079,1,4,1,1,1,1,240.06037988087007,84.14218742331528,248.3593983404763,228.33678104510471,800.8987466897663,0.29973873835247633,0.10505970669961398,0.310100870262293,0.2851006846856168,0.08415135677245807
1.8600000000000012,-0.06823271722558276,0.011277247261527797,0.48305793954786064,1.6329699948101306,-1.646041630443528,0.0691583690220061,0.142085992684782,25.507946014404297,0.06272777718245244,1,4,1,1,1,1,236.3426229494977,86.7065084722937,247.6457661665836,230.09331693616735,800.7882145245424,0.2951374891172981,0.10827645424798688,0.30925251105702156,0.28733354557769347,0.08220038022463969
1.8800000000000012,-0.06929718987282506,0.010286493924395167,0.4827341700974249,1.7114643404804837,-1.7151456922781503,0.07005649492750109,0.1416030690429929,25.499589920043945,0.06300242679788438,1,4,1,1,1,1,232.83282501713214,89.02815400024252,246.9467005669577,231.76674064709323,800.5744202314256,0.2908322063922878,0.11120534425082775,0.308461892269268,0.2895005570876164,0.08048184950864569
1.9000000000000012,-0.07036956456958655,0.009368589616485356,0.4824153389650828,1.784779580699131,-1.784502360458879,0.07099046477601995,0.1500170630397709,25.511911392211914,0.06333403204223542,1,4,1,1,1,1,229.5553381186982,91.06642358781298,246.28707210716954,233.33408602344892,800.2429198371296,0.28685706855790577,0.1137984746011216,0.3077653872367848,0.29157906960418783,0.07901733672971566
1.9200000000000013,-0.07144681789422484,0.00853795443716405,0.4820991058526742,1.8520364163735694,-1.854320502211538,0.07195515584849786,0.16402386748511058,25.54886817932129,0.06374532644857242,1,4,1,1,1,1,226.46709181254062,92.7761689471406,245.6892919596044,234.78548650637032,799.718039225656,0.2831836731253708,0.11601109940820281,0.30721989489882995,0.2935853325675964,0.07782669726891776
1.9400000000000013,-0.07252574710723331,0.007806902839855115,0.48178245265502384,1.9122748859358538,-1.9247899409785227,0.07294471691228432,0.18048428994625162,25.61085319519043,0.06423676266789037,1,4,1,1,1,1,223.74293405274068,94.12325226207403,245.17517916855655,236.11654277093385,799.1579082543051,0.2799733716475243,0.11777804022196134,0.3067919076270191,0.29545668050349533,0.07692964355464446
1.9600000000000013,-0.07360307845737742,0.00718530783377644,0.4814612606701869,1.9646352534009421,-1.9959821393291326,0.0739529702383142,0.19812857587397745,25.697092056274414,0.06480446839848379,1,4,1,1,1,1,221.39588741699964,94.87167193977125,244.76221166578782,237.32378420553172,798.3535552280905,0.27731559027597313,0.11883415727091777,0.30658373105867737,0.29726652139443166,0.0764631650473059
1.9800000000000013,-0.07467624871958078,0.006679968639636783,0.48113071527767504,2.0086254650065443,-2.0674677404676483,0.07497442299781454,0.2158893067362775,25.805692672729492,0.06544976531553338,1,4,1,1,1,1,219.41248947175814,95.27964256828668,244.62647062606356,238.40138830405093,797.7199909701593,0.27504950603646816,0.11943995844006729,0.30665706437738555,0.298853471146079,0.07627267989209242
2.0000000000000013,-0.07574356607930521,0.006295878690272719,0.4807879420326757,2.0427149029781475,-2.138923519435043,0.07600477544794607,0.2320643164811163,25.93683624267578,0.06617909268256461,1,4,1,1,1,1,217.79590981109465,95.50037108307126,244.5676303760523,239.3180097568524,797.1819210270705,0.27320728690195517,0.119797462240527,0.3067902368645755,0.3002050139929424,0.07621835972638545
2.0200000000000014,-0.07680271505686327,0.006036454883998696,0.4804289062297178,2.0666491290841065,-2.2103572387901695,0.07703957312753157,0.2461196572818492,26.08970069885254,0.06697495169738756,1,4,1,1,1,1,216.56857229430824,95.32392736734131,244.45653381769813,240.09399003999926,796.443023519347,0.27191973047529294,0.11968706430011905,0.30693536963571616,0.3014578355888718,0.07640595682582246
2.0400000000000014,-0.07785188430259292,0.005902933908848894,0.48004944722762705,2.0803053430320015,-2.281791272142744,0.07807535154065304,0.25799727006248624,26.264318466186523,0.06783927510794878,1,4,1,1,1,1,215.739405769244,94.75485420983004,244.4830794720788,240.7482954036803,795.7256348548331,0.2711228548123903,0.11907980597749185,0.3072454483845813,0.30255189082553663,0.07685215479803963
2.0600000000000014,-0.0788899790164551,0.0058943970186273635,0.4796458192694047,2.083756596175312,-2.3531058284667004,0.07910987742014222,0.2675475502485678,26.45919418334961,0.06877338233087117,1,4,1,1,1,1,215.31596429455726,93.83233398945453,244.65767426416755,241.28826690941418,795.0942394575936,0.27080558958827816,0.11801410365325515,0.30770902633010006,0.3034712804283665,0.07752847693458632
2.0800000000000014,-0.07991648278980916,0.0060075188360991915,0.4792158224590223,2.0773853889939544,-2.4242094758428263,0.08014196468804562,0.2751816680388964,26.673418045043945,0.06977751912738246,1,4,1,1,1,1,215.59953997640562,92.59245064511941,244.98040891831664,241.7176284664187,794.8900280062604,0.2712319092958952,0.11648460464066883,0.3081940901092638,0.3040893959541721,0.07840498971468582
2.1000000000000014,-0.08093154538379313,0.00623684060472076,0.4787582625929772,2.0619110801991862,-2.495184741872735,0.08117150496903246,0.2804120523427908,26.906660079956055,0.07085558709151114,1,4,1,1,1,1,216.01363780789632,91.04646301927949,245.44916623949143,242.0526438262439,794.5619108929111,0.2718650804254447,0.11458699664694912,0.3089113168836159,0.3046366060439903,0.07948343411691605
2.1200000000000014,-0.08193598049191905,0.006575071326989691,0.47827140156561593,2.0368645788003192,-2.565691532269825,0.08219937020517336,0.28308629433220034,27.15826416015625,0.07201248949808205,1,4,1,1,1,1,216.72321616342356,89.22618167917719,246.05156930094927,242.27351599157936,794.2744831351295,0.2728568281684967,0.11233670925318796,0.3097815358863652,0.30502492669195,0.08073907171183098
2.1400000000000015,-0.08293145345159134,0.007013487340613921,0.47775467914404707,2.0026597217530804,-2.635433784525852,0.08322748930654109,0.2827694905254978,27.4307861328125,0.07327162231578983,1,4,1,1,1,1,217.9227190763036,87.14808640488032,246.77150719134198,242.36798702197353,794.2102996944993,0.27438918780092586,0.10972923221771698,0.3107130533137949,0.3051685266675624,0.08215893431814529
2.1600000000000015,-0.0839191695308854,0.0075420871095029885,0.4772073327651488,1.9610056310922992,-2.7042039241970164,0.084257403785785,0.2812161206481525,27.720048904418945,0.07461695323528629,1,4,1,1,1,1,219.2147841567255,84.88091786060932,247.59579747450437,242.36509978008664,794.0565992719258,0.27606946955383854,0.1068952993255607,0.31181127101207406,0.30522396010852665,0.08370915659612094
2.1800000000000015,-0.08490029504305296,0.008149598937672045,0.4766287564508906,1.9130461122575995,-2.771854425571753,0.08529053910746695,0.27830890327379215,28.02509307861328,0.07604834204698782,1,4,1,1,1,1,220.72653215830348,82.46602451316542,248.52032616641904,242.27522553305457,793.9881083709425,0.2779972770765762,0.1038630473727929,0.3130025796939431,0.30513709585668786,0.08536580233687022
2.2000000000000015,-0.08587627651535934,0.008823668259465439,0.4760189892915994,1.8598165609718857,-2.8383285020206603,0.08632839619554829,0.274308389378175,28.34459114074707,0.07756551948019168,1,4,1,1,1,1,222.42928399675526,79.950910196675,249.5386089284521,242.1092704849843,794.0280736068667,0.2801277327467427,0.1006902814323662,0.3142692522128655,0.3049127336080256,0.08710197677365318
2.2200000000000015,-0.08684878036481558,0.009551133678593041,0.47537872148030463,1.8023041242410778,-2.90366462224934,0.0873723915513495,0.2696928755095771,28.677135467529297,0.07916702849644228,1,4,1,1,1,1,224.28020238107626,77.37742424445184,250.64338337003875,241.8801480158154,794.1811580113822,0.28240433573452,0.09743044576656007,0.3155997606360318,0.30456545786288824,0.08889351444379584
2.2400000000000015,-0.0878195418453116,0.010318233141702606,0.4747093165993615,1.7415254031400929,-2.967990117502685,0.08842362730111769,0.26489312587360325,29.01932716369629,0.08083645004262077,1,4,1,1,1,1,226.30330192074763,74.78712757322222,251.82600298966838,241.6022528977631,794.5186853814014,0.2848306856522988,0.09412884674615468,0.316954160579347,0.3040863070221994,0.0907154635465718
2.2600000000000016,-0.08879061598242304,0.01111095994541374,0.4740128692086499,1.6785866485969325,-3.031493000377988,0.08948310967689213,0.2599525266950914,29.367874145507812,0.08256099584953379,1,4,1,1,1,1,228.3537952904681,72.22327621499375,253.07466082268184,241.2919212102382,794.9436535383819,0.2872578380543579,0.09085332764595323,0.31835547047418844,0.3035333638255004,0.09253931759537688
2.2800000000000016,-0.08976445609971562,0.01191540647089975,0.4732921722299219,1.6146615987529276,-3.094403235508392,0.0905518331688792,0.2551040862816323,29.72017478942871,0.08433514825812886,1,4,1,1,1,1,230.39556312393907,69.73182658194219,254.37395952470501,240.96420902871694,795.4655582593032,0.2896361265824101,0.0876616540564428,0.3197799790117186,0.3029222403494285,0.09433288144733185
2.3000000000000016,-0.09074420079617725,0.012718211270141628,0.47255082285429023,1.5508252906323234,-3.156993075082877,0.0916311239484101,0.2495872495249099,30.07505226135254,0.08616192103133337,1,4,1,1,1,1,232.316525690439,67.39268069164032,255.70665300830797,240.6307454176668,796.0466048080541,0.29183784502975935,0.08465921503162532,0.3212207067574454,0.30228223318116987,0.09603879610362252
2.3200000000000016,-0.09173281001023256,0.013506587094221935,0.4717926528070931,1.4881018047174002,-3.219600372335526,0.09272182228206706,0.2459067944792178,30.430727005004883,0.08803800717236115,1,4,1,1,1,1,234.15983590551104,65.17090360481626,257.05689108441493,240.2994243592626,796.6870549540048,0.29391695829553777,0.08180238802622289,0.3226572962193488,0.3016233574588906,0.09767700551927241
2.3400000000000016,-0.09273265514639792,0.014268363660959672,0.4710213094538914,1.427660932949446,-3.2826345468007387,0.09382393901378344,0.24550124826991834,30.784549713134766,0.08995593485243465,1,4,1,1,1,1,235.84813341755716,63.07238967910598,258.412727575528,239.98871432157208,797.3219649937631,0.29580037145897775,0.07910529553716654,0.32410085125091137,0.3009934817529445,0.09923954022542768
2.3600000000000017,-0.09374569570926936,0.014992456758843736,0.47024020069004135,1.3708800202417466,-3.3465377726366303,0.09493697500805849,0.2482751381722526,31.134437561035156,0.0919104537578394,1,4,1,1,1,1,237.31722163021138,61.1270360174733,259.76258991083944,239.7181829042271,797.9250304627512,0.2974179435035154,0.07660749278916978,0.3255476141163185,0.30042694959099625,0.10070221219849322
2.3800000000000017,-0.09477308682174695,0.015669193724813558,0.46945187404999367,1.3193444802900762,-3.4117208269500297,0.09605967737666062,0.2515261337214331,31.476303100585938,0.09387666466505112,1,4,1,1,1,1,238.33834224078828,59.390194694092074,261.0972169195193,239.515071984992,798.3408258393916,0.29854209446221736,0.07439203003510189,0.32704981189581084,0.30001606360686994,0.10202055452441641
2.4000000000000017,-0.09581648146901553,0.016289745504684847,0.4686592198606411,1.2728734876097527,-3.478520331211247,0.09719132641192627,0.2567721842089168,31.811063766479492,0.09586062790556073,1,4,1,1,1,1,239.25245121877563,57.85762576843659,262.40964738363914,239.37180191075913,798.8915262816105,0.29948052188306573,0.07242238009173937,0.3284671807761037,0.2996299172490912,0.10320169606552575
2.4200000000000017,-0.09687776744404454,0.016846707599051342,0.4678652558597558,1.2317216954447312,-3.5472389182238158,0.09833164994990327,0.2628075376009649,32.13841247558594,0.09786279640648694,1,4,1,1,1,1,239.8801292051415,56.52670598383317,263.68399384698904,239.28961149023522,799.3804405261989,0.3000825602478319,0.07071314622937733,0.3298604525192246,0.29934384100356626,0.1042407613382439
2.4400000000000017,-0.0979585300952328,0.0173342693939042,0.4670724049743543,1.1963243964348993,-3.618111669574454,0.09948040266222827,0.26885289802485035,32.45658493041992,0.0998749320809846,1,4,1,1,1,1,240.18058486259838,55.41028498126799,264.90807546874885,239.26158142303498,799.7605267356502,0.3003156280329734,0.0692835956876165,0.33123424651878397,0.29916652976062624,0.10512662801132559
2.4600000000000017,-0.09906027910691294,0.01774850325850928,0.4662832707526376,1.1669606781391872,-3.6914920108071883,0.10063770796603431,0.27386224338620074,32.76590347290039,0.10189422586978679,1,4,1,1,1,1,240.13925475120686,54.80262053379381,266.0762704339062,239.21735740358253,800.2355031224895,0.3000857295311097,0.06848311568276588,0.33249745780546647,0.2989336969806578,0.10566136573916124
2.4800000000000018,-0.10018388274734707,0.01808646587599198,0.4655002824561414,1.1441181739711261,-3.7680651391284528,0.10180339193866582,0.27752379041157477,33.05073547363281,0.10387848918622522,1,4,1,1,1,1,239.722584023004,54.221242930226275,267.1830405786544,239.29358912588992,800.4204566577746,0.29949582376240924,0.06774095099547031,0.3338033634151487,0.29895986182697176,0.10616999258708022
2.5000000000000018,-0.10132984015877977,0.01834823358279233,0.46472228523546627,1.130206834991719,-3.84783693087473,0.10297763923402287,0.2808323060801203,33.35711669921875,0.10596290774827351,1,4,1,1,1,1,238.94937453249528,53.72376334255755,268.21835797448466,239.4953676392784,800.3868634888158,0.29854234924713285,0.0671222452457308,0.33511089475574907,0.2992245107513874,0.10661560593931699
2.520000000000002,-0.10249823754875602,0.01853385010368169,0.46394915244603335,1.1237388013463363,-3.9306841094755596,0.10416041618708598,0.28219400706193076,33.637855529785156,0.10799202389057999,1,4,1,1,1,1,237.9030537138997,53.39665278698836,269.17547078427873,239.81078757756393,800.2859648627308,0.29727255526055124,0.06672196581149244,0.33634910844706506,0.29965637048089117,0.1069432746316992
2.540000000000002,-0.10368903327867852,0.018645159369130936,0.46317917399105557,1.1233725834495092,-4.016432090143651,0.10535206495445257,0.2827844325076686,33.91157150268555,0.11002921261426528,1,4,1,1,1,1,236.2655242286528,53.26358964218305,270.0574767318293,240.22267565034178,799.809266253007,0.29540233427842527,0.06659536453199075,0.33765234803668914,0.30034995315289476,0.10714089341601414
2.560000000000002,-0.10490188095837003,0.01868581124904106,0.4624102297120523,1.128236186507958,-4.104579199875171,0.10655310493194849,0.28128057120751226,34.176753997802734,0.11207107866367512,1,4,1,1,1,1,234.6714541684618,53.345562974623405,270.8589305249145,240.73081556846265,799.6067632364624,0.29348357837621736,0.06671474708230786,0.338740169516069,0.30106150502540574,0.10719888118201515
2.580000000000002,-0.10613626424038133,0.01866059900791375,0.4616415509762806,1.1382268548846153,-4.195004849995689,0.10776420807595721,0.2780141693765304,34.43412399291992,0.11411153719746696,1,4,1,1,1,1,232.95748359719877,53.61787165847256,271.58534587380245,241.353246183507,799.5139473129809,0.29137388332014214,0.06706308481380763,0.33968806521330963,0.30187496665274044,0.10713621512560387
2.600000000000002,-0.10739162829068319,0.018575672794852196,0.46087279644204626,1.1531189556359203,-4.287592136785975,0.10898631770413054,0.2733234543118874,34.683536529541016,0.11614370008949858,1,4,1,1,1,1,231.0946121320649,54.06685216391235,272.240525132819,242.1005212774852,799.5025107062814,0.28904801302989735,0.06762561898167103,0.3405124080127296,0.30281395997570204,0.10696608404767788
2.620000000000002,-0.10866740057268372,0.018438363821208534,0.46010404532022653,1.1724429272194388,-4.382201003480488,0.11022058431902525,0.26745549878746355,34.9273681640625,0.11817548064001904,1,4,1,1,1,1,229.10672597433575,54.657693079000225,272.8279635764367,242.95971673082357,799.5520993605962,0.286543836427361,0.0683603896765578,0.34122599864926606,0.30386977524681513,0.10671519987094144
2.640000000000002,-0.10996295512169578,0.018257003459632035,0.45933569271832714,1.1955494269942117,-4.478662133804567,0.11146824513923728,0.2606665706055537,35.16712951660156,0.12021056641973128,1,4,1,1,1,1,227.0229574079836,55.35887847556328,273.3514602044917,243.91591731100385,799.6492133990423,0.28390318355092814,0.06922895383120699,0.3418392160264445,0.3050286465914205,0.10640746042205314
2.660000000000002,-0.11127758628751003,0.018040715375991893,0.45856834134138985,1.2216977350440748,-4.576786392953698,0.11273051326615963,0.2532706950564701,35.40412139892578,0.12225164634562476,1,4,1,1,1,1,224.87294988180454,56.137529762927585,273.8157932523363,244.93965663551614,799.7659295325846,0.28117345535490534,0.07019244967804095,0.3423699149229391,0.3062641800441146,0.10606648694386893
2.680000000000002,-0.11261045681469103,0.01779899833845821,0.4578024330150074,1.250205366086649,-4.676419257560062,0.11400841778511721,0.24688051172923645,35.63955307006836,0.12430672147817694,1,4,1,1,1,1,222.68545572885884,56.941090250899016,274.2281810077127,245.93108700225315,799.7858139897237,0.2784313647900237,0.07119542414343279,0.3428770255872983,0.3074961854792452,0.10572531872460558
2.700000000000002,-0.11395996860677714,0.017541183765301557,0.4570377646030544,1.2806877409297812,-4.777542331413747,0.11530207098203271,0.24233771071788487,35.87693405151367,0.12639707591536292,1,4,1,1,1,1,220.47658486551393,57.71839968961186,274.60071056475545,246.936333946783,799.7320290666642,0.27568807657087774,0.07217217466827323,0.3433659033079257,0.3087738454529234,0.10542078726459912
2.720000000000002,-0.11532433016004315,0.017276396786733473,0.4562738885818954,1.312646429261578,-4.880223410537646,0.11661121306630547,0.23893508004478045,36.11814498901367,0.12852424519126648,1,4,1,1,1,1,218.27227093611927,58.4807655407278,274.94670195608205,247.94482616649907,799.6445645994281,0.2729616139458911,0.07313344969714514,0.34383614186612166,0.3100687944908422,0.10514572497602359
2.740000000000002,-0.11670194328333679,0.01701348315570226,0.4555102364936927,1.3452924053884618,-4.9845560260689386,0.11793558485544778,0.23637179527847232,36.36504364013672,0.1306893924758765,1,4,1,1,1,1,216.09697329664914,59.20412677113668,275.2777128537407,248.94071285706747,799.519525778594,0.2702835469667961,0.07404963213810455,0.34430392751905303,0.3113628933760463,0.10491495324462737
2.760000000000002,-0.11809122259954623,0.01676079203194659,0.45474586833923164,1.377741836150606,-5.090617854135834,0.11927472911138279,0.23551098489021818,36.61958694458008,0.13290023894734823,1,4,1,1,1,1,213.97356112681894,59.825583000851054,275.6036112505137,249.9154386874173,799.3181940656009,0.2676950965403121,0.07484576661086374,0.3447983710325686,0.31266076581625574,0.10476786797345737
2.780000000000002,-0.11949047293926952,0.016525959523518357,0.45397932319655054,1.409200813222702,-5.198442893714415,0.12062785939169803,0.23681709718445818,36.88303756713867,0.13516389878511156,1,4,1,1,1,1,211.9282384989772,60.305843516081424,275.9335752339046,250.86749653667113,799.0351537856343,0.26523018104386614,0.07547332959052802,0.3453334611457311,0.3139630282198748,0.10472733035355017
2.800000000000002,-0.12089800082973791,0.01631580201970207,0.45320872369452764,1.438944065295082,-5.308003920327151,0.12199398345891252,0.2402897746550105,37.156192779541016,0.1374862935275555,1,4,1,1,1,1,209.98825182571187,60.62686249936808,276.2756376756922,251.7963996285968,798.6871516293689,0.2629167771101907,0.07590814798470928,0.34591220994612676,0.3152628649589733,0.10480125193483056
2.820000000000002,-0.12231219467725826,0.016136243785111002,0.45243192247007946,1.4662996456457758,-5.419213965999968,0.12337200383498705,0.24566459904684404,37.439395904541016,0.1398721607130812,1,4,1,1,1,1,208.18009369667743,60.78221827149091,276.6368593236869,252.70078718054575,798.299958472401,0.2607792866418828,0.07613957338517421,0.3465324736494407,0.3165486663235022,0.10498914756001437
2.840000000000002,-0.12373153373467409,0.0159921401574644,0.4516463015524382,1.4907243185207957,-5.531912331018997,0.12476073495756097,0.25280854474214975,37.73239517211914,0.14232582198017793,1,4,1,1,1,1,206.52213435275166,60.63099062641563,277.0224562420735,253.5784632245991,797.7540444458398,0.25887945763560793,0.07600210998432853,0.34725296370575875,0.3178654686743049,0.10537785735834751
2.860000000000002,-0.12515459786297858,0.015886889666522876,0.45084812581111433,1.5123107638567288,-5.645610130321508,0.12615889437340577,0.2608552072845509,38.035247802734375,0.14486518634947285,1,4,1,1,1,1,205.0072572383416,60.25974806991266,277.4352601536822,254.42684175099512,797.1291072129316,0.2571819989802222,0.0755959699936235,0.34804306810938324,0.31917896291677106,0.10590859137288879
2.880000000000002,-0.12658028443805266,0.015823269366820398,0.450035345519097,1.530303520011426,-5.760114030728907,0.12756545089432825,0.26875668769041455,38.34865188598633,0.14748757433893764,1,4,1,1,1,1,203.70971304316203,59.98277961988464,277.8860425432872,255.24007915507957,796.8186143614134,0.25565380799546095,0.07527783430104235,0.348744416275956,0.3203239414275407,0.10636695588265066
2.900000000000002,-0.12800776430037245,0.01580280558128452,0.44920645016645777,1.5430931883140737,-5.875422151423069,0.1289795192479007,0.2761517044345636,38.6732177734375,0.15019032351407244,1,4,1,1,1,1,202.6043873272641,59.54886680938215,278.385818420947,256.0083998717899,796.5474724293831,0.2543531858927915,0.07475871667480732,0.3494905552482648,0.3213975421841364,0.10691636593901471
2.920000000000002,-0.12943650572163504,0.015826753233488425,0.4483599867050984,1.5502384740686208,-5.991517519103404,0.13040051814061399,0.28223413956631244,39.010093688964844,0.15298194337256651,1,4,1,1,1,1,201.67787261185595,58.96117926634598,278.93863817375853,256.72769456257276,796.3053846145332,0.2532669959396067,0.07404342656164163,0.35029103603108763,0.32239854146766406,0.10755374204725723
2.940000000000002,-0.13086620420816036,0.01589556653006499,0.4474947203734004,1.552506927069862,-6.108367034566762,0.13182804117168567,0.2878255840109784,39.357017517089844,0.1558532487726548,1,4,1,1,1,1,200.93167409661993,58.216583489700575,279.5442141716403,257.41753143548,796.1100031934408,0.25239184696916445,0.07312630573184113,0.3511376732490522,0.32334417404994226,0.10827998600074981
2.960000000000002,-0.13229644883688482,0.016008453595852845,0.44660950137736,1.5506009525915114,-6.22593638235247,0.13326147590876014,0.29492578990888163,39.713321685791016,0.1588073748528173,1,4,1,1,1,1,200.3664504584401,57.28094942310293,280.20367203470505,258.0826559671835,795.9337278834316,0.25173760507832726,0.0719669834515318,0.35204397328384385,0.32425143818629704,0.109115790343381
2.980000000000002,-0.1337270100575414,0.016163303063281436,0.4457039485699601,1.545134312847531,-6.3442497613211675,0.13470028056706215,0.3024794721458703,40.07920455932617,0.1618515791561652,1,4,1,1,1,1,200.15955204125845,56.21410098762745,280.9181360099153,258.7261653344326,796.0179543732338,0.25145105200404616,0.07061913701668844,0.35290427114939105,0.32502553982987437,0.1099974092923414
3.000000000000002,-0.13515817746355172,0.0163566765034593,0.4447791278683858,1.5368040995868555,-6.463639347585784,0.1361443124096918,0.3099229302900214,40.455413818359375,0.16498996997411278,1,4,1,1,1,1,200.07063341863523,55.027464753445095,281.6896297734838,259.3555369781866,796.1432649237506,0.2512997876554249,0.069117540997744,0.35381776394285286,0.3257649074039783,0.11094886516620994
3.0200000000000022,-0.13659055656351177,0.016584853792926377,0.44383498816457434,1.5254952996344269,-6.584087230393466,0.13759374083752013,0.31684518038864584,40.84083557128906,0.1682225095428251,1,4,1,1,1,1,199.90277548709872,53.73217933001632,282.5133502478402,259.9620244769832,796.1103295419384,0.2510993364476475,0.0674933829346649,0.35486708282053214,0.32654019779715543,0.11198814753286843
3.0400000000000023,-0.13802491690744093,0.0168435673908979,0.44287147924414455,1.5110895469289323,-6.705465559020086,0.13904885274520495,0.32286110878648666,41.234981536865234,0.171552275921059,1,4,1,1,1,1,199.83791694804026,52.35029721893527,283.3830392191534,260.5354676433026,796.1067210294315,0.2510190049515389,0.06575788878059216,0.355961118947364,0.327261987320505,0.11307449682727667
3.0600000000000023,-0.1394621304500579,0.017128053018429897,0.4418886727106752,1.493786496285302,-6.82767143107944,0.14050998551658567,0.32780818481762986,41.6369514465332,0.17497714873785686,1,4,1,1,1,1,199.8570114020957,50.90004975473278,284.29343199759023,261.07694777627285,796.1274409306916,0.2510364561337795,0.06393455009568497,0.3570953811932981,0.32793361257723735,0.11419773917605502
3.0800000000000023,-0.14090315301107992,0.017433135362821692,0.4408867651241576,1.4740574566973985,-6.9506347529755095,0.14197750785614693,0.33167140750108337,42.04575729370117,0.17849404809311106,1,4,1,1,1,1,199.9405595409088,49.40082804375456,285.2394486061715,261.59181582355666,796.1726520143915,0.2511271381088517,0.06204788360761429,0.3582633086987966,0.3285616695847375,0.11534746251548592
3.1000000000000023,-0.14234906678581316,0.01775337546059254,0.43986609365099905,1.4525343956722379,-7.074321857144787,0.1434518705177338,0.33410724144928317,42.46058654785156,0.18210646019102442,1,4,1,1,1,1,200.03847406088335,47.89723029236605,286.2159614340752,262.0872226260776,796.2388884134023,0.25122921898412054,0.060154346879247256,0.3594599128464995,0.3291565212901327,0.11650119137939596
3.1200000000000023,-0.14380098082270254,0.018083463057408215,0.43882674982993986,1.4299306576213913,-7.198672175485982,0.1449335493311328,0.33116831412608405,42.87858200073242,0.18582083983990982,1,4,1,1,1,1,200.15812268406273,46.64064811342831,287.2177241606979,262.5707135867158,796.5872085449048,0.2512695666425323,0.05855058631762992,0.3605603015962904,0.3296195454435474,0.1174918530202019
3.1400000000000023,-0.14526010715489482,0.018417930208970118,0.4377694830540774,1.4061140211145675,-7.3236871375757255,0.14642308180008376,0.32673257069992157,43.30223846435547,0.18965519990764798,1,4,1,1,1,1,200.29878473838076,45.36501583241891,288.24305994195254,263.0412083135438,796.9480688262961,0.251332291994095,0.056923427770181015,0.36168361680888694,0.33006066342683693,0.11849396381022284
3.1600000000000024,-0.14672482265843229,0.01874734606971269,0.43668086053138017,1.3836513121608938,-7.447191809172722,0.14791766821041352,0.32353974997588403,43.876319885253906,0.1942685388930723,1,4,1,1,1,1,200.4951531989384,42.64168941513573,289.26396454560916,263.50022442460397,795.9010315842872,0.2519096536410327,0.053576622875151914,0.36344212793619884,0.3310715955476166,0.12044449951480582
3.1800000000000024,-0.14819823843020588,0.019060079326241187,0.4355758921684944,1.3527159301303646,-7.570707407424845,0.1494188893605449,0.3135754273259027,44.12983322143555,0.19720306328926585,1,4,1,1,1,1,200.85796616994753,42.41138087185027,290.3531576680692,263.85504395164486,797.4775486615117,0.251866609294604,0.05318191207142275,0.3640894444682469,0.33086203416572646,0.1207227338518021
3.2000000000000024,-0.14968064908803044,0.01935257164361349,0.4344404974944778,1.320788276953348,-7.692878845466218,0.15092653424973126,0.30379289717253766,44.594356536865234,0.20124795180251598,1,4,1,1,1,1,201.03085717697996,39.55425087797437,291.42921058753194,264.21952093474647,796.2338395772327,0.2524771583228854,0.0496766765137438,0.3660095767121237,0.3318365884512471,0.12277114822322954
3.2200000000000024,-0.15117308709226138,0.019613467952645094,0.433272906048401,1.2839392607263378,-7.813666791026083,0.15244012065769916,0.28944640568069085,45.01945877075195,0.2051963019727054,1,4,1,1,1,1,201.3330736294714,27.849756281693452,292.52700339840413,264.51855650833085,786.2283898178998,0.256074540473033,0.03542196725832274,0.3720636486634081,0.33643984360523616,0.13081667808881295
3.2400000000000024,-0.15267819003741895,0.01982464935648316,0.43207844060175665,1.2462931543113758,-7.931516441366932,0.15395988579889802,0.2916806907521753,45.8740119934082,0.21128490575154033,1,4,1,1,1,1,201.51270972038702,42.97140383706454,293.6439497037814,264.7984448573835,802.9265081186164,0.25097279474875367,0.05351847697462789,0.36571709457175045,0.3297916337048681,0.1207922659004006
3.2600000000000025,-0.1541987038107301,0.01997880716436484,0.4308525254729038,1.2056144747038657,-8.048270520135716,0.15548759755240976,0.27021800849716493,45.86617660522461,0.2134301168989333,1,4,1,1,1,1,201.8812750940113,26.710191611410355,294.77950425053314,265.0020372939106,788.3730082498654,0.25607329649980537,0.03388014471817746,0.3739086716133568,0.33613788716866033,0.1318311147683638
3.2800000000000025,-0.1557706693852582,0.019964395326806203,0.42995648846152446,1.2492284288867175,-8.109784108492452,0.15704482965540895,0.21199176632841607,46.02180480957031,0.21689258825935917,1,4,1,1,1,1,201.73709659149972,41.093966296991425,297.27516937154417,266.4523147663418,806.558547026377,0.25012083417287534,0.05094976235574815,0.36857233795059186,0.33035706552078475,0.12261491448159102
3.3000000000000025,-0.15734652908496483,0.019729560443476422,0.42939246853357294,1.3718595676029144,-8.074859548844728,0.1585786422264312,0.2653657014045318,45.70796203613281,0.2169083142323542,1,4,1,1,1,1,203.72993628560874,36.18142533838808,285.1929724714978,263.3413641480199,788.4456982435145,0.2583943786356812,0.04588955893727675,0.361715427082481,0.3340006353445611,0.12376184905899885
3.3200000000000025,-0.1588574729685219,0.019342236342556614,0.42895539026760177,1.4222164337011551,-8.05570121474959,0.16003068088549766,0.18691213894919087,45.60367202758789,0.21703861533219848,1,4,1,1,1,1,203.612060655342,42.56101505272978,281.3496724063531,262.3964224337773,789.9191705482021,0.25776315887362966,0.05388021539367443,0.3561752681747134,0.33218135755798245,0.11890142939823517
3.3400000000000025,-0.1602681759673626,0.018839539735287656,0.4286113568965977,1.445001664380394,-8.06606990730525,0.16137167187998946,0.15317170395766933,45.554447174072266,0.21721399999534421,1,4,1,1,1,1,201.7923627809352,45.33446432295284,278.4831410436208,262.55522796873015,788.165196116239,0.2560280050112423,0.05751898782938252,0.3533309291197755,0.33312207803959965,0.11691004839300417
3.3600000000000025,-0.1615617352533637,0.018235755735461608,0.42837971465134606,1.472959284635488,-8.10252608817401,0.16258762894304538,0.15052975539226915,45.536346435546875,0.21716989711659732,1,4,1,1,1,1,199.2429121184514,46.56125096446813,275.87750041537333,263.6072586063733,785.2889221046662,0.25371924461185197,0.0592918729066985,0.35130700644036766,0.3356818760410818,0.11617649929713154
3.3800000000000026,-0.1627289988851893,0.017544276770834297,0.42828154990635725,1.5240300207689659,-8.156919139608501,0.16367201570698509,0.17945926331561657,45.49964141845703,0.2170007392632239,1,4,1,1,1,1,196.55442448540043,46.78345986276513,272.66959389371345,265.1201969188421,781.1276751607211,0.25162906236161503,0.059892206294110864,0.3490717363683348,0.33940699497593946,0.11613832998795383
3.4000000000000026,-0.16375702853587537,0.01678374410287958,0.4282947905806304,1.5918944362376808,-8.227260095965075,0.16461487922120055,0.22932384994586347,45.46015167236328,0.2164011706986746,1,4,1,1,1,1,193.37598585510943,47.12632546989594,270.4199014556307,266.6646604453183,777.5868732259544,0.2486873075066912,0.06060586552134578,0.3477680896717645,0.34293873730019847,0.11626270853709073
3.4200000000000026,-0.16463902569443006,0.01597974360131117,0.42837201267645,1.6625761492856181,-8.315097422881887,0.16541269899005592,0.27975085163674995,45.496952056884766,0.21591933189996945,1,4,1,1,1,1,189.22875426660357,46.401839027369164,269.34804478234037,268.11682108684835,773.0954591631614,0.24476764418126912,0.06002084021758053,0.3484020525407,0.34680946306045035,0.11744625875408213
3.4400000000000026,-0.1653816626240057,0.01513940621694147,0.4285187615929088,1.7456621558475922,-8.405813937353164,0.166073164457362,0.32536643470861926,45.57200241088867,0.2162993961972639,1,4,1,1,1,1,184.9079371031272,45.73851757263036,267.3034885951044,269.4602344498536,767.4101777207156,0.24095059261830762,0.05960113496080843,0.3483189255959861,0.35112934682489777,0.11856156154267666
3.4600000000000026,-0.1659805326205813,0.014290134525827945,0.42866738284948436,1.8244876413158457,-8.501009623858714,0.1665945531936087,0.3612164431985654,45.61330032348633,0.21611596009257403,1,4,1,1,1,1,180.91583792161308,45.55725007693452,267.06676236366275,270.4249597782124,763.9648101404227,0.23681174253086254,0.059632655159287694,0.3495799267437119,0.35397567556613785,0.11952066666113932
3.4800000000000026,-0.16644350093556715,0.013443601886118109,0.4288055863340357,1.9027889997607899,-8.591905202913948,0.16698553660530177,0.3893383232830094,45.66702651977539,0.21600642506707393,1,4,1,1,1,1,177.42632641687962,45.305366289313355,266.5337512098071,271.17074650527275,760.4361904212728,0.23332178117218158,0.059578130104795124,0.35050113943439554,0.35659894928862773,0.12041850619268013
3.5000000000000027,-0.16677799283358136,0.01261611725284914,0.42890304130519774,1.9774186459678733,-8.675335701213546,0.16725449263961717,0.40051550617315596,45.72291946411133,0.216184619842391,1,4,1,1,1,1,174.7201729340963,45.32178543311427,266.2619205023991,271.72616440100614,758.0300432706158,0.23049241185777303,0.059788903929938894,0.3512551024410307,0.35846358177125737,0.12101420516234306
3.5200000000000027,-0.16699362721983496,0.011816158906900812,0.42894332703411514,2.0466944227271133,-8.74834912321284,0.16741114999709647,0.4033606582982045,45.765960693359375,0.2164613422776834,1,4,1,1,1,1,172.7686596941306,45.83434846529143,266.2140234616739,272.08304491839834,756.9000765394942,0.22825821406178143,0.0605553492276597,0.3517162062907826,0.3594702304197764,0.12113205493632279
3.5400000000000027,-0.16709960536782584,0.011050119301935963,0.4289191898503241,2.111205146691822,-8.80854267798943,0.16746457312121316,0.40376480478296095,45.77857971191406,0.21639470141216355,1,4,1,1,1,1,171.65176198965725,46.96247813520741,266.3174439444311,272.2855612788981,757.217245348194,0.2266876025924713,0.0620198211592665,0.35170546574380956,0.35958711050445247,0.12065793805295302
3.5600000000000027,-0.16710736099304446,0.01032551529281245,0.4288266231454201,2.170418067436139,-8.856522006475053,0.1674260623801497,0.4100047038149222,45.827110290527344,0.21748977704763958,1,4,1,1,1,1,171.256905241554,48.427786468758974,266.76063130183854,272.4237215375334,758.869044549685,0.22567385831791087,0.06381573581973707,0.35152393317101904,0.35898647269133294,0.1198347838001296
3.5800000000000027,-0.1670301235797703,0.009647476705253582,0.4286751983226152,2.218767895387619,-8.897529060934213,0.16730850543188697,0.38588144414101605,45.82487106323242,0.21783993230689078,1,4,1,1,1,1,171.72703318371032,50.56479244486047,265.8708389366279,272.774696120675,760.9373606858737,0.22567827794514322,0.06645066342817457,0.34939911308466204,0.35847194554202005,0.11824577346713007
3.6000000000000028,-0.1668780428433991,0.009018225209051982,0.42848610995079395,2.2640029783660816,-8.927527435235042,0.1671215413080089,0.3800200130702693,45.8247184753418,0.21845940612136705,1,4,1,1,1,1,172.91416650377647,52.95575718282978,266.45321258187033,272.8379696079181,765.1611058763947,0.22598399889357326,0.06920863694734679,0.3482315169126142,0.35657584724646574,0.11647974866348587
3.6200000000000028,-0.1666620710748628,0.008443107504283568,0.42827660421046776,2.300532678631113,-8.952421543920034,0.1668757981233094,0.3758192423824013,45.82986068725586,0.21901788322022578,1,4,1,1,1,1,174.2225855261133,54.74609983903357,266.70858306001924,272.98788396576504,768.6651523909311,0.22665602178555172,0.07122229968243773,0.3469762903006892,0.35514538823132136,0.11507210891057786
3.640000000000003,-0.1663932253357134,0.007922400323084977,0.4280674938839619,2.330296665565025,-8.973662976462197,0.16658172127967916,0.37203762789952943,45.84056854248047,0.2195311908951384,1,4,1,1,1,1,175.7228121807629,56.151194384451834,266.9059764025258,273.06028524657177,771.8402682143123,0.2276673288727286,0.07274976014708352,0.3458046792764842,0.35377823170370365,0.1138692821554752
3.660000000000003,-0.16608058489068434,0.007454981320737382,0.42787203868060353,2.3551743235552456,-8.993175957988976,0.1662478193063727,0.3684578785979353,45.85298156738281,0.21997495965470015,1,4,1,1,1,1,177.2274074210313,56.84075206148423,267.0645939741804,273.0607526291632,774.1935060858591,0.22891874709341278,0.07341930875764865,0.3449584527315353,0.3527034914174033,0.11312633937133072
3.680000000000003,-0.1657323225256515,0.007037461508020289,0.42769995474701544,2.3770951204637543,-9.012680813408926,0.16588167045886487,0.36311007507741944,45.83759689331055,0.21995073347646477,1,4,1,1,1,1,178.64568149728208,57.43449008805826,267.2613036827318,272.8692962851688,776.2107715532409,0.23015099512185608,0.07399342059261643,0.34431537602593054,0.35154020825959703,0.11244788019084132
3.700000000000003,-0.16535677764474688,0.0066620753986333745,0.42756009909879233,2.3968093474086443,-9.033670397214527,0.16549092773222143,0.358381904162809,45.80995559692383,0.21972746523532705,1,4,1,1,1,1,179.80059891541438,57.907221863331486,267.4565008669947,272.6661756190686,777.8304972648092,0.2311565303079162,0.07444709620792511,0.34384933710813376,0.3505470363760249,0.11190543215088332
3.720000000000003,-0.16496233938325336,0.006322024931848768,0.4274548993425374,2.415269834580991,-9.057233386502048,0.1650834377338762,0.353356040478373,45.79573059082031,0.21950086023426385,1,4,1,1,1,1,180.67406077854622,57.88352536922729,267.5942113103895,272.52989701005725,778.6816944682203,0.232025565853237,0.07433528459758809,0.3436503172109828,0.34998883233819206,0.11174672369512616
3.740000000000003,-0.1645562226885036,0.006012415181571146,0.42738189162578344,2.4327588983531765,-9.083605470502588,0.1646660243092787,0.3487713705008909,45.78891372680664,0.21925099373904652,1,4,1,1,1,1,181.29070510255912,57.58847912967646,267.7467943354231,272.36990146510095,778.9958800327596,0.23272357370482522,0.07392655161058702,0.34370758716228816,0.34964228752229964,0.11181461385673871
3.760000000000003,-0.1641449652610514,0.005727337099577996,0.42733577648641874,2.4488398196169237,-9.112519624428451,0.1642448538335493,0.3434389091519701,45.79217529296875,0.21902095139562783,1,4,1,1,1,1,181.6656941057044,56.97741525005164,267.893686626085,272.17484442123487,778.711640403076,0.23329007129220616,0.07316882436810505,0.3440216798190125,0.3495194245206762,0.11213014595292059
3.780000000000003,-0.16373433966297538,0.005460823426599046,0.4273080257691545,2.4634668957329797,-9.143260589987742,0.16382537830680288,0.3370602995795401,45.80516815185547,0.21883660022373344,1,4,1,1,1,1,181.84369990201475,56.14873084145821,268.0224346113668,271.9536339912082,777.968499346048,0.2337417261172793,0.07217352744829159,0.3445157931672858,0.34956895326714327,0.11262082114620811
3.800000000000003,-0.1633295076016727,0.005207067580960403,0.4272881337824955,2.4768684246500747,-9.174835905447283,0.163412489137757,0.32981281292722586,45.82485580444336,0.21870401244821477,1,4,1,1,1,1,181.89637838633894,55.22638738847018,268.123508278685,271.72037626916506,776.9666503226592,0.23411092137712847,0.07107948245337908,0.3450901118694586,0.3497194843000338,0.11319355032757533
3.820000000000003,-0.16293512840829624,0.004960637849086201,0.4272651649401833,2.489430524182821,-9.20615640751422,0.163010625412265,0.3221481136069989,45.846797943115234,0.21861481966327925,1,4,1,1,1,1,181.9342870232208,54.31930324098969,268.18923416312293,271.4902093055292,775.9330337328627,0.2344716349398999,0.07000514333005015,0.3456345103299917,0.3498887114000582,0.11375740940736229
3.840000000000003,-0.16255539940382155,0.004716619879412244,0.42722919776627655,2.5016243942978162,-9.23622420203537,0.16262381245814775,0.3143709333164888,45.87030029296875,0.21859082148135955,1,4,1,1,1,1,182.011773335081,53.521758044226786,268.211947356003,271.2774524640111,775.0229311993219,0.2348469522745913,0.06905828961912606,0.34606969233923707,0.3500250657670456,0.11424088254515329
3.860000000000003,-0.16219436517150818,0.004470503952562236,0.4271722698337289,2.513945398556876,-9.264254750632537,0.16225596290731018,0.3068679115045657,45.8907356262207,0.21860638572785174,1,4,1,1,1,1,182.15371199625113,52.9163074493365,268.1822092139985,271.09436989866947,774.3465985582556,0.23523537436000935,0.06833672098238772,0.34633355362227064,0.3500943510353323,0.11458465623328364
3.880000000000003,-0.16185584026867658,0.004218011123416659,0.42708919493549974,2.526779220199372,-9.289776071703432,0.1619107922496725,0.30001493169251553,45.905242919921875,0.21864004422298425,1,4,1,1,1,1,182.41073863456913,52.51761816364114,268.09286734820125,270.9494989238233,773.9707230702348,0.2356817037096325,0.06785478649025768,0.34638631586051977,0.35007719393958997,0.1147689625346881
3.900000000000003,-0.16154329137315754,0.003955072142794518,0.42697773470283945,2.540470609288756,-9.312684403204063,0.16159170023032612,0.2941598779167206,45.912109375,0.21867356715216202,1,4,1,1,1,1,182.72151736739164,52.350683413729705,267.9304794885515,270.8493153020633,773.8519955717361,0.23611946265305372,0.06764947782431194,0.3462296162854753,0.3500014432371591,0.11478764083597005
3.920000000000003,-0.1612594285545565,0.0036773128730306936,0.42683926739595973,2.5554819606916563,-9.333296014942562,0.16130135128915774,0.29087429840874257,45.90906524658203,0.21866578250183008,1,4,1,1,1,1,183.46660454329253,52.39889807959787,267.50098496250155,270.8875867214347,774.2540743068266,0.2369591722297959,0.06767661910789362,0.34549509500739733,0.34986911365491313,0.11456988199517142
3.940000000000003,-0.16100618989850263,0.0033816734480076735,0.4266781680280055,2.5722423015157174,-9.352274345751677,0.1610416992612213,0.2893427303501245,45.89836883544922,0.21864379640886977,1,4,1,1,1,1,184.0571554417795,52.61803682343129,267.0916954375942,271.0186634144819,774.7855511172869,0.23755883828287472,0.06791303315808218,0.3447298353104702,0.3497982932485729,0.11428460857858147
3.960000000000003,-0.16078537697852788,0.0030658239828963386,0.4264988951912902,2.5910043136348975,-9.37038475365193,0.16081460358692995,0.28750260351082063,45.8804817199707,0.21858322481089013,1,4,1,1,1,1,184.50944698150744,52.97158820137366,266.7333596610486,271.07710984142915,775.2915046853589,0.2379871904521745,0.06832473705857442,0.34404267046534787,0.3496454020239032,0.11393357579180484
3.980000000000003,-0.16059811428125262,0.002728246290466157,0.4263068888573751,2.612026708061606,-9.388602446708559,0.16062128638046613,0.28632677297200854,45.85646438598633,0.21846294931174762,1,4,1,1,1,1,184.82935806875196,53.53693550167349,266.31487231311934,271.1630505942603,775.844216477805,0.2382299875970519,0.06900474910378486,0.34325817819734683,0.34950708510181644,0.11346426951368617
4.000000000000003,-0.16044496590166576,0.0023685420233079115,0.42610795144579416,2.635101773744528,-9.407801778286727,0.16046244755238798,0.28610180310995625,45.82842254638672,0.2182914601814242,1,4,1,1,1,1,185.1469596889791,54.0550773188117,265.82834647818754,271.30337037087946,776.3337538568578,0.23848886998557187,0.06962865784240846,0.3424150311094184,0.3494674410626013,0.11302725002453706
4.020000000000002,-0.1603256531223838,0.00198666467294683,0.42590590871407163,2.6602385656174823,-9.428567567126322,0.1603379614615381,0.28651773861177227,45.798439025878906,0.2180885416920861,1,4,1,1,1,1,185.08902284302428,54.459706468806466,265.26647935376155,271.49383633137757,776.3090449969699,0.23842182959976554,0.07015209576621516,0.3417021623840502,0.34972391224996907,0.1127313930849031
4.040000000000002,-0.16023849734395954,0.0015823288758159647,0.4257036308445807,2.687795775346958,-9.45134331715625,0.1602463097725541,0.28657542266654634,45.770782470703125,0.21789690268199813,1,4,1,1,1,1,185.0337569743653,54.75500725749284,264.64068440969936,271.7279391771679,776.1573878187255,0.23839721154284838,0.07054626821420024,0.34096265598068004,0.35009386426227124,0.11250694756085589
4.060000000000001,-0.16018108641051,0.0011555710478579697,0.4255030429497287,2.718162637519006,-9.476416157634198,0.16018525459010863,0.2874346942823386,45.746158599853516,0.21772469285120452,1,4,1,1,1,1,184.8685548637838,54.993314712007695,263.95576625702455,272.0068374458562,775.8244732786723,0.23828657284104512,0.07088370708338608,0.3402261405102813,0.3506035795652875,0.1123406509424889
4.080000000000001,-0.1601515631658381,0.0007071068562376525,0.4253054328815242,2.7515333668291833,-9.503953110078085,0.16015312417985347,0.28923125114703085,45.72273254394531,0.21754687837613548,1,4,1,1,1,1,184.6067155286829,55.18432366043787,263.2146914552572,272.32311714806656,775.3288477924445,0.23810118255538212,0.0711753777994479,0.33948780856625593,0.35123563107891403,0.1122236029582095
4.1000000000000005,-0.16014760014744728,0.00023834929900064836,0.42511108129274705,2.7877339089608477,-9.533940514156797,0.16014777751618967,0.29178250841330233,45.70123291015625,0.21737182377542932,1,4,1,1,1,1,184.19948949463912,55.352357009648294,262.4275557894126,272.66829201539554,774.6476943090956,0.2377848547770167,0.07145487867102836,0.33877020188315465,0.3519900646688002,0.11214911073735477
4.12,-0.16016663492320837,-0.00024861927713034417,0.4249199887522323,2.826253383176932,-9.566225141077883,0.1601668278832083,0.2949930158331054,45.681678771972656,0.21719800272035802,1,4,1,1,1,1,183.65571034730954,55.60188770162494,261.60298378366497,273.03272680326546,773.893308635865,0.23731399186153693,0.07184696789746627,0.3380349472781853,0.35280409296281146,0.11204716765942235
4.14,-0.16020570220859132,-0.0007512236543836369,0.42473172966178646,2.866485117395071,-9.600565496456719,0.1602074634875877,0.2983170573520996,45.66324234008789,0.2170239322395446,1,4,1,1,1,1,183.00539973409533,55.83627488520679,260.7440761650081,273.4065279556881,772.9922787399983,0.23674932436893148,0.07223393612187391,0.3373178275338392,0.35369891197535547,0.11197569068943448
4.159999999999999,-0.1602614332878434,-0.0012665784170517022,0.4245453403547253,2.9080225260187347,-9.636626448354395,0.16026643822198214,0.30154510963925424,45.64554977416992,0.2168540863857675,1,4,1,1,1,1,182.27913491340098,56.05921221006991,259.8584085363598,273.78525402654043,771.9820096863712,0.23611837144683528,0.07261725209483155,0.3366120003780023,0.35465237608033073,0.11192754050547014
4.179999999999999,-0.16033018986905637,-0.0017915827132791646,0.4243597914482028,2.9506431061189464,-9.673988467333807,0.16034019942630165,0.3045141995414524,45.62777328491211,0.21668968050485374,1,4,1,1,1,1,181.50659327324362,56.289364240002186,258.9551769851817,274.16241983211535,770.9135543305429,0.23544351017522705,0.07301644123884106,0.33590689323144274,0.35563315535448914,0.11188546518941532
4.199999999999998,-0.16040813077639715,-0.002323005421155117,0.42417396736753243,2.9941307515156135,-9.712261966600286,0.16042495059486367,0.3071436394169977,45.60940933227539,0.21653120513098953,1,4,1,1,1,1,180.71680008777105,56.54471708734974,258.0356369131748,274.5316180303545,769.82877211865,0.23474934509192133,0.07345103110621952,0.33518575332412365,0.3566138704777356,0.11183162660918443
4.219999999999998,-0.16049136321060525,-0.0028576822132454598,0.4239870416489492,3.0382473751194135,-9.751109491507577,0.16051680289873183,0.3094142242145667,45.59025955200195,0.21637969792284853,1,4,1,1,1,1,179.93378728647974,56.8341135932159,257.11200554686417,274.89048680885884,768.7703932354186,0.23405400216990285,0.07392859310570736,0.33444576925600905,0.3575716354683808,0.11175661040304767
4.2399999999999975,-0.16057602078543753,-0.003392620606189443,0.423798690667583,3.0827435970037405,-9.790242193254123,0.16061185611860293,0.3113654190285514,45.570770263671875,0.21624162445727588,1,4,1,1,1,1,179.19920425568608,57.160790083878126,256.19236782395114,275.236379083154,767.7887412466694,0.23339649910041377,0.07444859114639445,0.33367559858714263,0.3584793111660492,0.11165050396503534
4.259999999999997,-0.1606583753932698,-0.003925067559141175,0.4236091464256569,3.127355567016895,-9.82944004000362,0.1607063151819138,0.31306377971080773,45.55241775512695,0.21613168960230958,1,4,1,1,1,1,178.51995195525976,57.51817036204423,255.28349054014973,275.5671843225963,766.88879718005,0.232784665275723,0.0750019697426094,0.33288201819984903,0.3593313467818186,0.11151619913003881
4.279999999999997,-0.16073551367508293,-0.00444278265768625,0.42343250206959154,3.174293098054392,-9.866487567164365,0.16079690194197216,0.30828733126297053,45.534400939941406,0.21611538559944776,1,4,1,1,1,1,177.85365093111102,58.05944331809633,255.11842367588568,275.8153949317411,766.846912856834,0.23192849570004762,0.07571190852395815,0.33268494584591857,0.35967464993007575,0.11131963798545551
4.299999999999996,-0.1608023233259883,-0.004936054726663715,0.4232675763437659,3.221185155863127,-9.900866588663252,0.16087806507818367,0.29828387668800554,45.50160598754883,0.21599893961068362,1,4,1,1,1,1,177.23405908081628,58.584869567729655,254.05778062372426,275.763902347329,765.6406116195992,0.23148466315795854,0.07651745306953095,0.3318238044953006,0.3601740792772099,0.11098702009077768
4.319999999999996,-0.16085404113525725,-0.005402290334299227,0.42311322543664803,3.2656784358596402,-9.933906686024239,0.16094473365226677,0.284918238124559,45.474205017089844,0.21589818101040378,1,4,1,1,1,1,176.6922852194908,58.96202160281607,253.53747122600393,275.5984318891312,764.7902099374419,0.23103366508044582,0.07709568040579264,0.331512443453928,0.3603582110598337,0.11076872164647057
4.339999999999995,-0.16088731368030618,-0.005838939366361505,0.4229709891599861,3.3076375523989188,-9.965823256152008,0.16099323251674053,0.2717187512191944,45.44521713256836,0.21576818084490726,1,4,1,1,1,1,176.25043142059857,59.373405061828244,253.05054635261845,275.44455538268784,764.1189382177331,0.23065837346171966,0.07770178448961566,0.3311664371816846,0.3604734048669801,0.11051372911643287
4.359999999999995,-0.1608997865033969,-0.006243110000342052,0.4228429058717971,3.346551963476873,-9.99664287795127,0.16102086113083322,0.25995279133691496,45.41917037963867,0.21564616228172515,1,4,1,1,1,1,175.86552457104608,59.69686830084359,252.61848063077144,275.3480295850551,763.5289030877162,0.23033250458475726,0.0781854728215645,0.3308564739450996,0.36062554864857865,0.11032092222023385
4.379999999999995,-0.16089002341525718,-0.0066119370723296935,0.42273054716634756,3.3817866177623435,-10.026261332816265,0.16102582819662953,0.24801940867321565,45.39596176147461,0.21552554644856148,1,4,1,1,1,1,175.64420472433116,59.89402855746604,252.2508490128286,275.2311041444166,763.0201864390424,0.2301960129574676,0.07849599476127486,0.3305952496356149,0.3607127426456427,0.11018022436405368
4.399999999999994,-0.16085687746002988,-0.0069426564461546585,0.4226340198214159,3.4128945453000012,-10.054733559240166,0.16100663186564834,0.23602213541374614,45.37545394897461,0.21540265132022976,1,4,1,1,1,1,175.44848191525728,59.96679971207387,251.9302975758701,275.0703101704961,762.4158893736974,0.2301217542296805,0.07865365943689194,0.33043684042684834,0.36078774590657914,0.11011212810152753
4.419999999999994,-0.16079879773897912,-0.0072328615645911865,0.42255236595547585,3.4395482418809364,-10.08194163827352,0.16096138555788359,0.22391049535180993,45.35940933227539,0.21530538093504684,1,4,1,1,1,1,175.24952097222302,59.91768176773368,251.6743865715571,274.868614261155,761.7102035726689,0.23007374740451908,0.07866204428757846,0.33040700438450515,0.36085720392339726,0.11012306369014412
4.439999999999993,-0.16071468346457315,-0.007480981820165438,0.4224841068920594,3.4617501660310994,-10.10761123279233,0.16088870243156164,0.2114047918869413,45.348079681396484,0.21524021845769284,1,4,1,1,1,1,175.12609914048983,59.7577909298368,251.48523688436828,274.62252656748456,760.9916535221795,0.23012880408074762,0.07852621070579867,0.3304704272647303,0.36087455794872336,0.11018936213022848
4.459999999999993,-0.16060390862776008,-0.0076864916560206034,0.42242725757333527,3.479598488871066,-10.131437934987158,0.16078774088994466,0.19840203646573387,45.34120178222656,0.2152091341216007,1,4,1,1,1,1,175.09740245283172,59.5029511839208,251.35713866674968,274.3321957923531,760.2896880958554,0.2303035345532082,0.07826352522674071,0.33060706018027597,0.36082588003977506,0.11029646566882848
4.479999999999992,-0.16046664994868243,-0.007849316457125761,0.4223813280972283,3.4932066852106876,-10.153121787181291,0.16065851211372864,0.18448556065252633,45.33866882324219,0.21521480464527307,1,4,1,1,1,1,175.17142220936637,59.163153626508034,251.47461784849455,274.0222183830176,759.8314120673865,0.2305398532192179,0.07786352694413361,0.33096107090949306,0.3606355489271555,0.11045879589021824
4.499999999999992,-0.16030254688506568,-0.007960852774288386,0.4223537963780993,3.5058483014685473,-10.169444436412165,0.16050009879975954,0.16721460445733954,45.33073806762695,0.2152461824914654,1,4,1,1,1,1,175.37858406106676,58.81015302053267,251.52393856546175,273.57745185067057,759.2901274977316,0.23097703724797963,0.07745412575604489,0.3312619635848132,0.3603068734111624,0.1105724478315928
4.519999999999992,-0.16011101538129077,-0.008020897132630442,0.42233461488228335,3.51248825549364,-10.18245712781634,0.16031179631343467,0.14960533060251333,45.31951141357422,0.21522162116782387,1,4,1,1,1,1,175.94530618879338,58.48624123456059,251.6092786170294,273.02873363922885,759.0695596796122,0.23179075480652434,0.07704990997036745,0.33147064772723667,0.3596886874958715,0.11058072261637261
4.539999999999991,-0.1598929647550027,-0.00803586175027298,0.4223225254181613,3.513179815791633,-10.193278136754449,0.16009476959667993,0.13198531117832663,45.31852722167969,0.21524547714449957,1,4,1,1,1,1,176.63732729699151,57.976383753810644,251.7240518972057,272.4792368289693,758.8169997769771,0.23277987624013002,0.07640364379138898,0.3317322252548237,0.35908425471365735,0.1106929975458605
4.559999999999991,-0.15964999324472917,-0.008012672373131068,0.4223154193733998,3.5089660433926477,-10.20199763263519,0.1598509407591998,0.11567021990496884,45.31964874267578,0.21527361770040443,1,4,1,1,1,1,177.22738041134187,57.419408146713515,251.89713267182282,271.9302124291045,758.4741336589827,0.2336630513111539,0.07570384486246677,0.3321103798973825,0.35852272392899676,0.11086629524347194
4.57999999999999,-0.1593844208320288,-0.007958361219013102,0.4223105461112798,3.500536237484457,-10.208614047903442,0.15958298504932644,0.10273445007337968,45.32664489746094,0.21534691680107013,1,4,1,1,1,1,177.91151743749617,56.82943574407686,252.1161830331383,271.38698142237735,758.2441176370887,0.23463619868482552,0.07494873276587238,0.33250001835662946,0.3579150501926726,0.1110528068511298
4.59999999999999,-0.15910003965190855,-0.007880514199450076,0.42230409299139954,3.4884458477414286,-10.213006722924462,0.15929508818945615,0.09190006301092815,45.34127426147461,0.21548155623605716,1,4,1,1,1,1,178.68061117626766,56.078398558249546,252.36977845804017,270.84428871321234,757.9730769057697,0.23573477293637568,0.07398468397739824,0.33295348627457183,0.3573270568116542,0.11133874683445871
4.6199999999999894,-0.15880004808546885,-0.007786711940717838,0.42229350857101244,3.4733077793966864,-10.215301292844591,0.1589908429903903,0.08208401206871602,45.355560302734375,0.21562380753384858,1,4,1,1,1,1,179.51743228143405,55.54797333929348,252.66686475267318,270.30843418280745,758.0407045562081,0.2368176685004426,0.07327835168404817,0.3333156956269202,0.3565882841885891,0.1114752016272411
4.639999999999989,-0.15848840892110214,-0.0076828093371650846,0.42227720559377424,3.455910283367771,-10.215745028886124,0.15867451377475122,0.07363581604393274,45.370609283447266,0.21576012695435196,1,4,1,1,1,1,180.4227695392687,54.99616177286361,252.98245526327062,269.79892005782926,758.2003066332322,0.23796187888716516,0.07253513522972915,0.33366176859863367,0.355841217284472,0.11162476135379634
4.659999999999989,-0.15816898200944832,-0.007574437905688038,0.4222536934397231,3.4372454905786136,-10.21459780467528,0.15835024148858223,0.06641236061778578,45.38542175292969,0.21589185174450823,1,4,1,1,1,1,181.33979357057746,54.45473892153669,253.30871799532628,269.3322542404609,758.4355047279013,0.23909718419054696,0.07179877337239511,0.3339884755081503,0.35511556692890767,0.11177868199384743
4.679999999999988,-0.15784581694097646,-0.007466859702011451,0.42222202229229666,3.418162673348705,-10.21213109708863,0.15802232728185525,0.062346051840367664,45.396522521972656,0.21598756194903668,1,4,1,1,1,1,182.27270865987893,53.9755064665213,253.63903228833576,268.9160330346322,758.8032804493682,0.24021075469248873,0.07113241054329214,0.3342619079587124,0.3543949268055067,0.11190153457092719
4.699999999999988,-0.15752303457765984,-0.0073648734128018,0.42218194888901245,3.3991721545325793,-10.208631499844746,0.1576951102061862,0.061795919769656704,45.4039421081543,0.21604632940311994,1,4,1,1,1,1,183.21854291362592,53.56231660421578,253.96533844049785,268.54692254437873,759.2931205027182,0.24130146575319855,0.07054234413285985,0.33447601668292565,0.35368017343101604,0.11198938622105128
4.719999999999987,-0.15720466383027668,-0.007272695347978537,0.4221336954537679,3.3806183245066714,-10.204400207504229,0.15737280078722246,0.06394028755419981,45.40812301635742,0.21607155858327917,1,4,1,1,1,1,184.13637295326487,53.20831651303993,254.27959176164114,268.2205843572251,759.8448655851711,0.24233416752965478,0.07002523662782559,0.33464671971668264,0.35299387612583694,0.11205186981544803
4.739999999999987,-0.15689453729813496,-0.007193858057802691,0.4220778097650408,3.362806539165918,-10.19974862646999,0.15705937548504284,0.06766504258320152,45.408355712890625,0.21605751992564862,1,4,1,1,1,1,185.00703363968853,52.91486136751905,254.5753043024629,267.93357435147476,760.4307736611452,0.24329240747183298,0.0695853760793463,0.3347777511380727,0.3523444653107482,0.1120893449326549
4.7599999999999865,-0.15659619034778258,-0.007131183662723344,0.4220149871102149,3.346061010778961,-10.194986267380552,0.1567584785964397,0.07197097570302805,45.405574798583984,0.21601063059380296,1,4,1,1,1,1,185.80807230788906,52.66452275904736,254.8454268131888,267.68374622208273,761.001768102208,0.24416247122691798,0.06920420551765938,0.33488151735668664,0.35175180589873595,0.11211545169724024
4.779999999999986,-0.15631277788810263,-0.0070867861594479005,0.42194588582517994,3.3307148126006667,-10.190393405059194,0.15647334299862403,0.07619132398172362,45.40056228637695,0.2159376783745125,1,4,1,1,1,1,186.52272508588928,52.44560051447279,255.08365035966392,267.4696188301681,761.5215947901941,0.24493425578729378,0.06886948561047965,0.3349657476620105,0.3512305109402161,0.11213910962329608
4.799999999999986,-0.15604703165182787,-0.007062099299736538,0.42187108979297394,3.317077535844863,-10.186205568936245,0.15620675188309213,0.07994154781869217,45.39284896850586,0.21583703760464382,1,4,1,1,1,1,187.14741118720232,52.2611165309838,255.2869213889151,267.28943354951457,761.9848826566158,0.24560514971730646,0.06858550309919334,0.3350288531957119,0.35078049398778827,0.11215742088575842
4.819999999999985,-0.15580124404048828,-0.007058045713090237,0.42179100595404184,3.305371650877577,-10.182649159144901,0.1559610324852072,0.0830448617289584,45.38207244873047,0.21570680297665787,1,4,1,1,1,1,187.68318052676784,52.11559124098869,255.44833555483592,267.1427555790398,762.3898629016322,0.24617743448535828,0.0683581901819082,0.3350626077091417,0.3504017676235918,0.11216563784569522
4.839999999999985,-0.15557728566720283,-0.0070750144984553795,0.4217060666412708,3.2957647142508693,-10.179933482234276,0.15573807384749494,0.08544815390953928,45.368221282958984,0.21554969683645972,1,4,1,1,1,1,188.13134341653665,52.01378910960025,255.56055197703495,267.0312465323585,762.7369310355303,0.2466529884178022,0.06819361564017058,0.3350572675562897,0.3500961283857376,0.11215919218066983
4.859999999999984,-0.15537619996026564,-0.007112631580452813,0.4216170070559341,3.28824553570739,-10.178215102866083,0.15553891166551123,0.08426089592277917,45.35251998901367,0.21538001018617756,1,4,1,1,1,1,188.38684879905463,52.03394275847319,255.6308066034912,266.9521027644973,763.0037009255163,0.24690161865603424,0.06819618659169871,0.3350321974761242,0.3498699972761428,0.11210120148810675
4.879999999999984,-0.15519836103331044,-0.0071698071761922555,0.42152474761065567,3.282613942229549,-10.177567369813811,0.15536388705992635,0.0837794417618187,45.33584976196289,0.21520787633640537,1,4,1,1,1,1,188.593288975387,52.07231666521624,255.65113393633195,266.8960158597541,763.2127554366893,0.2471044772666032,0.06822778615043179,0.3349670614323727,0.3497006751505922,0.112036989353527
4.8999999999999835,-0.15504392850840842,-0.007244983255702269,0.4214301855069322,3.2792777330054,-10.178129812023183,0.15521311010895913,0.0833151311269994,45.31761169433594,0.21502690005635186,1,4,1,1,1,1,188.7961229561153,52.097237332385475,255.51475058641802,266.8611495483961,763.2692604233149,0.2473519277474997,0.06825538513563609,0.33476358060680655,0.34962910651005763,0.11196979590511166
4.919999999999983,-0.1549118222918161,-0.007336458582572495,0.4213341725927552,3.2787289182193606,-10.180041418559169,0.1550854484157202,0.08251432268288166,45.29783248901367,0.21484018838331717,1,4,1,1,1,1,188.92982757405605,52.12706804210174,255.25162403492493,266.8536035951596,763.1621232462423,0.24756185064637418,0.06830405552672114,0.3344657920772691,0.34966830174963554,0.11190129714976976
4.939999999999983,-0.15480126770418023,-0.007442654265003429,0.421237622399299,3.2807987543546226,-10.18328219179773,0.15498008125346188,0.08139166559384012,45.276939392089844,0.2146528061913567,1,4,1,1,1,1,188.99197562616874,52.15328873540233,255.11041537257893,266.862257440301,763.1179371744511,0.2476576246208253,0.06834237041853194,0.33430011659424524,0.34969988836639737,0.11186102818413823
4.959999999999982,-0.15471149949622193,-0.007561835244215387,0.4211410360859971,3.2851289708001494,-10.18779396148302,0.15489618919983195,0.07991639622780641,45.25540542602539,0.21446924287876698,1,4,1,1,1,1,188.99043571578704,52.174264561784206,254.9526184504614,266.87919674516314,762.9965154731958,0.24769501810709948,0.06838073766225096,0.3341465043157434,0.3497777399149061,0.11183369457001856
4.979999999999982,-0.15464139971317994,-0.0076921946036210016,0.4210447408767961,3.291180481409207,-10.193478030428874,0.15483259464037755,0.07831698497014485,45.23333740234375,0.21428956248277076,1,4,1,1,1,1,188.93308998202698,52.1918926765278,254.75629149928608,266.8986168361892,762.77989099403,0.247690181942022,0.06842326769851395,0.3339840162373656,0.3499025341220986,0.11181376959046865
4.999999999999981,-0.15458963096846373,-0.007831690638804178,0.42094875542096966,3.298409249558523,-10.200177891449181,0.1547878851242168,0.07690087034271771,45.21104049682617,0.21411469473823028,1,4,1,1,1,1,188.7628486417015,52.21478108107573,254.52355111162666,266.91484824410884,762.4160290785128,0.24758509979105242,0.06848594348702854,0.3338381426991432,0.3500908140227758,0.1118036109410125
5.019999999999981,-0.1545538468064202,-0.00797804627170941,0.42085254048812076,3.306303800916671,-10.207648596781537,0.1547596225925094,0.07461994480613074,45.18868637084961,0.21394498183158248,1,4,1,1,1,1,188.4728014523469,52.251093772808204,254.25526103993283,266.92315396473185,761.9023102298197,0.24737134790350762,0.06857978125443302,0.3337111039382981,0.35033776690376134,0.11179828036617542
5.0399999999999805,-0.15453069057969052,-0.00812950509911261,0.42075600363789867,3.3147665361965193,-10.215772292364909,0.1547443801376727,0.07184994790144002,45.16642761230469,0.21377835065915637,1,4,1,1,1,1,188.21262557355433,52.299493510809604,253.96879960461706,266.9446446799053,761.4255633688863,0.24718453730502263,0.06868628534011036,0.33354383123275483,0.35058534612211223,0.11178055907167715
5.05999999999998,-0.15451779670626867,-0.00828359354493776,0.42065805787609284,3.323510153668963,-10.224527806788819,0.15473967629854182,0.07075450011624401,45.14115524291992,0.21359538558845315,1,4,1,1,1,1,188.0713995142109,52.29255261416914,253.53613294019254,267.02027715879456,760.9203622273671,0.2471630526007847,0.06872276680978585,0.3331966727740617,0.35091750781536774,0.11177601854600151
5.07999999999998,-0.1545126168267287,-0.008435391424604945,0.4205567127864923,3.331799316637562,-10.234338795819687,0.1547427044714218,0.07056100885372296,45.12376022338867,0.213479441069614,1,4,1,1,1,1,188.00152817260044,52.21084236285305,253.37223440479397,267.14162844143493,760.7262333816824,0.24713427764528484,0.06863289324302436,0.33306625075681917,0.35116657835487164,0.11184466724975946
5.099999999999979,-0.1545135367130415,-0.008585203133615327,0.4204550606025926,3.3400248863911877,-10.244645073629135,0.15475186183183018,0.07031995001753603,45.10556411743164,0.21336563010731557,1,4,1,1,1,1,187.95891585575026,52.271937617225774,252.94335074436484,267.1871590707703,760.3613632881111,0.24719682631287265,0.06874617798987143,0.332662024870037,0.35139497082721904,0.1117751719308304
5.119999999999979,-0.1545187973069078,-0.008733352453407787,0.42035469390632796,3.3484803648630743,-10.255182331584031,0.1547654036477426,0.07024726449068629,45.088356018066406,0.21327189431135543,1,4,1,1,1,1,187.87660062803727,52.33435357130959,252.55237423245708,267.1706365652419,759.9339649970459,0.24722753460396732,0.06886697526608516,0.33233463151425113,0.3515708586156963,0.11170551696329337
5.139999999999978,-0.1545264572565313,-0.00888019905461791,0.4202562299221608,3.357534894310583,-10.265994097628713,0.1547814069179636,0.07021005415616512,45.07173538208008,0.21318933362457818,1,4,1,1,1,1,187.82305962787717,52.402497829678545,252.1733830983702,267.14549869975554,759.5444392556815,0.24728383215067062,0.06899201037009839,0.3320060947921474,0.3517180626870836,0.11162754335010293
5.159999999999978,-0.15453469292602545,-0.009026381315803394,0.4201603420467427,3.367243139337895,-10.277179452031586,0.15479808421747107,0.0703947857119668,45.0557975769043,0.21311418919441757,1,4,1,1,1,1,187.7656853977186,52.467464722681314,251.80515142139222,267.129200028813,759.1675015706052,0.24733103697044356,0.06911184239859305,0.3316858939567943,0.35187122667416904,0.11155489794234177
5.1799999999999775,-0.15454189084852027,-0.009172497782804743,0.420067668191899,3.377406613193655,-10.288783230503684,0.1548138583674327,0.07099972789104798,45.04069900512695,0.21304603647786624,1,4,1,1,1,1,187.69694453406717,52.52285762313828,251.4482310531685,267.13681237512446,758.8048455854985,0.24735865305293228,0.06921787324988854,0.33137404500777734,0.35204942868940176,0.11149548775931385
5.199999999999977,-0.15454651878164585,-0.00931911930779054,0.4199785391319725,3.3877769201477106,-10.300816964826085,0.15482723420702976,0.07166325254299312,45.02705001831055,0.21298698101104532,1,4,1,1,1,1,187.61234479835468,52.56084306400217,251.10498217986247,267.13417144498334,758.4123414872026,0.24737512107260512,0.06930378131892395,0.3310929535870423,0.35222814402142866,0.1114502960814359
5.219999999999977,-0.15454720440241085,-0.009466755781148709,0.4198928981614168,3.3982090193849857,-10.313267839346382,0.15483687498015605,0.07233510928436342,45.01469802856445,0.21293449144418272,1,4,1,1,1,1,187.51350079413515,52.58484892525932,250.77843517250076,267.1234404237523,758.0002253156475,0.24737921511309646,0.06937313099526041,0.33084216441765735,0.3524054894739858,0.1114173170360166
5.239999999999976,-0.15454355344450102,-0.009615599260732386,0.4198099648833492,3.408560763218775,-10.326032764540715,0.1548424026563665,0.07313937505322765,45.00339889526367,0.2128901664310853,1,4,1,1,1,1,187.40695290930609,52.602512940650314,250.47434030936282,267.10701269161166,757.5908188509309,0.2473722598612717,0.06943393667367129,0.33061955619956895,0.352574247265488,0.11139119948104223
5.259999999999976,-0.15453514465233836,-0.009765706184908735,0.41972886994560793,3.4187041718438462,-10.339002182397858,0.15484340460610233,0.07421397226224197,44.99278259277344,0.21284774883799326,1,4,1,1,1,1,187.30293273996355,52.63123502252686,250.1727270889931,267.0842448485872,757.1911397000707,0.24736545757013967,0.06950851939891227,0.33039574021968676,0.3527302828112613,0.11135652364740542
5.279999999999975,-0.15452115473249461,-0.009917224821395189,0.4196491092211554,3.4287411877663776,-10.352131444586576,0.15483907326001936,0.07546489114458878,44.982662200927734,0.21280557690886304,1,4,1,1,1,1,187.1961907076908,52.66363370041712,249.88462399799448,267.06000960913684,756.8044580152392,0.24735080340121537,0.06958684392337006,0.33018386896574375,0.3528784837096708,0.1113208879555697
5.299999999999975,-0.15450094393548078,-0.010070256980397423,0.4195701519194235,3.4387964717417234,-10.365359009104557,0.15482878205490674,0.0769114979185397,44.972164154052734,0.21275700093360608,1,4,1,1,1,1,187.0897230748832,52.704576322813836,249.61338680473253,267.0366494796495,756.4443356820791,0.2473278128339557,0.06967409740108714,0.32998249181105754,0.3530155979538996,0.11128115760368906
5.3199999999999745,-0.15447404389750538,-0.01022486489235937,0.4194915095251725,3.4489303913887115,-10.378624836120059,0.15481207349595,0.07852984436434583,44.96108627319336,0.21270207219364148,1,4,1,1,1,1,186.99773325180004,52.75844055581048,249.359422151496,267.0148785816639,756.1304745407704,0.2473088171262659,0.06977425501578002,0.32978358966809584,0.35313333818985826,0.1112322662797173
5.339999999999974,-0.15444017054445008,-0.010381070000116614,0.41941279527633374,3.4591544953404068,-10.391878179053796,0.15478867171775249,0.0803031100599652,44.94931411743164,0.2126409500717569,1,4,1,1,1,1,186.91810108280907,52.82711147771505,249.12259494765698,266.99462839006435,755.8624358982454,0.24729116331952775,0.06988984895768344,0.32958721470475877,0.3532317730180301,0.11117320721463762
5.359999999999974,-0.1543992117027862,-0.010538854408944828,0.4193337452419399,3.469455443276666,-10.405082954168199,0.15475846996754242,0.08215294047814738,44.93684387207031,0.21257415177630032,1,4,1,1,1,1,186.85176263434172,52.90953524170134,248.90239420289754,266.9755116867764,755.639203765717,0.24727642729912463,0.07001957412747703,0.3293931719827347,0.35331082659066365,0.11110442632253446
5.379999999999973,-0.15435119098614278,-0.010698191311476209,0.419254216049695,3.47983280163782,-10.418221937055716,0.15472149642560232,0.08387130220110621,44.923851013183594,0.21250438271002678,1,4,1,1,1,1,186.81622056046695,52.998661412379434,248.69768648337566,266.9571194335898,755.4696878898119,0.2472848660312031,0.07015325996786981,0.3291961153041645,0.35336575869676257,0.11102784178178125
5.399999999999973,-0.15429648966119805,-0.010859120560985367,0.41917433273399407,3.4903852536750386,-10.431325123075743,0.1546781407346436,0.08556708229017432,44.91067123413086,0.21243357834663765,1,4,1,1,1,1,186.85277871881266,53.09309205550871,248.5057468631136,266.94052035004336,755.3921379874783,0.24735864900133497,0.07028547079793515,0.32897581847381224,0.3533800617269176,0.110937939641594
5.419999999999972,-0.15423574121908531,-0.011021683088166515,0.4190943425189467,3.5011624591401542,-10.444454436781214,0.1546290443852533,0.08733781861566686,44.89745330810547,0.21236119586289492,1,4,1,1,1,1,186.8768337721727,53.194241971109214,248.32630993093633,266.9262278061843,755.3236134804025,0.2474129372323951,0.07042576323808972,0.3287681008497682,0.35339319867974694,0.11084692896861759
5.439999999999972,-0.15416953528893004,-0.01118585922085038,0.4190143650198749,3.51208736736704,-10.457639516210477,0.15457480084966413,0.08914565837050831,44.88418960571289,0.21228589765889325,1,4,1,1,1,1,186.86504394381242,53.296766261823564,248.15831102789667,266.91275355356197,755.2328747870946,0.24742705221418093,0.07056997654776123,0.32858515474164735,0.3534178164964105,0.11076170896459818
5.4599999999999715,-0.154098419819903,-0.01135157152729904,0.4189343926645675,3.523057252646173,-10.470879238969731,0.1545159576455793,0.09090834424415961,44.87105941772461,0.2122095948064551,1,4,1,1,1,1,186.83711774767278,53.39824437560982,247.9997552666777,266.898590353936,755.1337077438964,0.24742256348995958,0.07071362836542829,0.32841833535364684,0.3534454727909652,0.11068044925983586
5.479999999999971,-0.15402288832686586,-0.01151868674443067,0.4188542878666291,3.5339950374284292,-10.484155337424717,0.15445300344398136,0.0925747512353371,44.85825729370117,0.2121352248626046,1,4,1,1,1,1,186.79356400845754,53.49853983720387,247.8490279254258,266.8831742334294,755.0243060045166,0.24740072938438637,0.07085671204455747,0.3282662901768134,0.35347626839424273,0.11060292053790703
5.499999999999971,-0.15394346434964393,-0.011687030533979023,0.4187738571651324,3.54487667775628,-10.497443947101905,0.15438645309311388,0.09415140479013263,44.84576416015625,0.2120632699970698,1,4,1,1,1,1,186.7504078148112,53.59821353893819,247.7042830322804,266.8664884274747,754.9193928135045,0.24737794470852345,0.07099859143793265,0.32812017467071924,0.35350328918282464,0.11052609646979626
5.51999999999997,-0.1538607192044163,-0.011856412438174096,0.4186929070257108,3.5557261681615238,-10.510727568120531,0.15431686696535907,0.09564950633042973,44.83343505859375,0.21199328143896476,1,4,1,1,1,1,186.71192246085994,53.69942447026753,247.56407504023704,266.84905640430026,754.8244783756647,0.24735806509965386,0.07114160445064706,0.32797568458958765,0.3535246458601115,0.11044779894387079
5.53999999999997,-0.15377525769611453,-0.01202664673773054,0.41861128572676604,3.5665853223023114,-10.5239967054134,0.15424483819972906,0.09707705799501151,44.82114028930664,0.21192475698437993,1,4,1,1,1,1,186.67917354673074,53.803863404772855,247.4270002358725,266.831320012486,754.7413571998621,0.24734191622852392,0.07128781653676508,0.3278301869581418,0.35354008027656914,0.11036665727604375
5.559999999999969,-0.15368770334828424,-0.012197567416914128,0.41852890668526344,3.577493672842654,-10.53724996082601,0.15417097914769948,0.09843201836415748,44.80883026123047,0.21185766229041916,1,4,1,1,1,1,186.65225164736955,53.91179285487988,247.29165963333784,266.81343622774045,754.6691403633278,0.24732991143311853,0.0714376538954867,0.3276822204685378,0.353550214202857,0.11028238193120769
5.579999999999969,-0.1535986824353603,-0.012369036936489594,0.4184457569423549,3.5884789587264936,-10.550493973384812,0.1540959062422325,0.09970712905693638,44.796443939208984,0.21179151549455608,1,4,1,1,1,1,186.63040399418142,54.023111495453946,247.1567777658267,266.79549206609494,754.605785321557,0.24732172430225058,0.0715911705771422,0.32753098713722,0.35355611798338715,0.11019506240640786
5.599999999999969,-0.1535088063669278,-0.01254095105294124,0.41836188883534403,3.5995557660545203,-10.563742634253202,0.15402022297578719,0.10088658737761284,44.784000396728516,0.21172637646595507,1,4,1,1,1,1,186.61241999963173,54.13622147100857,247.02092865026395,266.7773571241846,754.5469272450889,0.24731718235334757,0.07174665950687022,0.32737649539195274,0.3535596627478294,0.1101058316973605
5.619999999999968,-0.15341865613005218,-0.012713239531318319,0.4182774005401994,3.6107291704212474,-10.577015300059802,0.15394450463765139,0.10195657312947957,44.77156066894531,0.2116625419847332,1,4,1,1,1,1,186.5962883628112,54.249269444102026,246.88294894669986,266.7589889621858,754.4874957157989,0.24731528278779916,0.07190214516760751,0.3272194043619988,0.3535631676825945,0.11001615757797181
5.639999999999968,-0.1533287682792536,-0.012885863929337124,0.41819241185041345,3.6219991692498454,-10.590334183460564,0.1538692843657838,0.1029042248404953,44.75920486450195,0.2116003304650165,1,4,1,1,1,1,186.57993154131697,54.36053274042311,246.74178395992965,266.74042223849887,754.4226704801686,0.24731485259127242,0.07205580487901321,0.3270604047501456,0.3535689377795688,0.1099274504467684
5.659999999999967,-0.1532396237662165,-0.01305881443514811,0.418107042211241,3.6333649054683126,-10.603721889657205,0.153795041943696,0.10372391655899947,44.747005462646484,0.2115401403602258,1,4,1,1,1,1,186.56188622798055,54.46828958412924,246.59645743305083,266.72172547610535,754.348358721266,0.24731529414902026,0.07220575077071976,0.326899972117748,0.35357898296251195,0.10984103755856513
5.679999999999967,-0.15315164229039827,-0.013232105093178428,0.41802139380918363,3.644827133523059,-10.617199145364417,0.15372219794630515,0.10441877925090343,44.735023498535156,0.21148247489191882,1,4,1,1,1,1,186.54040742700022,54.57191649313509,246.4462905337489,266.7031105657311,754.2617250196154,0.24731522393257996,0.07235143277582579,0.3267384282655199,0.35359491502607426,0.109757590000938
5.699999999999966,-0.1530651770113192,-0.013405769657546262,0.4179355398319378,3.656388217529286,-10.630783123986562,0.15365110827331402,0.10499438943814236,44.72332000732422,0.21142769386846172,1,4,1,1,1,1,186.5144200712097,54.67075920831074,246.29059184440933,266.6847468497886,754.1605179737185,0.2473139545574958,0.07249220544613016,0.3265758230172854,0.35361801697908857,0.10967768925464214
5.719999999999966,-0.1529804798004286,-0.013579868736577409,0.4178494974863796,3.668061435841029,-10.644486239738878,0.1535820303123774,0.1053883419615716,44.71202087402344,0.2113775991951293,1,4,1,1,1,1,186.48310149967236,54.7614778543994,246.1290007858728,266.6670226108992,754.0406027508438,0.2473117506131054,0.07262404392365875,0.3264134582248759,0.3536507472383599,0.10960377557333223
5.739999999999966,-0.1528977387727102,-0.013754476832607183,0.4177632537266382,3.679858714113424,-10.658314961146347,0.15351515936462645,0.10566737026699863,44.70116424560547,0.21133248945352956,1,4,1,1,1,1,186.44622718670647,54.84822363274418,245.96135651269228,266.6504426809263,753.9062500130692,0.2473069127407743,0.07275204792610934,0.3262492604464129,0.3536917788867035,0.10953312736415403
5.759999999999965,-0.15281709284297948,-0.013929670831953124,0.4176767785038726,3.6917788122420085,-10.672270105844703,0.15345064220936444,0.10589562245009979,44.69075012207031,0.21129246976800867,1,4,1,1,1,1,186.40363533151398,54.933187180341015,245.78750271176625,266.6351661128033,753.7594913364245,0.24729855805996967,0.07287893261940069,0.3260821330103348,0.3537403763102949,0.10946429433724271
5.779999999999965,-0.15273862932875562,-0.014105523378425043,0.4175900237675547,3.7038125959249717,-10.68634793353434,0.15338857414751042,0.10608926201731017,44.680782318115234,0.21125746801696865,1,4,1,1,1,1,186.355712066247,55.01623749831171,245.60744795840196,266.621162804675,753.6005603276357,0.24728711983073226,0.07300450715481532,0.3259119763016386,0.3537963967128139,0.10939730837971633
5.799999999999964,-0.15266238215679326,-0.014282099459763166,0.4175029267578857,3.715952230270051,-10.700541673100036,0.15332899690132118,0.10625755959460469,44.671241760253906,0.2112275157818978,1,4,1,1,1,1,186.30313032420582,55.0983948981515,245.42120777913138,266.6085813889952,753.431314390484,0.24727287911429938,0.07312995072779178,0.32573799773330886,0.3538591724245999,0.10933140390031135
5.819999999999964,-0.15258833563801374,-0.014459453190794207,0.41741542123351283,3.728192938705561,-10.714843181570519,0.15327190205434232,0.10641375346917645,44.66207504272461,0.21120223710297392,1,4,1,1,1,1,186.2464708425587,55.180623504761506,245.22901400105275,266.59757714109224,753.2536854894652,0.24725597024000687,0.07325636046361336,0.32555966034431366,0.35392800895206616,0.10926588801174487
5.839999999999963,-0.15251641751843212,-0.014637625179282724,0.41732744102839164,3.740530263042989,-10.729243322235083,0.15321722384753575,0.10656526456521775,44.65327072143555,0.2111817702191979,1,4,1,1,1,1,186.18424012155734,55.26375621891141,245.03128496551875,266.5883259689038,753.0676072748913,0.24723442931677547,0.07338485374360094,0.3253775392785887,0.3540031776610349,0.10920049525947802
5.859999999999963,-0.15244650963994386,-0.014816640271026048,0.41723893523836103,3.7529599139727483,-10.743732375112835,0.15316484952600087,0.10673003658115952,44.64479446411133,0.21116601111850608,1,4,1,1,1,1,186.12003688331308,55.34892753424906,244.8282377290921,266.5808349784052,752.8780371250594,0.24721140437836542,0.07351645924697778,0.3251897726542713,0.35408236372038554,0.10913392778106208
5.879999999999963,-0.15237847297367288,-0.0149965102476869,0.4171498914017344,3.765484734917436,-10.758305141132412,0.1531146444511345,0.1069179409384319,44.63652420043945,0.21115391615274728,1,4,1,1,1,1,186.0561949245614,55.43688246632681,244.62036398300205,266.57520632250726,752.6886476963975,0.2471887884771294,0.07365181159034523,0.3249954210571161,0.3541639788754092,0.10906538651227098
5.899999999999962,-0.15231214566996368,-0.015177235085455541,0.4170603362023239,3.778108843699181,-10.772961269618795,0.15306645022155382,0.10713626080892272,44.628456115722656,0.21114517093410576,1,4,1,1,1,1,185.99233890251318,55.52772353773874,244.40804783064846,266.5715186780709,752.4996289489713,0.2471660207491288,0.07379103112023487,0.3247949081011737,0.35424804002946253,0.10899491304633421
5.919999999999962,-0.15224734621773192,-0.015358803801172943,0.4169703320513197,3.790833987557041,-10.787704040052652,0.1530200878464813,0.10738731083893255,44.62059020996094,0.21113957345238996,1,4,1,1,1,1,185.92843054339136,55.621022732451074,244.19190345373153,266.56972227395306,752.3110790035271,0.24714301800481614,0.07393354196793678,0.3245890034972975,0.35433443652994945,0.10892285581871579
5.939999999999961,-0.1521838692069196,-0.015541191659045812,0.416879960868048,3.8036565740544193,-10.80253838826457,0.15297535319446726,0.10766974811447633,44.612892150878906,0.2111365186365829,1,4,1,1,1,1,185.86163447304813,55.71633282005482,243.97244122808632,266.5697038768785,752.1201123980678,0.24711695832789912,0.07407903591676104,0.3243796266133636,0.35442437914197616,0.1088499854703595
5.959999999999961,-0.15212146812849922,-0.015724352913569294,0.41678929644053586,3.816563127331278,-10.817467116734216,0.15293199907187666,0.1079897691087528,44.605308532714844,0.21113515392271728,1,4,1,1,1,1,185.78171011419803,55.81304370386893,243.75046821709424,266.57127790592034,751.9164999410816,0.24707758125903,0.07422771505644883,0.324172256143061,0.35452244754146,0.10877833229437703
5.9799999999999605,-0.15205986889388368,-0.01590822519572314,0.41669841391025975,3.829534041223342,-10.832488725450181,0.1528897490249197,0.1083390492140954,44.59788513183594,0.21113554850591573,1,4,1,1,1,1,185.70389616049147,55.91072999186444,243.5263661497166,266.57413233309796,751.7151246351705,0.24704025511076294,0.07437755096253992,0.3239609769298006,0.3546212169968966,0.10870582993801073
5.99999999999996,-0.15199880422120104,-0.016092735629808307,0.4166073972466163,3.8425600134634,-10.847603741624118,0.15284833209664378,0.10871406014299814,44.59062576293945,0.21113772241939985,1,4,1,1,1,1,185.62763096003076,56.009028526556015,243.3006940874639,266.57804022002705,751.5153937940777,0.2470044293076643,0.07452811877051585,0.32374678695421455,0.35472066496760535,0.10863282285215957
6.01999999999996,-0.15193802018332292,-0.01627780316160659,0.416516332452365,3.8556369411413915,-10.862814279053758,0.15280748951866152,0.10911541531313877,44.58357238769531,0.21114154147027975,1,4,1,1,1,1,185.55258025787225,56.10710495176221,243.07407191259398,266.5830253608799,751.3167824831083,0.24696983294399388,0.0746783597277406,0.3235307364081927,0.3548210709200728,0.10855998982786531
6.039999999999959,-0.151877280145504,-0.01646334098931781,0.41642530048552223,3.8687612569546355,-10.878122278256273,0.1527669788302644,0.1095409475406992,44.57672119140625,0.2111470692398695,1,4,1,1,1,1,185.4784022546687,56.204579702388564,242.8469667656846,266.5888900086686,751.1188387314105,0.24693616068521104,0.07482781259662498,0.3233136412552731,0.35492238546289084,0.10848764827891737
6.059999999999959,-0.1518163677249936,-0.01664925878671305,0.41633437113167826,3.881927968055217,-10.893528444018633,0.15272657701709097,0.10998704730477267,44.57009506225586,0.21115414088890716,1,4,1,1,1,1,185.4049227594459,56.30092720815891,242.61986746233447,266.5955077634246,750.9212251933639,0.24690329230167082,0.0749758101372901,0.3230962973511094,0.35502460020992976,0.10841620263060797
6.079999999999958,-0.151755089407137,-0.016835464719902795,0.4162435982948316,3.895129798486914,-10.909031502638681,0.15268608329937355,0.110448615421017,44.56370162963867,0.211162891632101,1,4,1,1,1,1,185.33245096236436,56.395712915194615,242.39315153402856,266.6026435892465,750.723959000834,0.2468716346938362,0.07512177044443037,0.3228792003077116,0.3551273945540218,0.10834589143708663
6.099999999999958,-0.15169327638438515,-0.017021867310235615,0.41615301940907545,3.9083584056575447,-10.924628316173216,0.1526453211433509,0.11092107450278406,44.55754089355469,0.21117318589749876,1,4,1,1,1,1,185.2612924307926,56.48895644844111,242.16713020516613,266.6101231987609,750.5275022831607,0.24684144400733338,0.07526567151316571,0.32266256661944515,0.35523031786005577,0.10827664846627526
6.1199999999999575,-0.15163078567542304,-0.017208377364662065,0.416062653886959,3.921604627511528,-10.940313927189061,0.15260413957711202,0.11139899837857126,44.55160140991211,0.21118503898904864,1,4,1,1,1,1,185.1914194955648,56.580504645313816,241.94210268497204,266.6177682456159,750.3317950714666,0.24681270434225158,0.07540731316060612,0.3224468218915445,0.3553331606055977,0.10820857391717902
6.139999999999957,-0.15156750048232676,-0.017394909779617943,0.41597250508981054,3.934858795981057,-10.956081785102938,0.15256241374827934,0.11187779642497167,44.54587936401367,0.21119844679159935,1,4,1,1,1,1,185.12341161506077,56.67032909072763,241.7182411558112,266.6254037678324,750.137385629432,0.24678600901850237,0.07554660009802895,0.3222319614866124,0.35543542939685635,0.1081415790846531
6.159999999999957,-0.15150332777513179,-0.017581385215252585,0.4158825586485506,3.948112361626396,-10.971924134743029,0.15252004272562383,0.11235155899507736,44.54039001464844,0.2112134823086458,1,4,1,1,1,1,185.05603577528078,56.758269265447026,241.49572498004363,266.63291292726075,749.9429429480322,0.24676015357624928,0.07568345005331976,0.3220187978977732,0.35553759847265776,0.10807595492543563
6.179999999999956,-0.15143818825060312,-0.01776772961082825,0.4157927766969317,3.9613549530709764,-10.987831010869622,0.15247693948970978,0.11281494263764999,44.535125732421875,0.2112303939911434,1,4,1,1,1,1,184.98627269122937,56.84441479802549,241.2746847486097,266.64024145924304,749.7456136971076,0.24673205059384667,0.07581826923630429,0.3218087313093413,0.35564094886050773,0.10801210440682485
6.199999999999956,-0.1513719646495653,-0.017953862723900427,0.41570307463137607,3.974560812275363,-11.00378484882342,0.15243297828415578,0.11326948082360648,44.53009033203125,0.21124952005615397,1,4,1,1,1,1,184.90840831852566,56.930483353077555,241.05560320079837,266.6472066411243,749.5417015135258,0.24669529119613487,0.07595372377296637,0.32160399176462423,0.3557469932662746,0.10794974014589051
6.219999999999955,-0.15130455643345994,-0.018139708804937944,0.4156133652771003,3.987712233028275,-11.019765620059989,0.15238805016488008,0.11370952890358993,44.5252799987793,0.21127095720891206,1,4,1,1,1,1,184.8340740663703,57.015823608594616,240.83824862720664,266.65360414958303,749.3417504517546,0.2466619188840601,0.0760878778931263,0.3213997464868504,0.3558504567359632,0.10788745523791363
6.239999999999955,-0.1512358852752905,-0.018325200214094825,0.41552357155216063,4.000803239524408,-11.035757284568541,0.1523420689037913,0.11413757162100042,44.520660400390625,0.21129462709648458,1,4,1,1,1,1,184.76376535902355,57.10127789821932,240.62279855767937,266.65953944755097,749.1473812624732,0.24663206463814527,0.07622168791672405,0.3211955411926804,0.35595070625245023,0.10782462842531122
6.2599999999999545,-0.15116589553950924,-0.018510281730652726,0.4154336361073927,4.013834110212651,-11.051748121641415,0.15229497202471903,0.11455419818869424,44.51624298095703,0.21132069121481456,1,4,1,1,1,1,184.69811050107884,57.187247162560396,240.40929766282784,266.6651190833392,748.9597744098063,0.24660618208317564,0.07635556556775693,0.3209909341957312,0.35604731815333623,0.1077609090009495
6.279999999999954,-0.15109455449336304,-0.01869491259802729,0.4153435264335149,4.026807208996946,-11.067730831246882,0.15224672132625955,0.11495978200815479,44.51201629638672,0.2113490701390236,1,4,1,1,1,1,184.6371628444035,57.273697743906304,240.19783634932887,266.6704886207451,748.7791855583838,0.24658426196331143,0.07648943620300536,0.32078594194656623,0.35614035988711695,0.10769634231221084
6.299999999999954,-0.15102185204712104,-0.01887906843373063,0.41525323379540574,4.039725247978745,-11.083702227766144,0.15219730293493378,0.11535520543548249,44.50801086425781,0.21137992004993042,1,4,1,1,1,1,184.58098853873162,57.36018714599062,239.98835744230368,266.67567694580964,748.6052100728356,0.2465665294004203,0.07662274637443381,0.3205806668363342,0.3562300573888117,0.10763121807704529
6.319999999999953,-0.15094779980332437,-0.019062740798112612,0.4151627699807404,4.052590358529985,-11.099662710340487,0.1521467263933093,0.11574005613380635,44.50420379638672,0.2114130025039773,1,4,1,1,1,1,184.52919269437032,57.44658321916367,239.7808194180111,266.68073280831675,748.4373281398618,0.24655263140467923,0.0767553688990089,0.3203752811393753,0.3563167185569366,0.10756569085413745
6.339999999999953,-0.15087242864733505,-0.01924593653389592,0.4150721615160311,4.0654039653160545,-11.115615625684352,0.1520950222690143,0.11611359676700571,44.5006103515625,0.21144822805461047,1,4,1,1,1,1,184.48117464182877,57.53229381662866,239.57515580797804,266.6857085938719,748.2743328603074,0.2465421658078828,0.07688663273629774,0.320170217374947,0.35640098408087245,0.10750025972352696
6.359999999999952,-0.15079578751070435,-0.01942867656352205,0.4149814423449354,4.078167593606888,-11.13156628227011,0.15204224085425552,0.11647358335489061,44.497276306152344,0.21148599499139428,1,4,1,1,1,1,184.4366834397032,57.616775563192675,239.37128269193184,266.69062140540564,748.1153631002334,0.24653508340663785,0.07701589675210709,0.3199657358992915,0.35648328394196355,0.10743532889891351
6.379999999999952,-0.15071794165708363,-0.01961099366613782,0.41489064632168177,4.090883765389694,-11.147521204260633,0.15198845025172592,0.1168223544074084,44.494197845458984,0.2115260016685271,1,4,1,1,1,1,184.39465899070484,57.69973112132162,239.16904357915297,266.69554919731513,747.9589828884946,0.2465304424563537,0.07714290815586537,0.3197622450572376,0.35656440433054337,0.10737126610051437
6.3999999999999515,-0.1506389702736051,-0.019792930070004426,0.41479979932806393,4.103555536374653,-11.163486812615744,0.1519337337323353,0.11715887850859481,44.491397857666016,0.21156836174895552,1,4,1,1,1,1,184.35446218634223,57.78074580295919,238.9683044491905,266.7005332596577,747.8040456981496,0.2465277678649478,0.07726722813998031,0.3195600583119202,0.35664494568315175,0.10730844913445238
6.419999999999951,-0.150558964519279,-0.019974535708595198,0.4147089152636097,4.116187349678745,-11.17946886323501,0.1518781876172199,0.11748443822057233,44.48887252807617,0.2116130352864036,1,4,1,1,1,1,184.31578629340686,57.85973503338776,238.76883667672098,266.7056148093394,747.649972812855,0.24652684143084042,0.07738880109324993,0.3193591190519409,0.3567252384239687,0.10724697283698319
6.439999999999951,-0.15047802494858958,-0.020155866622187622,0.414617992823421,4.128785051894886,-11.195472000273686,0.1518219185484091,0.11779864852701619,44.486629486083984,0.21166005117093498,1,4,1,1,1,1,184.27792818334362,57.9365943937146,238.57044535180938,266.7108792518962,747.4958471807638,0.2465270260408289,0.07750758029255517,0.3191595595501909,0.356805834116425,0.10718701796758327
6.45999999999995,-0.1503962601514338,-0.020336983615645367,0.41452701723630564,4.141355185888322,-11.211499542083308,0.15176504198965185,0.11810295655922841,44.484649658203125,0.2117094523366346,1,4,1,1,1,1,184.240944292411,58.011711307935784,238.3729332093826,266.71640749649004,747.3419963062195,0.2465282898633188,0.07762404842048484,0.31896097688548813,0.3568866848307082,0.10712831229571906
6.47999999999995,-0.15031378458720393,-0.020517950120769787,0.41443595996302085,4.153905058864591,-11.227553585934984,0.15170767981248262,0.11840022417070412,44.48294448852539,0.2117611598250274,1,4,1,1,1,1,184.20356288595178,58.08517695640808,238.17604160163592,266.7223110935119,747.1870925375076,0.24652936958584445,0.07773846408286596,0.3187635921182349,0.3569685742130548,0.10707099222265865
6.499999999999949,-0.15023071717084774,-0.020698830220239613,0.4143447802936,4.1664420477333515,-11.243634780799354,0.15164995863551545,0.11869339028322966,44.4814453125,0.21181473368975176,1,4,1,1,1,1,184.16568618972462,58.15725778148709,237.97954880144613,266.7286447255293,747.0311374981871,0.2465301336788944,0.077851182985834,0.3185671076555676,0.35705157567970397,0.10701488597319153
6.519999999999949,-0.1501471770823769,-0.020879686450355185,0.41425342901168527,4.178972275652864,-11.259742674242553,0.1515920053699132,0.11898363107456039,44.48004913330078,0.21186901928013027,1,4,1,1,1,1,184.12682183801985,58.22883620464658,237.78312070026564,266.73550891857667,746.8742876615088,0.24652987106374727,0.07796336969500348,0.31837100918920835,0.35713575005204085,0.10695946404864841
6.5399999999999485,-0.15006327303670136,-0.021060581323324296,0.4141618526807279,4.191500604812797,-11.275875783020107,0.1515339367935907,0.11926776580299964,44.47873306274414,0.2119241581184228,1,4,1,1,1,1,184.08774855781996,58.29989550669357,237.586633566234,266.74296793080964,746.7172455615572,0.24652939201823257,0.07807492843271623,0.3181748312074414,0.35722084834160983,0.10690462254088498
6.559999999999948,-0.14997910341093557,-0.021241575456913166,0.414069998155959,4.204032064092989,-11.29203230038419,0.15147585942268108,0.11954622640944004,44.4775276184082,0.21198038900653737,1,4,1,1,1,1,184.04797914263176,58.371032897910496,237.38988445260125,266.75111624236564,746.5600127355092,0.24652804329587924,0.07818665867735157,0.317978301011286,0.35730699701548313,0.10685003481126022
6.579999999999948,-0.14989475737583466,-0.021422725452308066,0.4139778171325811,4.2165714525036115,-11.308210562723152,0.15141787032766413,0.11981993149741531,44.476409912109375,0.21203775404427497,1,4,1,1,1,1,184.007477098979,58.442651463432696,237.19266304023705,266.7600467611692,746.4028383638179,0.24652569315296272,0.07829907452059566,0.31778103036181465,0.357394201964627,0.10679543683027809
6.599999999999947,-0.14981031399781836,-0.021604083218951353,0.4138852693917447,4.2291237815755,-11.324409593925495,0.15136005613059314,0.12008811673621754,44.475372314453125,0.2120961983812443,1,4,1,1,1,1,183.96623727737264,58.51494575813046,236.99479204554092,266.7697857315245,746.2457608125685,0.24652232138251126,0.07841243304942193,0.3175827649425883,0.35748248062547855,0.1067406917947382
6.619999999999947,-0.14972584247993753,-0.021785694843244673,0.41379232683689765,4.241694496069187,-11.340629491437754,0.1513024930598635,0.12035430488744879,44.47443389892578,0.21215598422478688,1,4,1,1,1,1,183.9242847667579,58.588293789081604,236.79617019226714,266.7805205909939,746.0892693391005,0.2465177993106393,0.07852718997148986,0.317383160331505,0.3575718503863659,0.10668557024326498
6.639999999999946,-0.14964140159522457,-0.021967599878511705,0.41369897487643603,4.254288476374824,-11.35687150671879,0.15124524625853755,0.1206195729344378,44.47355651855469,0.21221684274128252,1,4,1,1,1,1,183.8815656569612,58.66267661685393,236.5966562778512,266.79222779101787,745.9331263426841,0.2465121324729657,0.07864334555629335,0.31718212789112404,0.3576623940796171,0.10663008211682122
6.659999999999946,-0.14955703877419008,-0.02214983134595931,0.4136052141516082,4.266910870484066,-11.373138274658205,0.15118836885011702,0.12088364961237727,44.47275161743164,0.21227881929940437,1,4,1,1,1,1,183.8382822126874,58.73835706820313,236.39621135636924,266.8049595537982,745.7778101910579,0.2465054332544308,0.07876120241919665,0.3169794114627892,0.3577539528635834,0.10657402792341991
6.6799999999999455,-0.14947279135968508,-0.022332415361243238,0.41351106080412936,4.279565883471974,-11.389433841796967,0.1511319030936984,0.12114919947752088,44.47201919555664,0.21234201363203775,1,4,1,1,1,1,183.79408009725955,58.81521660845992,236.19479073284435,266.818773972087,745.6228614106508,0.24649737770853464,0.07888065086575655,0.3167751459309942,0.3578468254947147,0.10651755476732086
6.699999999999945,-0.1493886857816273,-0.022515370414452927,0.4134165431971819,4.292256821633522,-11.405763160964975,0.15107587942640546,0.12141665697102288,44.47134780883789,0.21240622507106754,1,4,1,1,1,1,183.74889016431467,58.89309222538621,235.99234714900484,266.83361580920814,745.4679453479139,0.24648798289852433,0.0790015085060438,0.3165694093511505,0.35794109924428136,0.10646077390846183
6.719999999999945,-0.1493047376813295,-0.02269870749873734,0.4133216993075174,4.304985982890117,-11.422131849573912,0.1510203165676852,0.12168418448808876,44.470787048339844,0.21247172787045152,1,4,1,1,1,1,183.7023170161191,58.97186612556986,235.78889985839788,266.8494838021056,745.3125668021925,0.2464768812423286,0.0791236707286342,0.3163624368633204,0.3580370111657168,0.10640383108598145
6.739999999999944,-0.14922095224352377,-0.02288242992318447,0.4132265716066447,4.317754694815632,-11.438545506684527,0.1509652217818841,0.12195258271710196,44.470298767089844,0.21253824486426676,1,4,1,1,1,1,183.6542977328637,59.051072599024664,235.5844723168642,266.86629565356486,745.1561383023175,0.24646418152211919,0.07924657607137237,0.3161545080385357,0.3581347343679728,0.10634704216186605
6.759999999999944,-0.1491373250850341,-0.023066532941110746,0.4131312038173668,4.33056361496117,-11.455009319405486,0.15091059166089862,0.12222165095892652,44.46992874145508,0.21260606302211835,1,4,1,1,1,1,183.6045790049821,59.13062279788408,235.37907473284918,266.8840255424983,744.9983020782137,0.24644966101641713,0.07937014437876698,0.3159457868242737,0.3582344077805421,0.10629050564808035
6.779999999999943,-0.14905384262268478,-0.023251004323184315,0.41303563727636866,4.343412047317553,-11.471527558778115,0.15085641253398815,0.12249011038186887,44.469669342041016,0.2126750326150305,1,4,1,1,1,1,183.552972702548,59.210251509861074,235.17284321087982,266.9026089074944,744.8386763307833,0.24643319222729515,0.07949406145441051,0.31573661610778037,0.35833613021051397,0.10623443062784647
6.799999999999943,-0.14897048286764464,-0.02343582457667543,0.4129399079945194,4.356298008790286,-11.48810323589125,0.15080266124776415,0.12275657732620235,44.469547271728516,0.212745398494229,1,4,1,1,1,1,183.4994651632155,59.28984831129192,234.9657452869084,266.9219491585225,744.6770079199384,0.2464148392009222,0.0796182071968392,0.31552705775517914,0.3584398958470594,0.10617887620207953
6.8199999999999426,-0.14888721649275027,-0.02362096726729551,0.4128440453344188,4.369219198994416,-11.504738030824464,0.15074930623257188,0.12302144415991893,44.46956253051758,0.21281710938646523,1,4,1,1,1,1,183.44419922316138,59.36923329199977,234.75792595693426,266.9419782973836,744.5133367694791,0.24639477919783795,0.0797423368527004,0.3153172876332523,0.3585455963162093,0.10612394171535726
6.839999999999942,-0.14880400787778,-0.02380639964272487,0.4127480709968337,4.382172975967606,-11.521432208582121,0.15069630859592925,0.12328384307958393,44.469703674316406,0.2128901599271955,1,4,1,1,1,1,183.38718690160437,59.448499697100445,234.54947306206446,266.96258262500356,744.3477422857728,0.24637300079456365,0.07986656816415351,0.31510738830455853,0.3586530427367243,0.10606954730183855
6.859999999999942,-0.1487208162837194,-0.023992083890572505,0.41265200014562703,4.395156216310063,-11.538184768619386,0.1506436234478847,0.1235436285415755,44.46998977661133,0.21296463191393844,1,4,1,1,1,1,183.32879366648262,59.527530853140696,234.3404644108541,266.9837504072629,744.1805393377404,0.24634988954377954,0.07999071153636363,0.3148973293757425,0.3587620695441143,0.10601572124203669
6.879999999999941,-0.14863759714976535,-0.024177978160214324,0.412555841954467,4.408165308646732,-11.554993588621782,0.15059120131791143,0.12379984891157117,44.47041320800781,0.21304056119169856,1,4,1,1,1,1,183.26913560227447,59.60642538170178,234.13099952852298,267.00538521330816,744.0119457258074,0.24632552831324445,0.08011487681633096,0.31468715102433026,0.35887244384609424,0.10596236756270198
6.899999999999941,-0.1485543026216767,-0.024364037720002913,0.41245960099145035,4.421195963012396,-11.571855648993406,0.15053898884154374,0.12405165784431683,44.470977783203125,0.21311793903909934,1,4,1,1,1,1,183.2084626614634,59.6852433281958,233.92119564545112,267.02740259471034,743.8423042298207,0.2463001386445191,0.08023910846263888,0.3144768646731577,0.3589838882196843,0.10590939906256054
6.91999999999994,-0.1484708832022064,-0.024550216135513957,0.4123632795019516,4.4342435007345,-11.588767341306584,0.1504869305658922,0.12429919709244036,44.471683502197266,0.2131968735190314,1,4,1,1,1,1,183.14723564991948,59.763970447163494,233.71116423727338,267.04976644135496,743.6721367757114,0.24627416652179343,0.08036333148943575,0.31426639869897366,0.3590961032897971,0.1058567556809955
6.93999999999994,-0.14838728870975235,-0.024736466262105884,0.41226687807029266,4.447303019145984,-11.605724735835157,0.1504349700494127,0.12454170291845937,44.4725341796875,0.2132773439843717,1,4,1,1,1,1,183.08551396923326,59.84266448780398,233.50100158740315,267.0724033408146,743.501583385255,0.24624764500920387,0.08048760866834055,0.31405582288640743,0.3592089234360481,0.10580438127349692
6.95999999999994,-0.14830346873379185,-0.024922741060576063,0.4121703970241911,4.460369828474814,-11.622723832407889,0.15038305044268555,0.12477786933252723,44.47350311279297,0.21335925296511016,1,4,1,1,1,1,183.02376597007895,59.92135569487229,233.2907980295424,267.09523646854933,743.331156163043,0.2462210341280708,0.08061192538219006,0.31384504213943126,0.3593219983503078,0.10575217389595405
6.979999999999939,-0.14821937365153243,-0.025108995146506937,0.4120738388785271,4.473439505371363,-11.639760971247659,0.15033111575093125,0.12500895294114187,44.474609375,0.21344259206561236,1,4,1,1,1,1,182.96209843309117,60.00007812309302,233.08066460532675,267.118285287306,743.161126448817,0.24619438762542992,0.08073629794093562,0.3136340913296943,0.3594352231039401,0.1057001054344912
6.999999999999939,-0.14813495559223086,-0.025295185164901486,0.41197720700549806,4.486507361896608,-11.656832664631002,0.1502791118580319,0.12523317062360578,44.475868225097656,0.2135276235516845,1,4,1,1,1,1,182.9006750499136,60.078561464898925,232.87068333973417,267.14144542029993,742.9913652748467,0.24616796856347736,0.08086037640918575,0.3134231354809768,0.35954851954636,0.10564831870693728
7.019999999999938,-0.148050169064904,-0.025481270688807886,0.41188050614687105,4.499569274236631,-11.673935751794447,0.15022698730941442,0.1254518441752324,44.47725296020508,0.21361406059622987,1,4,1,1,1,1,182.83967350028468,60.15700759667291,232.66099830741155,267.16474482819876,742.8224242325679,0.24614183354680202,0.08098437208438197,0.3132121361949737,0.3596616581738424,0.1055966634935259
7.039999999999938,-0.1479649719698681,-0.025667214571929938,0.41178374305918064,4.512620672744734,-11.691067483375106,0.1501746943859895,0.12566441555060132,44.478782653808594,0.21370198937581972,1,4,1,1,1,1,182.77917338749947,60.235229238911316,232.4516555181301,267.1881259168304,742.6541840613713,0.24611612956642953,0.08110804534824193,0.313001206358141,0.3597746187271875,0.10554524588407183
7.059999999999937,-0.1478793253211073,-0.025852983496212307,0.4116869240515349,4.525657523736287,-11.70822537287334,0.15012218894314497,0.1258699344761277,44.48044204711914,0.2137913147005235,1,4,1,1,1,1,182.71915344439276,60.31301814969826,232.24275831529812,267.21153721289755,742.4864671222867,0.24609088722192038,0.0812311346002819,0.312790560635293,0.35988741754250464,0.1054942061561618
7.079999999999937,-0.14779319451801398,-0.02603854818054728,0.4115900548269707,4.538676327383057,-11.725407147345242,0.15006943172142087,0.12607053185905226,44.48225402832031,0.21388213869330308,1,4,1,1,1,1,182.6597865116056,60.39036283353156,232.03442618840805,267.2349942437632,742.3195697773084,0.24606624147926276,0.08135359121900602,0.31258023583834255,0.35999993146338866,0.10544353523374295
7.099999999999937,-0.14770654940278924,-0.026223883101193626,0.4114931401815851,4.551674482895672,-11.742610807795712,0.15001638837601605,0.1262649865616687,44.48421096801758,0.2139744197847413,1,4,1,1,1,1,182.60100096540413,60.46727880990317,231.82666585785304,267.25849199586,742.1534376290203,0.24604211434870527,0.08147544125522047,0.3123702648315914,0.3601121795644829,0.10539323244705415
7.119999999999936,-0.14761936465123435,-0.02640896734551022,0.41139618362396096,4.564649827166526,-11.759834559315802,0.14996303003170589,0.1264539449820909,44.486297607421875,0.21406803496913465,1,4,1,1,1,1,182.54295391450745,60.54363148079724,231.61955074392324,267.2819870171431,741.9881231563711,0.24601870059318623,0.08159649675152267,0.3121607253747245,0.36022407728056643,0.1053433595946973
7.139999999999936,-0.14753161974381412,-0.026593784696751437,0.4112991871176462,4.577600093307974,-11.777076693026272,0.14990933329426337,0.1266372224277401,44.488529205322266,0.21416303237482148,1,4,1,1,1,1,182.4855352761576,60.619406380661665,231.41313352102864,267.30553119232854,741.8236063701764,0.24599585900087376,0.08171673947837682,0.3119516978616497,0.3603357036590997,0.10529395671977
7.159999999999935,-0.14744329924966168,-0.02677832313201075,0.41120214987563386,4.590523429980508,-11.79433553496728,0.14985528046547997,0.1268162042039158,44.490909576416016,0.21425942539200027,1,4,1,1,1,1,182.42867265867136,60.69453636501948,231.20746166955584,267.3290732038856,741.6597438971323,0.24597353996871923,0.08183609379429628,0.3117433075909593,0.3604470586460251,0.10524507176891293
7.179999999999935,-0.14735439304918124,-0.026962574488814242,0.41110506844570566,4.603418505190068,-11.811609348607197,0.14980085972369267,0.12698997190602612,44.493438720703125,0.21435722495061763,1,4,1,1,1,1,182.37257039580717,60.769055076509844,231.00253678953453,267.35264737397733,741.4968096358289,0.24595192862040197,0.08195457389271214,0.3115354426177326,0.3605580548691533,0.10519665668651884
7.1999999999999345,-0.14726489629314946,-0.027146534566375845,0.4110079374517629,4.616284772678719,-11.828896620370147,0.14974606512090896,0.12716024159058803,44.496089935302734,0.21445621991748207,1,4,1,1,1,1,182.31704792008662,60.84303687005644,230.79839647019713,267.3762733939612,741.3347546543014,0.24593079816567423,0.08207228446807234,0.3113281753232018,0.3606687420430516,0.10514869423964018
7.219999999999934,-0.1471748086210997,-0.027330202847449272,0.4109107493401853,4.629121728914185,-11.846195812132754,0.1496908957830771,0.12732532934626994,44.498878479003906,0.21455653840130406,1,4,1,1,1,1,182.26213091524056,60.91644773401738,230.59500268758347,267.3999656121074,741.1735469489488,0.24591019426627564,0.08218918225668034,0.3111214689688144,0.3607791545082296,0.10510120373369326
7.239999999999934,-0.14708413438684648,-0.027513582328483537,0.41081349512971455,4.641929261305939,-11.863505506313503,0.14963535611904746,0.1274867688504783,44.50179672241211,0.21465814607176248,1,4,1,1,1,1,182.20789125493343,60.98933266397073,230.39237050869943,267.42370654749897,741.0133009751025,0.24589017635063404,0.08230531433607818,0.3109152969393736,0.3608892123739142,0.10505413970004886
7.259999999999933,-0.14699288266885954,-0.02769667908644434,0.4107161656754849,4.654708091492144,-11.880824573244816,0.14957945576755716,0.1276450822279992,44.50483322143555,0.2147609318450526,1,4,1,1,1,1,182.1543625679251,61.06186330838911,230.1904448227092,267.44755432747064,740.8542250264941,0.24587072114141076,0.08242088827421541,0.3107094986391921,0.36099889194518164,0.10500738886951619
7.279999999999933,-0.14690106617774326,-0.02787950207641981,0.4106187511171652,4.667459426396771,-11.898152133791628,0.14952320850017498,0.1278000707566002,44.50801086425781,0.21486502955794048,1,4,1,1,1,1,182.1013583248252,61.13386673693114,229.98922845169042,267.4715457151912,740.6959992286379,0.2458516834362085,0.08253570533740705,0.3105042131875987,0.36110839803878586,0.10496110523111507
7.299999999999932,-0.1468087015273058,-0.028062062513804095,0.41052124170938026,4.680184370471962,-11.915487421793317,0.14946663238550004,0.12795212669198133,44.511295318603516,0.21497024649959726,1,4,1,1,1,1,182.0488472335525,61.205654885534656,229.78870791486102,267.4956875012447,740.5388975351929,0.2458329303693341,0.08265015529805571,0.31029930862469074,0.3612176057079195,0.10491508165069696
7.319999999999932,-0.1467158082489848,-0.028244374159061513,0.4104236289112515,4.692884179400504,-11.93283005000625,0.14940974888470276,0.1281005517263752,44.51470184326172,0.21507672327213065,1,4,1,1,1,1,181.99699826654336,61.277071859414676,229.58881877858727,267.51999020714436,740.3828791116896,0.2458147039878922,0.08276403140620273,0.31009471620149787,0.3613265484044073,0.10486939638091745
7.3399999999999315,-0.14662240875583024,-0.028426452055009307,0.4103259053832831,4.705560467560597,-11.950179963250642,0.1493525825883085,0.12824736396350853,44.516845703125,0.21516802640034816,1,4,1,1,1,1,181.94548630451285,61.34832963456904,229.3894824687957,267.5445146911512,740.2278130990288,0.24579660894229585,0.08287763381617459,0.30989038564821886,0.3614353715933107,0.10482396447198541
7.359999999999931,-0.14652852741978636,-0.028608312599187075,0.41022806460455996,4.7182151732406625,-11.96753735180509,0.14929516032873902,0.12839110137472387,44.50678634643555,0.21511431491815514,1,4,1,1,1,1,181.89438901956203,61.41933832324718,229.19068693411725,267.56924773683727,740.0736620137637,0.2457787627850742,0.08299084466284508,0.3096863173193898,0.36154407523269094,0.10477883136006258
7.379999999999931,-0.1464341901016941,-0.028789973224378675,0.41013010184265336,4.730850053951926,-11.98490271999646,0.14923751066337015,0.12853095991521807,44.496822357177734,0.21506154529124222,1,4,1,1,1,1,181.84358756112078,61.49020280278685,228.9923645599709,267.59423135339915,739.9203862772777,0.2457610182576815,0.08310380946815002,0.30948243730935443,0.3616527349648141,0.10473394978902445
7.39999999999993,-0.14633942390040305,-0.028971451518017444,0.41003201331679623,4.743467000561532,-12.002276748116433,0.1491796634617557,0.12866930501813859,44.48694610595703,0.21500975089903765,1,4,1,1,1,1,181.79293994400297,61.56084772054221,228.79447803623347,267.6195041437239,739.7677698445025,0.24574325532216068,0.08321645012120786,0.30927878634713374,0.3617615082094978,0.10468939967049508
7.41999999999993,-0.14624409877295608,-0.029152806680963605,0.4099338795793524,4.75607983551661,-12.019670435307871,0.14912150268586943,0.12881894269955887,44.4801139831543,0.21499313127414554,1,4,1,1,1,1,181.74193056054034,61.63183697841601,228.5957508588989,267.6450227108626,739.6145411087178,0.24572519935600567,0.08332967181259973,0.3090741706027343,0.3618709582286603,0.10464480534890541
7.439999999999929,-0.14614785844169986,-0.029334173590097372,0.40983598703308777,4.768718206616923,-12.037116952834282,0.14906270582311698,0.12902799065871326,44.47572708129883,0.21500735426712214,1,4,1,1,1,1,181.68933833243162,61.71246051973684,228.3987065914245,267.67168844899317,739.4721938925861,0.24570137975847048,0.08345474113757012,0.30886720079240887,0.3619766783115505,0.10459436552744718
7.459999999999929,-0.14605028388209607,-0.02951570871229847,0.4097387793944072,4.781391447053055,-12.054663730585661,0.14900289420957602,0.12933642854505978,44.470890045166016,0.21501903311482995,1,4,1,1,1,1,181.63329403220746,61.805415301518245,228.20710887514505,267.6996710086396,739.3454892175104,0.24566768402744957,0.08359476889069856,0.3086609875941342,0.36207655948771766,0.1045367597478862
7.4799999999999285,-0.1459509902568034,-0.029697530361935703,0.40964270557736093,4.794086192710626,-12.072359354047245,0.1489417163407875,0.12974972993843376,44.46579360961914,0.21502706667612362,1,4,1,1,1,1,181.57081720440482,61.901198839612256,228.021374426645,267.72819115915286,739.2215816298149,0.24562434555019702,0.08373835447706253,0.30846146824327003,0.3621758317294705,0.10447875575591474
7.499999999999928,-0.1458496414581267,-0.0298797068776075,0.4095481135434135,4.806789542848721,-12.090243865218278,0.1488788594682128,0.13025215885310565,44.46074676513672,0.21503243370237288,1,4,1,1,1,1,181.49906267538233,61.9930230524652,227.8418785348959,267.7568431061908,739.0908073689342,0.2455707213048625,0.08387741050812442,0.30827318681716925,0.3622786813698439,0.10442533198561671
7.519999999999928,-0.14574595885544517,-0.030062256472933327,0.40945519253086016,4.819490561583338,-12.108339772655468,0.1488140577598015,0.1308273733619677,44.45589828491211,0.21503564292555688,1,4,1,1,1,1,181.4164806912659,62.07760295182277,227.66891497774287,267.785266284257,738.9482649050885,0.2455063355681162,0.08400805022499931,0.3080985852331421,0.36238702897374236,0.10437888950569724
7.539999999999927,-0.1456397265021239,-0.03024515059178999,0.40936396022363714,4.832181576691526,-12.126648776857413,0.14874709768574815,0.13146292243934388,44.45125961303711,0.21503698772658061,1,4,1,1,1,1,181.32424914742933,62.15481376974111,227.50257796552438,267.81314564334775,738.7947865260426,0.24543249689139168,0.08413001134185745,0.30793744367808273,0.36250004808866815,0.10433925845769072
7.559999999999927,-0.14553079181832093,-0.030428321350349195,0.40927428498343094,4.84485817519052,-12.14515374190548,0.1486778198234948,0.13214848976621707,44.44677734375,0.2150367944538026,1,4,1,1,1,1,181.22436666728902,62.226569501855494,227.34283121698903,267.8402113862767,738.6339787724103,0.24535070396907413,0.08424547379376504,0.3077882114153842,0.3626156108217765,0.10430476030698166
7.579999999999926,-0.1454190633829508,-0.030611671802522084,0.4091859236079495,4.857517334535969,-12.163822946208635,0.14860611846663646,0.13287153381647795,44.44240188598633,0.21503548074588028,1,4,1,1,1,1,181.1196545428658,62.295089860646236,227.18938439558832,267.86637151176615,738.4705003108666,0.24526322238548684,0.08435691044452351,0.3076485577960808,0.3627313093739088,0.1042734080539916
7.599999999999926,-0.14530450701682904,-0.030795086414795454,0.4090985623388979,4.870155963594681,-12.182615182287886,0.14853193968537015,0.13361536998283896,44.438053131103516,0.21503338011278236,1,4,1,1,1,1,181.01270030200513,62.362644391933216,227.04185133580816,267.89143736036306,738.3086333901095,0.2451721300763405,0.08446690390925156,0.3075161809950598,0.3628447850193482,0.10424319019929806
7.6199999999999255,-0.1451871405496049,-0.03097844241346199,0.40901185755392666,4.882770220887675,-12.201484964786493,0.14845527836804898,0.1343646131411028,44.433677673339844,0.21503080495217816,1,4,1,1,1,1,180.9065305476855,62.43115307735404,226.89971685948612,267.91538352840587,738.1527840129315,0.24508006264529136,0.08457754875345742,0.3073885539331802,0.362953834668071,0.10421229299937756
7.639999999999925,-0.14506702734774093,-0.031161620089317093,0.40892547577241334,4.895355019850711,-12.220387718752251,0.14837617392998495,0.13510556312615474,44.429237365722656,0.2150282042328783,1,4,1,1,1,1,180.80386016558543,62.50237183913467,226.7623865689108,267.9382249400617,738.0068435136926,0.24498940864120983,0.08469077541551961,0.30726325719322894,0.36305655875004156,0.10417906682638604
7.659999999999925,-0.14494426873726685,-0.03134451148030922,0.4088391275509573,4.90790491211414,-12.239284392119634,0.1482947046921105,0.13582768815233373,44.42466735839844,0.21502562508809428,1,4,1,1,1,1,180.7069486036935,62.57762663597642,226.62923280757906,267.96004042025606,737.873848467505,0.24490222682238288,0.08480802886014228,0.3071381826016287,0.36315156171584617,0.10414223740898074
7.679999999999924,-0.14481899724529695,-0.0315270274681683,0.40875259217259624,4.920414876648643,-12.25814504508063,0.14821098280529674,0.13652235975976137,44.41994857788086,0.2150231427306356,1,4,1,1,1,1,180.6171954913507,62.65764148176151,226.4998016624488,267.98086463903763,737.7555032745986,0.24481985520902788,0.08493009025842511,0.3070120123226566,0.3632380422098905,0.10410107198626102
7.699999999999924,-0.14469136925595166,-0.03170910144850128,0.4086657293376587,4.932880524493892,-12.276950658118121,0.1481251479386046,0.1371832989306879,44.415077209472656,0.21502089134571187,1,4,1,1,1,1,180.53496707484604,62.74240994105541,226.3735349871389,268.000861167779,737.6517731708193,0.24474280906126045,0.0850569499363571,0.3068840111561925,0.36331622984619005,0.10405552182925731
7.719999999999923,-0.1445615593727182,-0.031890690920046975,0.4085784792352401,4.945299012530885,-12.295693382072209,0.14803736222869515,0.1378062823443173,44.41005325317383,0.21501873704251562,1,4,1,1,1,1,180.46014010820275,62.831258252203945,226.2500346167116,268.0201554810456,737.5615884581639,0.24467128295746227,0.0851878124287215,0.306754090990118,0.36338681362369823,0.10400606802634113
7.739999999999923,-0.14442975559202487,-0.03207177742738905,0.40849085237773736,4.957669117226887,-12.314375560339235,0.14794780568742485,0.13838792990480983,44.404911041259766,0.21501661312782053,1,4,1,1,1,1,180.3917016900159,62.92301208347868,226.1289056601498,268.0388622514666,737.482481685111,0.2446047278002181,0.08532136511189081,0.30662274871052725,0.3634511583773638,0.10395367088205942
7.7599999999999225,-0.14429615527017242,-0.032252364141594644,0.4084029096602747,4.969991101637964,-12.333007292232825,0.14785667187677304,0.13892692726774097,44.39969253540039,0.21501444271299397,1,4,1,1,1,1,180.32802518068968,63.016169117365266,226.009802730405,268.0570856740624,737.4110827025224,0.24454205993190295,0.08545595610852312,0.30649092213546125,0.3635110618241126,0.10389961132037437
7.779999999999922,-0.1441609625504276,-0.03243247252544815,0.4083147410759824,4.982266834705642,-12.351603623435555,0.14776416479505353,0.13942250100414802,44.39445114135742,0.21501232029692516,1,4,1,1,1,1,180.2677669106891,63.10928826991076,225.892431885394,268.07489621761556,737.3443832836094,0.24448245758366557,0.08558997627250745,0.3063594664943797,0.36356809964944725,0.1038450792020361
7.799999999999922,-0.14402438552810926,-0.03261213886890485,0.40822644373875117,4.994499733671658,-12.370181806986633,0.14767049545645258,0.1398764883561659,44.389225006103516,0.2150100716380289,1,4,1,1,1,1,180.2091306263437,63.20100062215084,225.7764800366398,268.0924349217053,737.2790462068397,0.244424592769163,0.08572195418723474,0.3062293458605894,0.3636241071830128,0.10379130330969116
7.819999999999921,-0.1438866341116701,-0.0327914104836891,0.4081381021534017,5.006694136744476,-12.388758466599414,0.1475758790503903,0.14028889635354494,44.38405990600586,0.2150079361745134,1,4,1,1,1,1,180.15077307364606,63.290233644964715,225.66163358364167,268.1097281133461,737.2123684155986,0.24436754019852155,0.08585074851767173,0.30610125826921347,0.36368045301459323,0.10373921382801209
7.839999999999921,-0.14374791800277661,-0.032970342360408474,0.40804977261903785,5.018855648000244,-12.407347591199425,0.14748053229323366,0.14066134560349192,44.37899398803711,0.21500589204379852,1,4,1,1,1,1,180.09146766279267,63.37626363185018,225.54759649205923,268.12683368186254,737.1421614685646,0.24431036111678528,0.08597563257756062,0.3059757103605553,0.36373829594509877,0.10368949466293154
7.85999999999992,-0.1436084443568655,-0.033148994189557315,0.4079614756497637,5.0309904259020355,-12.425959131834189,0.14738467052708787,0.14099563677049282,44.374027252197266,0.21500407973494828,1,4,1,1,1,1,180.03048596397315,63.45900193379477,225.4339789560483,268.1439219575223,737.0673888113386,0.24425240988385957,0.08609660785038188,0.3058526023239252,0.3637983799418333,0.10364234319769483
7.87999999999992,-0.14346841593179768,-0.03332742833877135,0.40787319418056034,5.04310525372376,-12.444598596234542,0.1472885054906025,0.14129515166494536,44.36918258666992,0.21500264747737086,1,4,1,1,1,1,179.96761518457646,63.53856652186431,225.32047773821498,268.1610092353024,736.9876686799582,0.24419352294852112,0.08621388012593241,0.30573167952971797,0.3638609173958284,0.10359770370593963
7.8999999999999195,-0.14332802854932278,-0.03350570852961149,0.4077848783139074,5.055207720088346,-12.46326741396714,0.14719224256701427,0.14156270724964815,44.36446762084961,0.21500191666456414,1,4,1,1,1,1,179.90285504186022,63.615530240985706,225.2066640271308,268.1782751768984,736.9033244868751,0.24413359129181733,0.08632819004485133,0.3056122242140081,0.36392599444932333,0.10355521210738514
7.919999999999919,-0.14318746825745363,-0.03368389882577809,0.4076964520858193,5.067305375034713,-12.481963587701994,0.14709607780659734,0.14180079469565318,44.359840393066406,0.21500173156561186,1,4,1,1,1,1,179.83616810594881,63.690536354936,225.09214745416728,268.1957977557783,736.8146496708305,0.24407246542436423,0.08644037735051759,0.30549358316196135,0.3639935740631567,0.10351444165819611
7.939999999999919,-0.14304690852264132,-0.03386206361904003,0.40760782593109196,5.079405969565493,-12.500682963490771,0.14700019520539703,0.14201247388065194,44.35531997680664,0.2150026608029614,1,4,1,1,1,1,179.76833818208726,63.76455668135567,224.97661502851753,268.21370250697726,736.7232123989377,0.24401068835162779,0.08655157813437672,0.30537467971986754,0.364063053794128,0.10347462715480561
7.959999999999918,-0.1429065074874341,-0.0340402676540538,0.40751890949555863,5.091517688577302,-12.519420923801784,0.14690476406235328,0.14220131947508655,44.35087585449219,0.2150045963509434,1,4,1,1,1,1,179.69961875738568,63.838442921344935,224.85967728955524,268.2321502539374,736.6298892222233,0.2439483129677551,0.0866628463701755,0.3052546205082381,0.3641342201538313,0.10343517531461645
7.979999999999918,-0.14276642107231122,-0.0342185706260055,0.4074296309329042,5.103643722902977,-12.538173309686684,0.14680995048525627,0.14238087276297087,44.34645462036133,0.2150072406283098,1,4,1,1,1,1,179.6303394940602,63.913930954301534,224.74116629509268,268.2512201773136,736.536656920768,0.24388513159010863,0.08677630685960142,0.30513235720631476,0.3642062043439752,0.1033948735913002
7.999999999999917,-0.14262678855382807,-0.03439702903838848,0.40733993829566806,5.1157880107613245,-12.556937955237064,0.1467159037727203,0.14256705236510972,44.34204864501953,0.2150104902427081,1,4,1,1,1,1,179.5607328399528,63.991327093261816,224.62080301405854,268.2709661584944,736.4438291057676,0.24382135574139546,0.08689233932608786,0.30500738024623825,0.3642789246862784,0.10335348219145399
8.019999999999918,-0.14248773281906618,-0.03457569487593906,0.4072498046380363,5.127956875143586,-12.57571544387438,0.1466227563513646,0.14280133950226806,44.3376579284668,0.21501442360899478,1,4,1,1,1,1,179.490790880159,64.07128976505982,224.49837593451832,268.29152154648955,736.3519781262266,0.24375678508653428,0.08701177109362856,0.3048791645889141,0.36435227923092317,0.10331058387911618
8.039999999999917,-0.14234935888975286,-0.03475461478178569,0.40715922944473676,5.140153716604561,-12.594508723276393,0.14653062214074566,0.14302954337870866,44.33322525024414,0.2150185030830044,1,4,1,1,1,1,179.42061875204237,64.15244830163807,224.37373926416575,268.31279202108396,736.2595983389301,0.24369206073079647,0.08713291948433942,0.3047481347209241,0.36442688506394005,0.10326706432156288
8.059999999999917,-0.1422117359086133,-0.034933835414463155,0.4070682339837388,5.152390257146878,-12.613324383993037,0.14643958032890553,0.1432404016102835,44.32876205444336,0.2150230223051888,1,4,1,1,1,1,179.3498560949078,64.23478284336731,224.24680209429567,268.33497917403963,736.1664202066104,0.24362678216777667,0.08725579037595788,0.3046142773414729,0.3645031501147927,0.10322304290640874
8.079999999999917,-0.14207490149373855,-0.035113403385377544,0.4069768632292498,5.164679523713954,-12.632171627932573,0.146349679643516,0.14343417715507206,44.32427215576172,0.21502795835718533,1,4,1,1,1,1,179.27819566701388,64.31829965225492,224.11753983021666,268.35818444608435,736.0722195955698,0.24356060573175434,0.08738041993704668,0.30447765024110895,0.36458132409009003,0.10317859252822753
8.099999999999916,-0.1419388650134449,-0.03529336431376561,0.40688518438324855,5.177032250560769,-12.651061553901531,0.14626094135444745,0.14361596858417414,44.31977844238281,0.21503348838069666,1,4,1,1,1,1,179.20520109882176,64.40290234531892,223.986076679642,268.3825001910843,735.976680314867,0.2434930424998708,0.087506715997803,0.3043385513027611,0.36466169019956496,0.10313388046470343
8.119999999999916,-0.1418036107189043,-0.035473759604866956,0.4067932784292435,5.18945427706076,-12.67000589865515,0.14617336157256028,0.1437889217823954,44.31529235839844,0.21503955123641458,1,4,1,1,1,1,179.12974882368746,64.48842822194331,223.85260930820647,268.40787918317153,735.8786655370088,0.24342294078191165,0.08763459418256508,0.30419771599826123,0.364744749037262,0.10308919992568448
8.139999999999915,-0.14166909953277465,-0.03565462358336263,0.4067012286321705,5.201948135591369,-12.689015749191714,0.14608691229983092,0.14395355294265177,44.31087875366211,0.2150465507945586,1,4,1,1,1,1,179.05159253613903,64.57407553391754,223.71727716777258,268.43428028435255,735.7772255221817,0.2433502782164343,0.08776308003837612,0.30405572421598165,0.36483091752920804,0.10304513324212262
8.159999999999915,-0.14153527206447253,-0.03583598105674241,0.406609110114698,5.214513414646716,-12.708100345177963,0.1460015437475353,0.14411073513347503,44.306549072265625,0.21505444943689447,1,4,1,1,1,1,178.96995056456794,64.65944629122444,223.58029207318071,268.46169473919565,735.6713836681688,0.2432743131480753,0.08789175129909588,0.30391326485797987,0.36492067069484885,0.10300208716466006
8.179999999999914,-0.14140205214085688,-0.03601784497366585,0.40651697886436966,5.227147775902326,-12.727265797596374,0.14591718715145463,0.14425957960762165,44.302371978759766,0.21506363137316653,1,4,1,1,1,1,178.8845416734515,64.74387415490676,223.4418993527563,268.4900352339759,735.5603504150904,0.24319492149421001,0.08801979894426146,0.3037709947615636,0.36501428479996506,0.1029605509566929
8.199999999999914,-0.1412693497218476,-0.036200215387246486,0.4064248667567018,5.2398481691689325,-12.746514491974272,0.14583375728862202,0.14440087251891554,44.298336029052734,0.21507414472058273,1,4,1,1,1,1,178.79558077566602,64.82732505434961,223.30229220787098,268.5192451005264,735.444443138413,0.24311228733020165,0.08814714103720395,0.30362904267106516,0.3651115289615292,0.1029205116314629
8.219999999999914,-0.14113706505497525,-0.03638307908593483,0.4063327828577888,5.252610966543439,-12.765845229861185,0.14575115634568978,0.14453952281920995,44.29447937011719,0.2150862592218461,1,4,1,1,1,1,178.70322110311665,64.91010513421638,223.16171739126108,268.5493196015988,735.3243632301928,0.243026384054643,0.08827411191582715,0.30348745200136995,0.36521205202816004,0.10288175087218585
8.239999999999913,-0.141005091541942,-0.03656641011710363,0.4062407184097542,5.265431348231488,-12.785253654636353,0.14566927675252478,0.14467670018894493,44.290775299072266,0.2150999415244592,1,4,1,1,1,1,178.60824594606987,64.99255578211327,223.0202741741694,268.58016270692826,735.2012386092808,0.24293790130703297,0.08840104228476858,0.3033458901620437,0.3653151662461547,0.10284389619243026
8.259999999999913,-0.14087331853492616,-0.03675017098090678,0.4061486521021327,5.278304158382625,-12.804733177125314,0.14558800411492923,0.14481690303160416,44.28725051879883,0.2151154766810313,1,4,1,1,1,1,178.51098668193828,65.07515235886017,222.87828032291998,268.61170506565753,735.076124429376,0.2428469389078751,0.08852845330730423,0.3032043524688489,0.36542025531597166,0.1028065721794486
8.279999999999912,-0.14074163530776618,-0.03693431362430907,0.40605655750584174,5.291223281920981,-12.824275663194182,0.14550722123662138,0.14496460791550145,44.283878326416016,0.21513274349188063,1,4,1,1,1,1,178.4124226860819,65.15824550962773,222.73584792427067,268.64394430874177,734.9504604287221,0.24275435188108835,0.0886566496898562,0.30306239660608025,0.3655266018229752,0.1027693896161572
8.299999999999912,-0.14060993245579395,-0.03711878122374836,0.40596440848962984,5.304181740299181,-12.843872371611695,0.14542680985554016,0.14512003402996715,44.28063201904297,0.21515174597960754,1,4,1,1,1,1,178.31295608780903,65.24225381999878,222.59318796229928,268.67672313199523,734.8251210021024,0.2426603976802514,0.088786096113625,0.30291994870662897,0.36563355749949455,0.10273197306534924
8.319999999999911,-0.1404781029510738,-0.03730351039940823,0.4058721854185986,5.31717244049315,-12.863514905644182,0.14534665216939552,0.14528427673477357,44.27753829956055,0.21517246405777057,1,4,1,1,1,1,178.21333908627327,65.32730231777482,222.45045399050971,268.710022469185,734.7011178637428,0.24256576552443004,0.08891684077972287,0.3027768007721546,0.36574059292369254,0.10269411810894345
8.339999999999911,-0.14034604375311524,-0.03748843308652708,0.4057798796202054,5.330187996045684,-12.883195801850432,0.14526663282541644,0.1454570305877232,44.27455520629883,0.21519481169165763,1,4,1,1,1,1,178.11408549036972,65.4136193297066,222.30780330441962,268.74376562151895,734.5792737460149,0.2424708834787431,0.0890490947234699,0.3026328284090464,0.3658471933887406,0.10265557504016723
8.35999999999991,-0.1402136573579425,-0.03767347811883494,0.4056874960933987,5.343221350200432,-12.902909118312973,0.14518664078785223,0.14563839031914366,44.27167892456055,0.21521861288427155,1,4,1,1,1,1,178.01559621714432,65.50118048704772,222.16543832810248,268.7777910757283,734.4600061080228,0.24237616035822948,0.08918277365999143,0.30248813615513176,0.36595292982664746,0.10261626283270119
8.37999999999991,-0.14008085226075076,-0.03785857337556366,0.40559505372350124,5.356265621517436,-12.92265062103139,0.1451065703134466,0.14582686717165683,44.26891326904297,0.21524394614785747,1,4,1,1,1,1,177.9179778495898,65.58980520290223,222.0234893384098,268.8120963438371,734.3433687347389,0.2422817246326326,0.08931762441855007,0.3023428804442702,0.36605777050454713,0.10257628968825343
8.39999999999991,-0.1399475436693724,-0.03804364688331875,0.4055025826105667,5.369314237789552,-12.94241753940054,0.14502632191182932,0.1460202942695675,44.2662353515625,0.21527033596298728,1,4,1,1,1,1,177.82143293119313,65.67912809931936,221.8821857947624,268.8465379510238,734.2292847762986,0.2421878786615967,0.08945315783656076,0.302197406716574,0.3661615567852685,0.10253584045489998
8.41999999999991,-0.13981365437075083,-0.03822862791947134,0.4054101208163712,5.3823611856558475,-12.962208338872477,0.14494580346153232,0.14621683509074782,44.26364517211914,0.21529783010161277,1,4,1,1,1,1,177.7257749429402,65.7688899819622,221.74167133609993,268.88105434108684,734.1173906020891,0.24209448954366514,0.08958906412504627,0.3020520616658293,0.36626438466545935,0.10249510928472993
8.439999999999909,-0.13967911534323424,-0.03841344863997935,0.4053177109337336,5.395399862936799,-12.98202225459558,0.14486493122728106,0.1464135222382691,44.26115036010742,0.21532635547771983,1,4,1,1,1,1,177.6311083729445,65.85866212438671,221.60207938932075,268.91554955303513,734.0073994396871,0.2420017952251452,0.08972479320325745,0.3019071463836512,0.3663662651879462,0.10245434679998247
8.459999999999908,-0.13954386558626392,-0.038598044485590906,0.40522539378865513,5.4084241638203086,-13.001858782921799,0.1447836298096886,0.14660660966665812,44.25874710083008,0.2153556492783285,1,4,1,1,1,1,177.53708170132091,65.94793032576445,221.463570752289,268.94992196200553,733.8985047413798,0.24190958361999063,0.08985974204839671,0.3017632129259223,0.3664674614056904,0.10241393561511579
8.479999999999908,-0.13940785289722293,-0.03878235475969857,0.40513320401154995,5.4214284343494965,-13.021717079162464,0.14470183305722448,0.1467937772598002,44.256431579589844,0.21538576839381307,1,4,1,1,1,1,177.4437489849277,66.03640663848812,221.32621274521185,268.98409288257653,733.7904612512042,0.24181800984761237,0.08999354737575603,0.30162045492908574,0.3665679878475459,0.1023740409016851
8.499999999999908,-0.1392710344855902,-0.03896632339234976,0.4050411662710383,5.434407722326465,-13.041595678403448,0.14461948487463105,0.1469720925506516,44.25422668457031,0.2154166776247646,1,4,1,1,1,1,177.35101799700968,66.12365042957202,221.1901705460565,269.01803670116885,733.6828756738071,0.24172707838401197,0.09012565595025605,0.3014792601543516,0.3666680055113803,0.10233497062764402
8.519999999999907,-0.1391333774169808,-0.0391498995734762,0.4049492926007688,5.447357419920097,-13.061492051326216,0.14453653983705747,0.14714040110941534,44.252132415771484,0.21544838517583798,1,4,1,1,1,1,177.25891039052595,66.2095948303492,221.05545009322842,269.0516641804872,733.5756194945907,0.24163686153126446,0.09025599143543706,0.3013396904405415,0.3667674565927571,0.10229674126162872
8.539999999999907,-0.1389948592224002,-0.03933303826310659,0.40485758196653016,5.460272946324865,-13.081402586539436,0.1444529639338074,0.14729644773870235,44.25012969970703,0.21548078279886207,1,4,1,1,1,1,177.1674782696441,66.29408611445149,220.92210986600793,269.0849536711875,733.468627921291,0.24154745209996364,0.09038435127393826,0.3012018530255601,0.366866343600538,0.10225944076716585
8.559999999999906,-0.13885546844961627,-0.03951570070243491,0.40476602051241145,5.473150141609039,-13.101322645567453,0.14436873525928942,0.14744141955908166,44.24824905395508,0.2155141333291862,1,4,1,1,1,1,177.07691960521342,66.37721890751773,220.79014386438715,269.1178953522079,733.3621777293263,0.24145902936184696,0.090510829332702,0.30106562701121153,0.3669645142942394,0.10222296660452558
8.579999999999906,-0.13871520407613108,-0.039697854765429356,0.40467458334482204,5.485985029628819,-13.121246734370109,0.1442838435683629,0.14757327531483927,44.2464599609375,0.2155481980570679,1,4,1,1,1,1,176.9874010626042,66.45897905623161,220.65954332522017,269.15048733611206,733.256410780168,0.24137177453967795,0.09063538767498913,0.3009309432295907,0.36706189455574223,0.10218729626442156
8.599999999999905,-0.13857407546396822,-0.039879475186586126,0.40458323698860443,5.498774367290358,-13.141168899007772,0.14419829032221948,0.14769355117164656,44.24477767944336,0.2155831307888889,1,4,1,1,1,1,176.8990742096936,66.53956282096397,220.53024960610878,269.1827225606412,733.1516091974075,0.24128580226857546,0.09075825789130554,0.30079760698817354,0.36715833285194543,0.10215226564336018
8.619999999999905,-0.13843210214542565,-0.04006054384136911,0.40449194268703204,5.511515729451699,-13.161083048090415,0.1441120885882507,0.14780352859579923,44.24319839477539,0.2156189744546271,1,4,1,1,1,1,176.8122853259065,66.6191239329801,220.40216146568895,269.2146765827339,733.0482473073095,0.24120142974952508,0.0908795896827947,0.30066528673288223,0.36725369383479795,0.10211772595342841
8.639999999999905,-0.13828931347856893,-0.040241049739080076,0.4044006605353745,5.524207508035037,-13.180983471232388,0.14402526273705257,0.14790370745071887,44.2416877746582,0.21565555995832272,1,4,1,1,1,1,176.72718817680126,66.69799154277811,220.27522120604772,269.2463175683121,732.9467184939392,0.2411187385352386,0.09099978192115972,0.3005337436514755,0.36734773589212616,0.1020834175083856
8.659999999999904,-0.13814574713068886,-0.04042098980885311,0.40430935310661076,5.536848999092717,-13.200865366750747,0.1439378472377006,0.14799515624881335,44.240272521972656,0.21569301004080751,1,4,1,1,1,1,176.643962496613,66.77626374593919,220.14933470043624,269.2777438045642,732.8473047475527,0.24103788245146424,0.09111893202492151,0.3004027350230511,0.36744045050056307,0.10204926313236465
8.679999999999904,-0.13800144799773062,-0.04060036821933939,0.4042179867206916,5.549440064443168,-13.22072491817189,0.1438498854675119,0.14807788929322516,44.23891830444336,0.21573120443511182,1,4,1,1,1,1,176.5624089509981,66.85403892749605,220.0244060836083,269.3089699313075,732.7498238934099,0.2409586508159733,0.09123719548954955,0.3002722060232311,0.36753194767124603,0.1020152286584333
8.699999999999903,-0.13785646683802563,-0.04077919600625147,0.40412653313435054,5.561981871313426,-13.240559466941875,0.14376142833173275,0.14815325822288627,44.237640380859375,0.21577022242865332,1,4,1,1,1,1,176.48279195156658,66.93136804489366,219.90026260288522,269.34004391281997,732.6544665121654,0.24088134314081353,0.09135461681346659,0.30014184401240374,0.3676221960333162,0.1019812397330775
8.719999999999903,-0.13771085944047257,-0.04095749120657684,0.4040349726473892,5.57447661051565,-13.260367877017371,0.1436725335398886,0.14822197872336978,44.236419677734375,0.21580993219890324,1,4,1,1,1,1,176.40502480101094,67.00846554842258,219.7768760375273,269.371099411722,732.5614657986828,0.24080576584612395,0.09147145826919233,0.3000115161639212,0.36771125972076263,0.10194719821926902
8.739999999999903,-0.1375646853934628,-0.041135278211029136,0.4039432924951684,5.5869268026481045,-13.280150347366908,0.14358326427861,0.14828525058104705,44.23526382446289,0.21585031298872612,1,4,1,1,1,1,176.32876332056617,67.08525289851923,219.65413995736043,269.4020835722702,732.470239748716,0.24073164171292225,0.09158768405598805,0.2998813167245072,0.3677993575065825,0.10191319675981288
8.759999999999902,-0.1374180064614263,-0.041312586296532915,0.4038514864746612,5.599335200140413,-13.299908200207694,0.1434936872700018,0.14834205916475127,44.23416519165039,0.21589129975479615,1,4,1,1,1,1,176.25375628823647,67.16172599961963,219.53186308211417,269.4331459624339,732.3804913324042,0.24065872640542593,0.09170332469866004,0.29975110708195485,0.36788684181395925,0.10187931209595023
8.779999999999902,-0.13727088506708998,-0.04148944899312213,0.4037595533349761,5.61170531208674,-13.31964364091199,0.14340387116411854,0.14839301362562113,44.23311233520508,0.21593289494511647,1,4,1,1,1,1,176.17991953439056,67.2377836048727,219.41006215459151,269.46427896652926,732.292044260384,0.240586963787559,0.09181826312585842,0.29962098301395035,0.3679737900726322,0.10184562365490862
8.799999999999901,-0.13712338284421252,-0.0416659034257536,0.4036674949095098,5.624041516350756,-13.339359689228651,0.14331388498999217,0.14843623471938852,44.23213577270508,0.2159751717427442,1,4,1,1,1,1,176.10684763684753,67.31331687198886,219.28850858887986,269.4955571123812,732.2042302100974,0.24051602049105308,0.09193243373187572,0.2994909064182238,0.36806063935884753,0.10181228530630676
8.8199999999999,-0.13697556031723698,-0.04184198897404113,0.4035753139960707,5.636348561029681,-13.359059642729,0.14322379748325628,0.14847336321472634,44.23120880126953,0.2160179835230059,1,4,1,1,1,1,176.03426174716213,67.38828547173073,219.16721391308587,269.52700373369237,732.1167648656711,0.2404456094916238,0.0920458166042614,0.2993610096516485,0.3681475642524662,0.10177937738415128
8.8399999999999,-0.13682747617706417,-0.04201774621472984,0.40348301383888285,5.64863122039669,-13.378746901480211,0.14313367610017744,0.14850555860800177,44.23036193847656,0.21606147855794278,1,4,1,1,1,1,175.96198217141367,67.46276676838748,219.04604900959316,269.55871321462837,732.0295111640227,0.2403755306143479,0.09215853423875338,0.29923117260843934,0.3682347625384594,0.10174689940428404
8.8599999999999,-0.13667918584810873,-0.04219321605587886,0.40339059566890945,5.660894035807773,-13.398424688783056,0.14304358540402964,0.1485307600584883,44.22958755493164,0.21610572992166158,1,4,1,1,1,1,175.88956303768597,67.53668627861857,218.92493003257078,269.59068200764517,731.9418613565206,0.24030537440734268,0.09227056115283755,0.29910152922095945,0.36832253521886027,0.10171497450827696
8.8799999999999,-0.13653074150641956,-0.042368438353084105,0.40329805971376437,5.673141177373284,-13.418095960792273,0.14295358668033428,0.14855124084296412,44.22886657714844,0.2161505335653541,1,4,1,1,1,1,175.81700952547828,67.61024459255971,218.80378149777698,269.62298625296245,731.8540218687774,0.2402350800457889,0.0923821453080466,0.2989718918795651,0.36841088276659945,0.10168348579198475
8.899999999999899,-0.13638219127414308,-0.04254345132380509,0.403205403962339,5.685376680789387,-13.437763258819462,0.142863736991855,0.14856701828963143,44.228233337402344,0.2161961491989335,1,4,1,1,1,1,175.74416516218906,67.68332880504047,218.6825171278255,269.65564037515793,731.765651470213,0.24016454558791606,0.09249317547093909,0.29884228193611395,0.36849999700503083,0.10165253775931976
8.919999999999899,-0.1362335779952269,-0.042718290917325284,0.4031126242338148,5.697604435005894,-13.45742874081662,0.14277408781805892,0.14857685577767787,44.22767639160156,0.21624257714035755,1,4,1,1,1,1,175.67076148695267,67.75609758988239,218.5610311448055,269.68865734936264,731.6765475710032,0.2400934703594627,0.09260389418632721,0.2987126372580583,0.3685899981961518,0.10162207210496421
8.939999999999898,-0.1360849397899477,-0.04289299020353686,0.4030197157903128,5.709827758207646,-13.477094153600405,0.1426846853948748,0.1485831623805039,44.227195739746094,0.21628984841475984,1,4,1,1,1,1,175.59693230520867,67.82874596617587,218.43930328454206,269.72208131105845,731.587062866985,0.24002192113276227,0.09271452354606262,0.2985827857979195,0.3686807695232557,0.10159194762841882
8.959999999999898,-0.13593630974015822,-0.04306757842855733,0.4029266737864275,5.722049530816647,-13.496760909327113,0.14259557011868276,0.14858631563689795,44.226783752441406,0.21633795962327496,1,4,1,1,1,1,175.52249026587774,67.9013584900639,218.3172560932819,269.7559640924484,731.497068941672,0.23994968362596888,0.09282519557912024,0.2984526737873916,0.36877244700751927,0.10156215310003683
8.979999999999897,-0.13578771499061884,-0.043242080558441344,0.4028334943307253,5.734272749186924,-13.516430246141892,0.14250677553504698,0.14858712566527216,44.226463317871094,0.21638699726865251,1,4,1,1,1,1,175.44757054794442,67.9739706524932,218.1948628062192,269.7902816152714,731.4066856219282,0.23987690295551264,0.09293594383088488,0.2983222153905856,0.3688649378230169,0.10153263610533175
8.999999999999897,-0.13563917714582735,-0.04341651771599242,0.40274017700442455,5.746500262773015,-13.536103451065788,0.14241832883228275,0.148586650375304,44.22621154785156,0.21643696925004,1,4,1,1,1,1,175.37217752287174,68.04695326229228,218.0720515345455,269.8250366237867,731.3162189434962,0.2398034844300664,0.09304723661208696,0.29819118718519005,0.36895809177265654,0.10150314894792663
9.019999999999897,-0.13549071175867308,-0.04359090642362146,0.40264672389201334,5.758734025071556,-13.55578174380305,0.1423302501076449,0.14858436832228364,44.22602081298828,0.21648768535828822,1,4,1,1,1,1,175.29602617777672,68.12010530760871,217.9488412797595,269.8602758159282,731.2252485810732,0.23972917581543426,0.09315885281559179,0.29805978623233337,0.36905218513664056,0.10147388964415671
9.039999999999896,-0.13534232840752639,-0.04376525886068885,0.4025531407900191,5.770975669865842,-13.575466341857311,0.142242552500698,0.14858097728349262,44.22591018676758,0.21653943870170986,1,4,1,1,1,1,175.21944821102431,68.19361453063968,217.82520347856513,269.89594979100673,731.1342160112358,0.23965428559334664,0.09327099325576045,0.29792779315804535,0.36914692799284754,0.10144466369498337
9.059999999999896,-0.13519403143529501,-0.0439395825890715,0.40245943821254704,5.7832261576263875,-13.595158629159835,0.14215524279402914,0.14857784345633815,44.225868225097656,0.2165920666286042,1,4,1,1,1,1,175.14224849158606,68.26757988208911,217.70117033474477,269.93210241978784,731.0431011282078,0.2395785531951422,0.09338379608087784,0.2977952599494747,0.3692423907745052,0.1014154531060235
9.079999999999895,-0.13504581913847818,-0.044113880379802996,0.40236562962191785,5.7954860415032625,-13.61485997515928,0.14206832056776814,0.14857372490501433,44.22590637207031,0.21664565588056142,1,4,1,1,1,1,175.0644213682407,68.34174750286505,217.57674139827083,269.9686700359905,730.9515803053671,0.23950207658776063,0.09349695567292454,0.2976623175332278,0.369338650206087,0.10138641332207786
9.099999999999895,-0.13489768358182935,-0.04428815083502458,0.4022717317616855,5.807755767394592,-13.634571777556983,0.14198177819751817,0.14856801974111983,44.226016998291016,0.21670011544560808,1,4,1,1,1,1,174.98605439015336,68.4162745502613,217.45190829834422,270.005655731322,730.8598929700809,0.2394248967186338,0.0936106567186634,0.29752885661116174,0.3694355899515411,0.10135742678661532
9.119999999999894,-0.13474961206563688,-0.04446238836761566,0.4021777639319044,5.820035256412363,-13.65429543076644,0.14189560222639852,0.14856075348943512,44.2261848449707,0.21675543277731826,1,4,1,1,1,1,174.9070412869762,68.49104163533733,217.3268014829501,270.04299816651366,730.7678825717774,0.23934691912215575,0.093724756203431,0.2973951191151369,0.36953320555927627,0.10132858000470693
9.139999999999894,-0.13460158723349921,-0.04463658286639257,0.40208374632504823,5.832324041206558,-13.674032116458237,0.14180977334360856,0.14855181563020278,44.22644805908203,0.21681169572057488,1,4,1,1,1,1,174.8273143619323,68.56601115549275,217.20143431885688,270.0806991716086,730.6754590078906,0.2392680802490786,0.09383921453799955,0.29726115971346906,0.3696315454994527,0.10129991228241367
9.159999999999894,-0.13445358713846417,-0.044810720319672426,0.40198969967758463,5.844621152519275,-13.693782709672837,0.14172426662349846,0.14854093661363094,44.22678756713867,0.2168689422735619,1,4,1,1,1,1,174.74697750429846,68.64106878473476,217.07585413380215,270.118723228574,730.5826236514094,0.23918852138985078,0.09395387539012451,0.29712704231708886,0.36973056090293577,0.10127147476854823
9.179999999999893,-0.13430558637897594,-0.04498478318577124,0.40189564344512274,5.856925257577088,-13.713547683398787,0.14163905270394678,0.1485276842253812,44.227195739746094,0.21692692440216857,1,4,1,1,1,1,174.66600522542421,68.71607883955356,216.9501644606974,270.15699699932696,730.4892455250022,0.23910825011515655,0.09406857015419488,0.29699296162091404,0.36983021810973454,0.101243346254757
9.199999999999893,-0.13415755687421432,-0.04515875054838619,0.4018015954071612,5.869234441618562,-13.733327016419514,0.14155409855440224,0.14851194712531993,44.227691650390625,0.21698595753255237,1,4,1,1,1,1,174.5844403768766,68.79110028036378,216.8244381272244,270.1955274347863,730.395506219251,0.23902726521495005,0.09418335640706144,0.2968589432451105,0.3699304351328781,0.10121548444092171
9.219999999999892,-0.13400946847573583,-0.04533259820519427,0.40170757167235865,5.881546193279198,-13.753120221995973,0.14146936806666954,0.14849364758650188,44.22826385498047,0.2170457571918547,1,4,1,1,1,1,174.5023510542301,68.86607414537656,216.69869785303155,270.23424557252724,730.3013686251654,0.23894567167899586,0.09429815840961783,0.29672503320236054,0.3700311367090258,0.10118789966775617
9.239999999999892,-0.133861289389221,-0.04550629962383425,0.4016135851285829,5.893857955961852,-13.772926264328467,0.14138482274416497,0.14847238482811514,44.228919982910156,0.21710654576648727,1,4,1,1,1,1,174.41987003508822,68.94080792924552,216.57310050975292,270.27312104093886,730.2068995150255,0.23886362913159406,0.09441270409117372,0.29659141902602154,0.37013224775121073,0.10116069231791065
9.259999999999891,-0.13371298680251612,-0.045679826432955026,0.4015196465809695,5.906166603342426,-13.792743719903433,0.14130042244308666,0.1484465857783462,44.22965621948242,0.21716811842434372,1,4,1,1,1,1,174.33704429474471,69.01546765076922,216.4475939938398,270.31208983992724,730.1121957792809,0.2387811699387751,0.09452720835200674,0.29645798994333433,0.3702336317658839,0.10113372598687356
9.279999999999891,-0.13356452870058216,-0.04585315221369842,0.4014257648753603,5.918469346871979,-13.812570672676802,0.14121612831026503,0.1484202813697156,44.23048782348633,0.21723085532536565,1,4,1,1,1,1,174.25745019475784,69.08949443638618,216.32246347736645,270.35115101908275,730.0205591275933,0.23870211327062235,0.09464047768593142,0.2963237963268888,0.3703336127165573,0.10110674541512908
9.29999999999989,-0.13341588887888217,-0.04602628822012863,0.4013319578189226,5.93076697983749,-13.83240729474938,0.1411319191843737,0.14839257862035946,44.23142623901367,0.2172948242324052,1,4,1,1,1,1,174.17351414657313,69.16419418312097,216.1983523869552,270.39017744532566,729.926238161975,0.2386179658168734,0.09475504587598209,0.2961920548730562,0.3704349334340883,0.10108019787250987
9.31999999999989,-0.13326704576085638,-0.04619926908520361,0.40123824027444926,5.943058468332016,-13.852255087988159,0.1410477860508035,0.14836204253821197,44.23246765136719,0.2173598593925032,1,4,1,1,1,1,174.09196412461702,69.23820607044757,216.0752440603585,270.42931061281865,729.8347248682418,0.23853614824376315,0.0948683362290651,0.29606051438476966,0.37053500114240207,0.10105383526518899
9.33999999999989,-0.13311798092886284,-0.04637212969525018,0.4011446178855626,5.955341747476631,-13.8721155253772,0.1409637232022842,0.14833026033189659,44.233619689941406,0.2174259324424571,1,4,1,1,1,1,174.01035466234623,69.31177187995424,215.9529722087713,270.46851971955397,729.7436184706257,0.238454095737119,0.09498099075565158,0.2959299221572625,0.37063499134996697,0.10102791695829152
9.35999999999989,-0.13296868139987214,-0.04654490130885362,0.40105108763637753,5.967615908217669,-13.891989509493738,0.14087972909922714,0.14829947756066614,44.234886169433594,0.21749306222023634,1,4,1,1,1,1,173.9286804052494,69.38485696938334,215.83139005692664,270.50789521802625,729.6528226495857,0.23837183247460456,0.09509297410435055,0.29580011665435474,0.3707350767666901,0.10100248808723121
9.379999999999889,-0.13281913924603428,-0.04671761224131641,0.4009576374265806,5.979881851182778,-13.911877209779476,0.14079580620028226,0.14827781115582334,44.23628234863281,0.2175614231834937,1,4,1,1,1,1,173.84719245461295,69.45752709957762,215.7103977375823,270.5474677743415,729.5625850661144,0.23828962177228233,0.0952043437003876,0.29567086107908647,0.3708351734482436,0.10097746637423156
9.399999999999888,-0.13266935406990468,-0.04689031396940926,0.40086424658991865,5.992142821461964,-13.931778775466618,0.1407119719621451,0.148268070633215,44.23784255981445,0.2176314644941347,1,4,1,1,1,1,173.7664190833458,69.52989485326168,215.59004091249471,270.5873526814213,729.4737075305235,0.23820792619324782,0.09531514862768695,0.2955418936788393,0.3709350315002259,0.10095271439212741
9.419999999999888,-0.13251933550044845,-0.047063077556443525,0.40077088910978736,6.004405325716967,-13.951695973321462,0.14062826014199362,0.14826374739330653,44.23955535888672,0.21770296129188607,1,4,1,1,1,1,173.68447094492984,69.60224707889705,215.4703160836022,270.6276553743434,729.3846894817725,0.2381246459510037,0.09542597765295761,0.2954138182372511,0.3710355581587876,0.10092840735396093
9.439999999999888,-0.13236910230129537,-0.047235967047647494,0.4006775324230774,6.016675375655656,-13.97162989531905,0.1405447111312882,0.14827175640098347,44.241432189941406,0.2177761256045563,1,4,1,1,1,1,173.6023487201443,69.67459134571126,215.35116262630294,270.6685596347314,729.2966623268899,0.23804078324758765,0.09553669301516875,0.2952860937813766,0.3711364299558671,0.10090441147745936
9.459999999999887,-0.13221867306973045,-0.04740882041144597,0.40058421384280046,6.028956623508582,-13.991586781794446,0.1404612891907411,0.14829565252044363,44.243736267089844,0.2178533004319703,1,4,1,1,1,1,173.51151470836857,69.74650565403816,215.22683723352313,270.710516105551,729.1953737014808,0.2379492807635406,0.09564858496015514,0.29515661370834895,0.3712455205679554,0.10088257428604551
9.479999999999887,-0.13206807176546856,-0.04758143953530243,0.40049092572824124,6.041145920338412,-14.011546082136457,0.1403779504341782,0.14832419728118318,44.246028900146484,0.21793211907805188,1,4,1,1,1,1,173.46068012569717,69.81648897465706,215.1020186436131,270.7522100632692,729.1313978072366,0.23790043968392605,0.09575295918488855,0.29501132346035724,0.3713352776708281,0.1008548682602516
9.499999999999886,-0.13191733588726545,-0.04775397658638595,0.40039768407233933,6.053268276127311,-14.0315014274221,0.14029478175401505,0.1483074255703671,44.24846267700195,0.2180118762893439,1,4,1,1,1,1,173.38225983981243,69.88575884296631,214.98343802800142,270.79254743379636,729.0440041445765,0.23782139192441537,0.0958594521670427,0.2948840355394626,0.37143512036907933,0.1008324006535888
9.519999999999886,-0.13176649986096492,-0.047926573702609325,0.4003044737641989,6.065387291918411,-14.051464703651627,0.1402118645210929,0.14827746479238674,44.25102233886719,0.21809233921545365,1,4,1,1,1,1,173.30651017047862,69.95415512631999,214.86733621205397,270.8331608781484,728.961162387001,0.23774450425175225,0.095964173039416,0.29475827698209006,0.37153304572674173,0.10081023971488472
9.539999999999885,-0.13161559764940878,-0.048099375005323707,0.4002112503283718,6.077542927583026,-14.071444402151435,0.1401292810961143,0.14824539925343197,44.253692626953125,0.2181736533031502,1,4,1,1,1,1,173.2287769295886,70.02236080306506,214.75244743665849,270.87451302122344,728.8780981905356,0.23766495022917394,0.09606868552765944,0.29463424401115723,0.3716321202320093,0.10078887765846592
9.559999999999885,-0.1314646675849729,-0.04827251970329051,0.40011795692796853,6.089756972487743,-14.091445616755399,0.1400471170061419,0.14822371130593204,44.25647735595703,0.21825593210207087,1,4,1,1,1,1,173.14846360787143,70.09118181542235,214.63829934323132,270.91689626709694,728.7948410336221,0.23758190077512284,0.09617409162229343,0.2945112770540718,0.3717327305485118,0.10076796458742032
9.579999999999885,-0.13131375471757742,-0.048446134137128075,0.40002452588361004,6.102037908775745,-14.111470022558786,0.1399654603495473,0.1482186675280843,44.25939178466797,0.21833941304264728,1,4,1,1,1,1,173.06458565550955,70.16110675256787,214.52451515714026,270.96045126999337,728.710658835211,0.23749424213464948,0.09628115892350897,0.2943891550866588,0.3718354438551828,0.10074739270867401
9.599999999999884,-0.13116290855169288,-0.048620326180747665,0.39993088315980785,6.1143864948112,-14.131516456008962,0.13988439762054256,0.14823218315892475,44.26239776611328,0.21842390818067337,1,4,1,1,1,1,172.97792066348453,70.23278126959289,214.41075642738886,271.0051489013735,728.6266072618398,0.23740269561872182,0.09639063488708693,0.2942669870829162,0.371939682411275,0.1007265871307428
9.619999999999884,-0.1310121814878426,-0.04879518364280941,0.3998369621163624,6.126803154873678,-14.15158324551823,0.1398040115480915,0.14827090208272153,44.26547622680664,0.2185095929758779,1,4,1,1,1,1,172.88930939357033,70.30732382074765,214.2968489367741,271.05107641026234,728.5445585613544,0.23730780411698107,0.09650380748101726,0.2941437780551717,0.37204461034682995,0.10070468336906102
9.639999999999883,-0.13086162582184568,-0.04897077528914973,0.39974271224955427,6.139290217347048,-14.171669665478738,0.1397243784926494,0.14833412061669235,44.26860427856445,0.2185962812767713,1,4,1,1,1,1,172.7989105218386,70.3848852757933,214.18253480938944,271.09821846713476,728.4645490741561,0.23720977327099554,0.09662087930737212,0.29401916000113565,0.3721501874204966,0.10068155156021767
9.659999999999883,-0.1307112925831151,-0.04914715094274146,0.3996481074592991,6.151852459868511,-14.191777066032886,0.13964556725702873,0.1484385745527655,44.27176284790039,0.21868398003784487,1,4,1,1,1,1,172.7070227855695,70.4661564625681,214.06777468684936,271.14742282412226,728.3883767591092,0.23710842772369878,0.09674256030292544,0.293892354020423,0.3722566579529529,0.10065692302760029
9.679999999999882,-0.1305612292063082,-0.04932434110986862,0.39955314638771905,6.16449308108816,-14.211907593700978,0.13956763664182617,0.14856150334961046,44.27494430541992,0.2187727014950395,1,4,1,1,1,1,172.61358458766773,70.55094074281243,213.95237173825763,271.19749867537246,728.3143957441102,0.2370042190520077,0.09686879890755333,0.2937637550328317,0.37236322700760727,0.10063061245062616
9.699999999999882,-0.13041147588796462,-0.0495023622464069,0.39945785505444703,6.1772186972239975,-14.23206663635012,0.13949063377607712,0.14870778343194968,44.278133392333984,0.2188624298123857,1,4,1,1,1,1,172.5185120421755,70.639095056405,213.836261160121,271.2493207554468,728.2431890141484,0.23689684248982903,0.09699932127347725,0.29363303960260806,0.37247079663408555,0.1006029803244706
9.719999999999882,-0.1302620609303018,-0.04968121966559069,0.39936228054173023,6.190035933536857,-14.252261459839097,0.1394145907187276,0.1488571437275171,44.28132629394531,0.2189528220428882,1,4,1,1,1,1,172.4216602074993,70.73069549421518,213.71916486587747,271.30157374797653,728.1730943155685,0.23678663981613263,0.09713445339627258,0.2935004967009368,0.37257841008665793,0.10057363976013554
9.739999999999881,-0.13011300777551782,-0.04986090186882688,0.39926649317644436,6.202948025870935,-14.272499796344766,0.13933952894840984,0.14901710595097986,44.284542083740234,0.21904413807773962,1,4,1,1,1,1,172.32211949127807,70.82451359608376,213.60146900587867,271.35602322317425,728.1041253164148,0.23667235701540826,0.09727250695812951,0.29336665125067535,0.37268848477578687,0.10054407483245287
9.75999999999988,-0.12996432239406702,-0.050041391716859944,0.39917057342144635,6.215957522253895,-14.2927909100808,0.13926545149572886,0.1491663700956112,44.28776550292969,0.21913601473787678,1,4,1,1,1,1,172.2202478584838,70.9207594953617,213.48277443914003,271.4106526507136,728.0344344436991,0.2365550854611425,0.09741401799154349,0.29323169940754945,0.37279919713976456,0.10051351934475988
9.77999999999988,-0.12981599772412186,-0.05022266491297995,0.3990746058155761,6.229067257660894,-14.31314411084163,0.13919234654272727,0.14930412891946335,44.291019439697266,0.2192284896431819,1,4,1,1,1,1,172.11526761239367,71.01866961617965,213.36327010132283,271.46592042969155,727.9631277595877,0.23643404596892623,0.09755805879172744,0.29309625991357463,0.37291163532577176,0.10048275755709724
9.79999999999988,-0.12966801394399274,-0.05040468999046047,0.3989786727767972,6.242277792871737,-14.333567551390788,0.1391201876551851,0.14942548996388988,44.294315338134766,0.219321557422938,1,4,1,1,1,1,172.00705087645184,71.11771663942154,213.24295339551472,271.5217061654697,727.8894270768578,0.23630931358244556,0.09770401106803304,0.2929606413598839,0.37302603398963746,0.10045213398009722
9.81999999999988,-0.12952034036595006,-0.05058742832502769,0.3988828479711006,6.2555872698527955,-14.354067527768395,0.13904893553368672,0.14953137871993388,44.29766082763672,0.21941515621599936,1,4,1,1,1,1,171.89528871846886,71.21750610324209,213.12200162376087,271.5779103645368,727.8127068100086,0.23618066448974645,0.09785141896654603,0.2928253376584632,0.37314257888524427,0.10042194608812913
9.839999999999879,-0.1293729366856622,-0.05077083369613997,0.3987871907527023,6.26899132504769,-14.374647793739216,0.13897853899388013,0.14962028459168045,44.301082611083984,0.21950962479392447,1,4,1,1,1,1,171.77986358025618,71.3177333067625,213.00058949304966,271.6344729732162,727.7326593532846,0.2360480340856381,0.09799990750743626,0.29269071101238914,0.3732613473945364,0.10039240762986433
9.859999999999879,-0.1292257544927636,-0.05095485303619021,0.39869174333495705,6.282483650875074,-14.395309404592524,0.13890893661735287,0.14969188811968315,44.304588317871094,0.2196047773005427,1,4,1,1,1,1,171.6611102360386,71.418035606395,212.87885102349654,271.69126334449396,727.649260210424,0.23591188725512768,0.09814898401153062,0.29255695382956276,0.373382174903779,0.10036366546300617
9.879999999999878,-0.12907873968144998,-0.05113942581690563,0.3985965301421834,6.296056994498544,-14.416050697141575,0.13884005873894725,0.14974861415233756,44.30819320678711,0.21970088342929428,1,4,1,1,1,1,171.53911999857266,71.51856155048111,212.7568971075747,271.7482633819687,727.5628420385972,0.23577223861230742,0.09829880996958205,0.2924240832742912,0.37350486814381934,0.10033560627668062
9.899999999999878,-0.12893183411307152,-0.05132448444806474,0.39850155905775997,6.309703466154286,-14.436867519597588,0.13877182909949784,0.14979159341346268,44.311893463134766,0.21979805690017487,1,4,1,1,1,1,171.41446723601578,71.61915890322604,212.634817451559,271.8054037737089,727.4738473645098,0.2356297313738709,0.09844911836032007,0.2922920435172918,0.3736291067485172,0.1003082091935353
9.919999999999877,-0.12878497712354287,-0.05150995538813825,0.39840682318694337,6.32341450048969,-14.457753507445133,0.13870416661657808,0.1498229002846122,44.315704345703125,0.2198962813308388,1,4,1,1,1,1,171.28739822123126,71.71997682781537,212.51270317836637,271.8626155772715,727.3826938046845,0.23548456635019285,0.09860005941669199,0.29216079099543424,0.3737545832376809,0.10028131554826644
9.939999999999877,-0.12863810734579254,-0.051695759685830865,0.39831230636876147,6.33718120193071,-14.478700677609398,0.13863698724006815,0.1498441017464538,44.31962203979492,0.21999574130132868,1,4,1,1,1,1,171.15876382384073,71.82125715834225,212.39070693405336,271.9199034404959,727.2906313567322,0.23533750669185818,0.098751797509563,0.2920300328052443,0.3738806629933345,0.10025461309570444
9.959999999999877,-0.1284911639916423,-0.051881814710888347,0.3982179881850888,6.350994644164808,-14.499700266843316,0.13857020575008921,0.14985796873613583,44.32364273071289,0.2200964738525615,1,4,1,1,1,1,171.0291255105323,71.92308068204252,212.26883041602696,271.9771833375602,727.198219946162,0.2351891421340311,0.09890436845041692,0.2918995462224072,0.3740069431931447,0.1002279219053313
9.979999999999876,-0.12834408867942118,-0.052068035263479716,0.398123848554479,6.364845367119245,-14.520743225082068,0.13850373783819012,0.14986615867517775,44.327754974365234,0.22019843560875718,1,4,1,1,1,1,170.89897672543123,72.02570862409416,212.14716821451873,272.0344005336874,727.1062540977315,0.23503989377384785,0.0990580238007595,0.29176914243128443,0.37413293999410824,0.10020096432701589
9.999999999999876,-0.12819682501838897,-0.052254335024233274,0.3980298708699319,6.378723939414074,-14.54182080819515,0.1384375002433237,0.14986803736404164,44.33193588256836,0.22030134042887464,1,4,1,1,1,1,170.7688500156598,72.129057354173,212.02571504787696,272.0914629033685,727.0150853210782,0.23489038049360642,0.09921260068808338,0.29163867343170485,0.3742583453866054,0.10017366909054554
10.019999999999875,-0.12804931963874072,-0.05244062777065978,0.3979360451700015,6.392621407949193,-14.562924963056075,0.13837141215195167,0.1498649023344495,44.33623123168945,0.22040569189027484,1,4,1,1,1,1,170.63930391064227,72.23306267615966,211.90464257567658,272.14838238008997,726.9253915425685,0.23474115211265073,0.09936791796868981,0.2915081039142206,0.3743828260044388,0.10014597679305551
10.039999999999875,-0.1279015229020661,-0.052626828760432696,0.39784237005799283,6.406529336986941,-14.584048725350161,0.13830539637356037,0.14985623834523804,44.34058380126953,0.22051093298470092,1,4,1,1,1,1,170.51056218831988,72.33779334953604,211.78398589423696,272.205062179184,726.8374036112768,0.23459244301564783,0.09952403796244826,0.291377390379186,0.374506128642718,0.1001177712341088
10.059999999999874,-0.12775338880794787,-0.05281285570609392,0.39774885239979557,6.420439131222038,-14.605186260472966,0.138239379627324,0.14984102037296887,44.34501266479492,0.2206172052639316,1,4,1,1,1,1,170.3828235806272,72.44288171933817,211.6637714861592,272.2614420950033,726.7509188811279,0.23444459326304082,0.09968048176790459,0.29124665134517747,0.37462827362387713,0.1000892365266367
10.079999999999874,-0.12760487518317842,-0.05299862977466823,0.39765550612454076,6.434342908077848,-14.626332762755318,0.1381732931087151,0.14981742357718558,44.349510192871094,0.220724338238502,1,4,1,1,1,1,170.25635413087105,72.54816434113938,211.54419096752875,272.3174678771867,726.6661773167259,0.2342978928227491,0.09983699063719932,0.29111605517222905,0.3747490613678225,0.10006041157193109
10.099999999999874,-0.12745594207985955,-0.05318407805897451,0.39756234962665754,6.448234258357114,-14.647484808350457,0.13810707197840236,0.14978123266784824,44.35407638549805,0.2208322783431582,1,4,1,1,1,1,170.13125485579224,72.65372837050523,211.4251212761632,272.3726497435996,726.5827542460603,0.23415261903969795,0.09999374186343644,0.2909856035539252,0.3748680355429403,0.10003107387515492
10.119999999999873,-0.12730655891826767,-0.053369127950056446,0.39746940696249966,6.462105106168071,-14.668638715188104,0.1380406598135486,0.14974378907988625,44.35871887207031,0.22094103673680407,1,4,1,1,1,1,170.00706157982134,72.75828861848453,211.30705187986644,272.42828276619434,726.5006848443667,0.23400812294656104,0.10014896081491106,0.29085595690131155,0.3749869593372163,0.10000252908705379
10.139999999999873,-0.12715670254469041,-0.05355370618692958,0.397376701332478,6.475944885941509,-14.689790360127775,0.13797400642293045,0.14969650397509465,44.36343002319336,0.22105051021485378,1,4,1,1,1,1,169.8840550916732,72.86207966890322,211.19006968478436,272.48381151809656,726.4200159634573,0.2338647770688896,0.10030296256672608,0.29072721709723415,0.37510504326715016,0.09997440484781142
10.159999999999872,-0.12700635174550093,-0.05373774527886649,0.39728424994103684,6.4897465961689305,-14.71093647338241,0.13790706526990648,0.14964200357917282,44.36821746826172,0.2211608754637493,1,4,1,1,1,1,169.76228697096332,72.96473940792038,211.0740640727751,272.53914732815963,726.3402377798184,0.23372281768372136,0.10045531778736289,0.29059943686716105,0.37522242766175473,0.09994689753272733
10.179999999999872,-0.12685549046217118,-0.05392118082238899,0.3971920630562607,6.503503749444391,-14.732073035179337,0.13783979542091165,0.14956923521641907,44.37309265136719,0.22127204953743915,1,4,1,1,1,1,169.64186291921425,73.06600056708177,210.9589968506923,272.5937635612952,726.2606238982835,0.23358262493792237,0.10060575799207178,0.2904728549351151,0.37533876213489076,0.09992000178787773
10.199999999999871,-0.12670410759749753,-0.05410395334611493,0.397100143829651,6.517212121689565,-14.753196225078996,0.13777216210017468,0.14949145247098866,44.3780517578125,0.22138397984120695,1,4,1,1,1,1,169.52260596839122,73.16577804958956,210.8449651419302,272.6483809575036,726.1817301174146,0.23344377713961698,0.10075408815057844,0.29034738330285337,0.37545475140695117,0.09989401472202333
10.219999999999871,-0.1265521995223919,-0.05428600619675444,0.397008486202354,6.530865281876937,-14.774300527876736,0.13770413818309657,0.14939634804680396,44.38311004638672,0.22149677905273968,1,4,1,1,1,1,169.40475573527675,73.26375952996605,210.73202917842912,272.702306883077,726.1028513267489,0.23330683170536676,0.10089997497750783,0.2902233874903198,0.3755698058268056,0.0998688845011283
10.23999999999987,-0.12639976653614768,-0.05446728983789921,0.3969170757265926,6.544458283067551,-14.795380588882079,0.1376357026453469,0.14927977212672103,44.38825225830078,0.22161033945856234,1,4,1,1,1,1,169.28843350128184,73.36015345185186,210.62005633113387,272.75548921052575,726.0241324947933,0.23317190975397212,0.10104368459457229,0.29010062738189263,0.375683778269563,0.0998444301864453
10.25999999999987,-0.12624681370210108,-0.054647761617248505,0.39682589095688514,6.5579871937059195,-14.816430821923474,0.13756684127982527,0.14914244885545416,44.39348220825195,0.2217247099194991,1,4,1,1,1,1,169.17389386109028,73.45487554394228,210.50893158279823,272.8079955562579,725.9456965440886,0.23303932328058907,0.1011850829802132,0.28997889592147125,0.37579669781772657,0.0998206709345948
10.27999999999987,-0.12609335134742533,-0.05482738544341243,0.3967349048001848,6.571448363202803,-14.837445362550268,0.13749754706388678,0.1489856997232072,44.3988037109375,0.2218398983721516,1,4,1,1,1,1,169.061107186604,73.54801383459713,210.39872568322872,272.8598736295454,725.8677203339753,0.2329089756310119,0.10132426580528657,0.28985822042950643,0.3759085381341951,0.099797563551441
10.29999999999987,-0.12593939599158835,-0.05500613204688802,0.3966440887413688,6.584837756006897,-14.85841836384584,0.13742782114799676,0.14881436435551007,44.40419387817383,0.22195578142854913,1,4,1,1,1,1,168.95063411357708,73.63977972566714,210.28933222086226,272.9111935459828,725.7909396060893,0.23278140425019933,0.10146142050992518,0.28973816115008716,0.3760190140897884,0.09977487534479422
10.319999999999869,-0.12578496922585392,-0.055183978702213296,0.3965534149507922,6.598151792050652,-14.879344494941032,0.13735767174990754,0.1486299030648015,44.40966033935547,0.2220723670820384,1,4,1,1,1,1,168.84232623428676,73.73035830846663,210.18077660578382,272.961934585242,725.7153957337791,0.23265639288741885,0.10159679502722554,0.28961873737468063,0.37612807471067505,0.09975250314560084
10.339999999999868,-0.12563009729032565,-0.05536090933742267,0.3964628582516511,6.6113875485517335,-14.90021917631599,0.13728711384482895,0.14843339787808746,44.415184020996094,0.22218955495736759,1,4,1,1,1,1,168.73647004325716,73.81970916696027,210.07300297850773,273.0121494054074,725.6413315941326,0.23253425996637583,0.10173029836212429,0.2894997760353682,0.37623566563613164,0.09973042675651737
10.359999999999868,-0.12547481085901532,-0.05553691419731259,0.39637239628546816,6.624542856163793,-14.921038570577212,0.1372161688674674,0.14822739893186268,44.42078399658203,0.22230743884631654,1,4,1,1,1,1,168.633013295139,73.90775209815986,209.96595308165251,273.0619264755254,725.5686449504767,0.23241496785827748,0.10186183293960338,0.28938123848500047,0.3763419607171188,0.09970872940457352
10.379999999999868,-0.1253191438900642,-0.055711989569616135,0.39628201085026343,6.637616576308215,-14.941799774060925,0.13714486358279568,0.14801226188440225,44.42642593383789,0.22242581779973192,1,4,1,1,1,1,168.53185370051753,73.99483525016367,209.85959428328545,273.1112083965588,725.4974916305255,0.23229832720958027,0.10199185538720934,0.28926301841738244,0.37644679898582795,0.09968718282746525
10.399999999999867,-0.12516313278762467,-0.0558861374643478,0.3961916879736568,6.650608385531895,-14.962500862556183,0.13707322922400472,0.1477878796855478,44.43212890625,0.2225448403676753,1,4,1,1,1,1,168.4330074468769,74.08067668591931,209.75386096172593,273.16011883618626,725.4276639307084,0.2321844283332505,0.10212000502505703,0.28914510900395063,0.37655045763774186,0.09966599896009587
10.419999999999867,-0.12500681613954925,-0.05605936550420307,0.3961014177991169,6.66351933417462,-14.983140818747888,0.1370013012422908,0.14755654745022417,44.43788528442383,0.22266427256053734,1,4,1,1,1,1,168.33650352347416,74.16534449749841,209.64869283337066,273.2086324341011,725.3591732884444,0.23207330895163839,0.10224637287106593,0.28902742331488007,0.37665289486241554,0.0996451154464287
10.439999999999866,-0.12485023373045863,-0.05623168684558799,0.3960111934499707,6.6763509331288695,-15.00371940744621,0.136929118408213,0.1473168895692286,44.443702697753906,0.2227842890254397,1,4,1,1,1,1,168.24182431230753,74.24887791413073,209.54408943639552,273.25682062760836,725.2916122904421,0.2319643870980481,0.10237106931328728,0.2889101237151545,0.37675441987351016,0.09962462696724393
10.459999999999866,-0.12469342572666921,-0.05640311951886324,0.3959210105022707,6.689104920304297,-15.024236984739971,0.136856721833133,0.14706968551486532,44.44956588745117,0.2229047278933831,1,4,1,1,1,1,168.1491603673828,74.33113015791128,209.4399567441257,273.30470728684355,725.2249545562634,0.23185793499103552,0.10249389474386134,0.2887930916170332,0.3768550786480699,0.09960459395359242
10.479999999999865,-0.12453643238472861,-0.05657368610822989,0.39583086598196965,6.70178369186455,-15.044694424230288,0.13678415460494175,0.14681532988661614,44.45547866821289,0.22302563612148418,1,4,1,1,1,1,168.05811900155268,74.4122044589615,209.33626625682905,273.35232755521076,725.1589172725539,0.23175350257519808,0.1026150305630088,0.28867640081456675,0.3769550660472264,0.09958503484364602
10.499999999999865,-0.12437929327588342,-0.0567434128038937,0.39574075650243606,6.7143897026734685,-15.065092821621523,0.1367114607208968,0.14655434010798113,44.46145248413086,0.22314694645610048,1,4,1,1,1,1,167.9685139584551,74.49190580020633,209.23298170782863,273.3997229139344,725.0931243804245,0.23165095394054436,0.10273426032533126,0.28856015134140656,0.3770546343927178,0.0995661224580915
10.519999999999865,-0.12422204751711269,-0.05691232873627581,0.39565067830875794,6.726925750259141,-15.085433357442822,0.13663868504757257,0.14628868960230074,44.46747589111328,0.2232686958520775,1,4,1,1,1,1,167.88020489561666,74.57058457080102,209.13008994076444,273.4469516156237,725.0278310228058,0.23155001465086653,0.10285203047392452,0.28844422378344015,0.3771537310917688,0.0995476727099875
10.539999999999864,-0.12406473257515567,-0.0570804656419149,0.3955606264820522,6.739394634649857,-15.10571734011444,0.136565872116143,0.14601624690078208,44.47356414794922,0.22339096046087656,1,4,1,1,1,1,167.79308433270046,74.64792008316026,209.02749300852838,273.4940354019079,724.9625328262971,0.23145069811891109,0.10296796965788313,0.2883286839578121,0.3772526482653936,0.09952991893307103
10.559999999999864,-0.12390738439730356,-0.057247856971606545,0.3954705942347163,6.75179976643636,-15.125946024598202,0.13649306588989296,0.14573889163877254,44.47970199584961,0.22351365676733947,1,4,1,1,1,1,167.70689090015128,74.72421337418692,208.92519525829854,273.54097735811354,724.8972768907503,0.23135262918835117,0.10308248596917911,0.28821351923741023,0.3773513656050595,0.0995127174550633
10.579999999999863,-0.12375003736352455,-0.057414537281926005,0.39538057442850233,6.764144586306248,-15.146120661028462,0.13642030948055864,0.1454589530657372,44.48590087890625,0.2236368869123366,1,4,1,1,1,1,167.6216940050128,74.79959981252804,208.82311037907905,273.587885079291,724.832289275911,0.23125583184554682,0.10319573357755757,0.2880985208146398,0.3774499137622558,0.09949599776612104
10.599999999999863,-0.12359272397218254,-0.057580542119935706,0.3952905592981448,6.7764325289078435,-15.16624249485891,0.13634764482634013,0.14517668371585202,44.492156982421875,0.223760600367401,1,4,1,1,1,1,167.5372657053528,74.8740164119008,208.72123626385516,273.63477513159216,724.7672935127009,0.23116008021465287,0.10330766451809914,0.2879837958087957,0.3775484594584523,0.09947984987036519
10.619999999999862,-0.12343547459918261,-0.057745907146644335,0.3952005402955822,6.788666793321781,-15.186312654962412,0.13627511211411394,0.14489246246274134,44.49846649169922,0.223884762617779,1,4,1,1,1,1,167.45349797306983,74.94762515719097,208.6195225326586,273.6816645343025,724.7023101972219,0.23106521894141432,0.10341849902036959,0.2878692665901458,0.37764701544807033,0.09946419489953835
10.639999999999862,-0.12327831633256185,-0.05791066809844607,0.39511050922788576,6.800850765390519,-15.206332330590673,0.13620274871455262,0.1446063882423136,44.50483322143555,0.22400955019405958,1,4,1,1,1,1,167.37033262459144,75.02065974424448,208.51792734128077,273.7285625443146,724.6374822544313,0.23097112242094198,0.10352853886449055,0.28775481871646674,0.3777455199981007,0.09944889557580347
10.659999999999862,-0.12312127459182569,-0.05807485988971662,0.3950204606285949,6.812987859349289,-15.22630291213714,0.13613059027392027,0.14432192225935525,44.51126480102539,0.2241349137273478,1,4,1,1,1,1,167.2878732684876,75.09323082639452,208.41639921205146,273.77557677917594,724.5730800861095,0.23087784775085327,0.10363789780524321,0.2876402738938119,0.3778439805500916,0.09943389166577128
10.679999999999861,-0.12296437157948874,-0.05823851661904636,0.3949303913301904,6.8250817963709824,-15.246226059284385,0.13605866931557695,0.144038201991931,44.51773452758789,0.22426073202697502,1,4,1,1,1,1,167.2059075731466,75.16535531750128,208.31493993353405,273.8226899552366,724.5088927794186,0.2307851694293192,0.10374662901534026,0.28752571846893377,0.37794248308640666,0.09941920936514433
10.69999999999986,-0.1228076264726368,-0.05840167070377259,0.3948403000330094,6.837136061448439,-15.266103514493613,0.13598701504494673,0.14375629853142344,44.524261474609375,0.2243870455713268,1,4,1,1,1,1,167.1241672445985,75.23720542279422,208.21347909781687,273.8699034802579,724.4447552454675,0.23069276992414822,0.10385499360444841,0.2874111208483617,0.37804111562304166,0.09940479274245474
10.71999999999986,-0.12265105576391427,-0.05856435297030984,0.394750188926863,6.849153762611384,-15.28593718344783,0.13591565369314104,0.143477286700365,44.53083038330078,0.22451389934570132,1,4,1,1,1,1,167.04287472879128,75.30892560593435,208.11207357788308,273.9173033514955,724.3811772641043,0.23060079412843248,0.10396311771982618,0.2872963573734701,0.3781397307782711,0.09939052904052051
10.73999999999986,-0.1224946726420363,-0.05872659219986507,0.3946600627765917,6.861138297024926,-15.305729265506855,0.13584460775860369,0.14320043502311364,44.53744888305664,0.22464120992469216,1,4,1,1,1,1,166.96178252222686,75.38035862231544,208.01065474786773,273.96482657249663,724.3176224649067,0.23050907135745713,0.10407086102059823,0.2871815461841064,0.37823852143783826,0.09937655113232446
10.75999999999986,-0.1223384867997978,-0.05888841548783043,0.39456992998160895,6.87309261544031,-15.325482143929031,0.13577389598568515,0.14292597131451212,44.54410934448242,0.2247690199565325,1,4,1,1,1,1,166.88087719169494,75.45184779101203,207.909237260084,274.0125158115994,724.2544780543903,0.23041745995136595,0.10417864173060137,0.28706655403581827,0.3783373442822145,0.09936265365793952
10.779999999999859,-0.12218250454934468,-0.05904984758930341,0.3944798011499366,6.88501948675308,-15.34519832880073,0.13570353318270897,0.14265387512752525,44.55082702636719,0.2248974104406446,1,4,1,1,1,1,166.80002092352697,75.5230538981325,207.80784487914758,274.06038865474227,724.1913083555494,0.23032590836016323,0.10428605401192369,0.286951586523491,0.37843645110442203,0.09934908864223459
10.799999999999859,-0.12202672930533381,-0.059210910360700864,0.394389688358925,6.89692157042179,-15.364880282554047,0.13563353040712375,0.14238453573196158,44.557579040527344,0.2250260858782316,1,4,1,1,1,1,166.71899554125721,75.59433397881114,207.70649528346675,274.10842427423347,724.1282490777686,0.23023407214617894,0.10439357127012537,0.2868366142986363,0.3785357422850593,0.09933566478001267
10.819999999999858,-0.12187116142985309,-0.05937162253731135,0.39429960447042506,6.908801019349609,-15.384530336462559,0.13556389471748842,0.1421184329196942,44.56437683105469,0.2251553187798593,1,4,1,1,1,1,166.63781733662066,75.66546900750407,207.60517243321715,274.15662702834294,724.0650858056848,0.23014204192872897,0.10450092193481372,0.2867217001662355,0.3786353359702218,0.09932252153949057
10.839999999999858,-0.12171579814189008,-0.05953200009941012,0.39420956295854537,6.92065976944423,-15.404150673284617,0.1354946292409906,0.1418539854554343,44.57121276855469,0.22528496485777613,1,4,1,1,1,1,166.55648848802852,75.73653024304242,207.503931939982,274.2050216596531,724.001972330706,0.23004977175939192,0.10460818221148141,0.2866068600227506,0.37873518600637607,0.09930962013259799
10.859999999999857,-0.12156063415549875,-0.05969205607383069,0.39411957663858954,6.93249936245971,-15.423743250222193,0.13542573364988045,0.14159084847295067,44.57809829711914,0.22541505542553866,1,4,1,1,1,1,166.47481618718444,75.8074019626426,207.40280414286113,274.2535179739807,723.9385402666688,0.22995711227898166,0.10471524548854425,0.2864922816050967,0.37883536062737744,0.09929704679191546
10.879999999999857,-0.12140566196578663,-0.05985180002983599,0.39402965830106385,6.944321322513987,-15.443309763298162,0.13535720418271915,0.14133066911082162,44.585044860839844,0.22554575965288726,1,4,1,1,1,1,166.39292904459995,75.87838905293883,207.30176208278613,274.30219463558035,723.8752748159052,0.22986408685794213,0.10482246278163887,0.28637773563340285,0.37893571472701626,0.09928460416000232
10.899999999999856,-0.12125087199057559,-0.060011238198339666,0.3939398199346145,6.956126650340875,-15.462851626465733,0.1352890338075219,0.14107163949289825,44.59202194213867,0.22567679689578693,1,4,1,1,1,1,166.3106269657084,75.94919202953861,207.2008636101898,274.35098273539904,723.8116653408358,0.22977058111849352,0.10492949432332632,0.28626350407411705,0.37903642048406316,0.09927250443179461
10.919999999999856,-0.12109625256682115,-0.06017037366706524,0.3938500716059289,6.967916181053557,-15.482369780880601,0.13522121228920259,0.14081398550167323,44.599037170410156,0.2258082141718867,1,4,1,1,1,1,166.22800405208437,76.01995095205696,207.10019788563307,274.3998889304735,723.7480418202479,0.2296766201038914,0.10503648584784357,0.2861495795757456,0.37913731447251947,0.09926063960405146
10.939999999999856,-0.12094179170283222,-0.06032920641272733,0.393760423165452,6.979689905462893,-15.501864864284991,0.13515372775724951,0.1405594445783194,44.60611343383789,0.2259402407031548,1,4,1,1,1,1,166.14520112275216,76.09067064864303,206.99969922240297,274.4489287512759,723.684499745074,0.2295823679811833,0.10514343014869991,0.28603583370283725,0.3792383681672795,0.09924898317305349
10.959999999999855,-0.1207874759102491,-0.06048773349908926,0.39367088281673196,6.991447682729582,-15.521337218897479,0.13508656572963076,0.1403053007343994,44.613224029541016,0.2260726237481048,1,4,1,1,1,1,166.06202586043185,76.16133056034212,206.89943406149095,274.4979596839704,723.6207501662353,0.22948765057149464,0.10525034079363506,0.2859224725299275,0.3793395361049428,0.09923754323835951
10.979999999999855,-0.12063329090051915,-0.06064594871786878,0.39358145732169275,7.00318896161086,-15.54078674776792,0.1350197095589368,0.14005253259306114,44.620384216308594,0.2262055298318836,1,4,1,1,1,1,165.97853346493733,76.23200801927938,206.79941195472838,274.5471303280292,723.5570837669743,0.2293924518032798,0.10535728241702949,0.2858093944407147,0.379440871338976,0.09922630535255147
10.999999999999854,-0.12047922156483258,-0.060803843362169326,0.39349215460020887,7.014912927838838,-15.560213255886627,0.13495314074329373,0.13979951205026364,44.6275749206543,0.2263388716615694,1,4,1,1,1,1,165.89519033679224,76.30273435459561,206.6996406224223,274.5962844513185,723.4938497651287,0.22929730555504735,0.10546424738699041,0.2856964723190448,0.3795419747389173,0.09921510305388592
11.019999999999854,-0.12032525300333233,-0.06096140644661914,0.3934029814873726,7.026619327016115,-15.579616503049422,0.134886839929868,0.1395476205301687,44.63481521606445,0.22647262840497484,1,4,1,1,1,1,165.81156445842083,76.37332729133593,206.6001672330755,274.6454328238665,723.4304918066987,0.22920179109996078,0.10557106474818448,0.2855839912375151,0.3796431529143397,0.09920414603405596
11.039999999999853,-0.1201713706420894,-0.06111862482202667,0.3933139449364335,7.038306710969019,-15.598995827233,0.1348207870550164,0.13929666136109098,44.642093658447266,0.2266068452778145,1,4,1,1,1,1,165.72804717754715,76.44397941661856,206.50103238457172,274.6946167012799,723.3676756800173,0.2291062384308933,0.10567790348767762,0.285471744628962,0.3797441134524671,0.09919324127279001
11.059999999999853,-0.12001755982533947,-0.06127548344801175,0.3932250519139599,7.049973591340998,-15.618350537782796,0.13475496108944005,0.13904546545037272,44.6494140625,0.22674152094781833,1,4,1,1,1,1,165.64454939024654,76.51449706550723,206.40223448419954,274.74375428445813,723.3050352244114,0.22901064049533948,0.10578454917262946,0.2853598750631696,0.3798449352688615,0.0991825053237911
11.079999999999853,-0.1198638064259518,-0.06143196577574648,0.39313630910037844,7.061618769788447,-15.637679854183396,0.13468934074376684,0.13879383920672203,44.65678024291992,0.226876602175395,1,4,1,1,1,1,165.5611893968362,76.58491970513063,206.30381033647203,274.7928118280103,723.2427312664493,0.2289151100169743,0.10589103269800584,0.2852483701774914,0.3799454871075284,0.09917187638416676
11.099999999999852,-0.1197100975860257,-0.06158805372982814,0.39304772435349106,7.073240492911308,-15.656982938627708,0.13462390510709454,0.1385427552468963,44.66416549682617,0.22701199809672049,1,4,1,1,1,1,165.47812241336564,76.65537686083366,206.20582410497462,274.8418469322228,723.1811703113967,0.22881973315498788,0.10599747339636399,0.2851371586682544,0.3800456347803937,0.09916125555953097
11.119999999999852,-0.11955642086264387,-0.06174372846446745,0.3929593049600261,7.084837012896916,-15.67625894545986,0.1345586332205389,0.13828935442131568,44.671592712402344,0.2271478240955559,1,4,1,1,1,1,165.39516137856995,76.72551528268288,206.10820756643366,274.89073035565053,723.1196145833371,0.2287244849164698,0.10610349067476514,0.28502643741062617,0.3801455869981387,0.0991508674581664
11.139999999999851,-0.11940276404013618,-0.06189897074234783,0.3928710578551924,7.096406200300106,-15.695506868449048,0.13449350407877128,0.13803349477636923,44.67905807495117,0.22728405317926903,1,4,1,1,1,1,165.3125621499158,76.79548841794954,206.0110091338454,274.9394712486992,723.0585309504099,0.22862957156818825,0.10620922806485283,0.2849160895219068,0.38024511084505214,0.09914056121437687
11.159999999999851,-0.11924911654311122,-0.06205376054428713,0.3927829889955188,7.107946326488144,-15.714725581835886,0.13442849770045134,0.13777597041814935,44.68655014038086,0.22742058182062572,1,4,1,1,1,1,165.230311794502,76.86509270782327,205.91432900715205,274.98809305178827,722.9978265612656,0.2285350048427852,0.10631441739377048,0.2848062904788044,0.3803442872846399,0.09913047431368736
11.17999999999985,-0.1190954695857089,-0.06220807758105238,0.3926951047541079,7.119455659857103,-15.733914000484443,0.13436359548691285,0.13751708432414878,44.694087982177734,0.2275575516929328,1,4,1,1,1,1,165.14859045565152,76.93453872298107,205.81810117548483,275.0365215962775,722.9377519503948,0.2284409549924616,0.10641931274915634,0.2846968506212514,0.3804428816371308,0.09912041034253943
11.19999999999985,-0.11894181536992718,-0.06236190151096894,0.3926074098260037,7.130932479158644,-15.753070954669235,0.13429877960561531,0.13725442102288166,44.70164108276367,0.22769469832016542,1,4,1,1,1,1,165.0670881682021,77.00350960685569,205.72240753026375,275.0847668511834,722.877772156505,0.22834716258568902,0.10652355428931935,0.2845880942175717,0.3805411889074199,0.09911063780546815
11.21999999999985,-0.11878814727272413,-0.06251521257123727,0.3925199072033873,7.1423744570254435,-15.772194948950267,0.13423403344648993,0.1369877054683482,44.70924377441406,0.22783230404303734,1,4,1,1,1,1,164.98626274708056,77.07198483296584,205.62719914819667,275.1328127394418,722.8182594676848,0.22825414353614104,0.10662705849424037,0.2844798072749706,0.3806389906946481,0.09910106662997654
11.23999999999985,-0.11863446030040307,-0.06266799152115607,0.39243259959770416,7.153779548897658,-15.791284588193333,0.13416934199758007,0.13671742529334985,44.71687316894531,0.22797018345694617,1,4,1,1,1,1,164.90595865617325,77.14010238692853,205.5324960464032,275.18063101840914,722.7591881079142,0.22816169115452514,0.106730019702511,0.28437202795644767,0.3807362611865161,0.09909163093135188
11.259999999999849,-0.1184807514086822,-0.0628202192739922,0.39234548815131837,7.165145732360427,-15.810338317796548,0.1341046919537061,0.1364441246175179,44.72454071044922,0.22810840649713415,1,4,1,1,1,1,164.82617887965253,77.20773681381286,205.43834797791365,275.2282067817978,722.7004704531769,0.22806983753074986,0.10683227695340912,0.2842648598929116,0.3808330256229293,0.09908240278349632
11.279999999999848,-0.11832701888997864,-0.06297187763729659,0.39225857262518193,7.17647138509841,-15.829354495074103,0.13404007151802036,0.13616585008987803,44.732234954833984,0.22824690854480312,1,4,1,1,1,1,164.74722919321093,77.27473319813456,205.3446910087849,275.2755511921141,722.6422045922445,0.22797897513634788,0.10693360103668083,0.2841581763476601,0.3809292474793111,0.09907341836395087
11.299999999999848,-0.11817326266263341,-0.06312294987665325,0.39217185220751494,7.187754795844816,-15.84833152621311,0.13397547092457718,0.1358842810986412,44.73995590209961,0.2283857104487036,1,4,1,1,1,1,164.6689354232678,77.34125678040712,205.25161975903845,275.32262571565286,722.5844376783663,0.22788884846778912,0.10703421323174543,0.28405209004847015,0.3810248482519953,0.09906459370591736
11.319999999999848,-0.11801948405388624,-0.06327342017556635,0.39208532525180245,7.198994041105837,-15.867267778199828,0.13391088199642057,0.13559778962725233,44.74772262573242,0.22852487983898181,1,4,1,1,1,1,164.5913571947704,77.40726608105743,205.15903001168851,275.3694217809344,722.5270750684508,0.22779957025025996,0.10713406978378494,0.28394649431269015,0.38111986565326483,0.09905593967888712
11.339999999999847,-0.11786568667028592,-0.06342327398512802,0.39199898892540347,7.210187295126081,-15.886161544693294,0.1338462990793942,0.1353077242051666,44.75551986694336,0.22866433707790323,1,4,1,1,1,1,164.51459509341447,77.47256724705504,205.067005548083,275.4159806289855,722.4701485175381,0.22771127005176306,0.10723289731212249,0.2838414929237799,0.3812143397123345,0.09904756771628791
11.359999999999847,-0.11771187517574247,-0.06357249818488245,0.39191283925217857,7.221332917561215,-15.905011108304686,0.13378171804419486,0.13501297891195368,44.76333999633789,0.22880404724340056,1,4,1,1,1,1,164.43865756319528,77.53729280049572,204.97547659029954,275.4622573424855,722.413684296476,0.22762395167435703,0.10733087493491428,0.2837369793041992,0.38130819408652944,0.09903937650291704
11.379999999999846,-0.11755805577735254,-0.0637210808093572,0.39182687272692385,7.232429634502154,-15.9238148900734,0.1337171365893832,0.13471460760888385,44.77119445800781,0.22894408339567165,1,4,1,1,1,1,164.36373857600955,77.60146368633781,204.88447409620284,275.5082534627775,722.3579298213276,0.2275378061076512,0.10742799446464472,0.2836328994780748,0.38140129994962935,0.09903130877730738
11.399999999999846,-0.11740423554691663,-0.06386901208493186,0.3917410854570941,7.2434770738924765,-15.942571573427834,0.13365255414342464,0.13441099069013673,44.779083251953125,0.22908442179914648,1,4,1,1,1,1,164.2897179659115,77.66485166783093,204.7939405254333,275.5539646053172,722.3024747644929,0.22745279672408467,0.10752400051398632,0.2835293352583438,0.3814938675035853,0.09902353295936893
11.419999999999845,-0.11725042291357679,-0.06401628398471375,0.391655473953607,7.2544742732749015,-15.96127985777091,0.13358797209563492,0.13410373860079572,44.7869987487793,0.22922502999171193,1,4,1,1,1,1,164.21660119214036,77.72779455660778,204.70390107293764,275.59941636089144,722.2477131825772,0.22736880739784082,0.10761930171312145,0.2834261671399581,0.3815857237490797,0.09901583896969804
11.439999999999845,-0.117096627574206,-0.06416289019632444,0.3915700349489367,7.265420063433611,-15.97993854684856,0.1335233937091096,0.13379317386116968,44.79493713378906,0.22936586395679748,1,4,1,1,1,1,164.14444142643086,77.79001786393633,204.61436169480453,275.64461672170864,722.1934377068803,0.22728597749049728,0.10771354847938855,0.2833234851101655,0.3816769889199487,0.09900839001796921
11.459999999999845,-0.1169428603279914,-0.06430882589911184,0.3914847653345053,7.276313755103987,-15.998546607522535,0.133458823875435,0.13347904691961446,44.80290985107422,0.22950697586488164,1,4,1,1,1,1,164.07324767532288,77.85165769247789,204.52527324290787,275.68952802960933,722.139706640318,0.22720430155912225,0.10780692015216121,0.28322119856065114,0.38176757972806535,0.0990010844955998
11.479999999999844,-0.11678913284855004,-0.06445408780678318,0.3913996616339674,7.287154828066746,-16.017103133713682,0.1333942689418132,0.13316065350239512,44.81090545654297,0.22964835960547733,1,4,1,1,1,1,164.00289894729949,77.91259894923908,204.43664167238447,275.73420953378707,722.0863491027101,0.22712366623617142,0.10789928246954955,0.2831193830577529,0.38185766823652617,0.09899403867915851
11.499999999999844,-0.11663545672090829,-0.06459867440836571,0.39131472075499685,7.297942836922334,-16.035607338570188,0.13332973599243686,0.13283807128979297,44.81892395019531,0.22978990718255984,1,4,1,1,1,1,163.9335599958177,77.97288544247638,204.34843315611198,275.77861682640537,722.0334954208114,0.22704425907592402,0.10799067624561196,0.28301794092947835,0.3819471237489857,0.09898717336529589
11.519999999999843,-0.11648184437216166,-0.064742585628482,0.39122993941367856,7.308677677453017,-16.054058528786385,0.13326523350897568,0.13251223136126764,44.82698440551758,0.22993180119897363,1,4,1,1,1,1,163.86504133807887,78.03252071190579,204.26065324762715,275.82279690159146,721.9810121992033,0.22696586000085348,0.10808112594846979,0.2829169324348784,0.3820360816157983,0.09898054064679894
11.539999999999843,-0.11632830865524205,-0.06488582287144928,0.39114531484038284,7.3193592912611765,-16.072456173395803,0.13320077103490938,0.1321831290320512,44.83507537841797,0.23007396208524603,1,4,1,1,1,1,163.79748189471925,78.09151884668758,204.1732945390358,275.86673039957043,721.9290256800131,0.22688862210579777,0.10817063183341345,0.28281629810730635,0.38212444795348244,0.0989740933668779
11.559999999999842,-0.11617486267569412,-0.0650283887994574,0.3910608445061954,7.329988118819056,-16.090799900230433,0.13313635892411127,0.13185098580107757,44.84317398071289,0.23021627112149015,1,4,1,1,1,1,163.73081001106488,78.14992681966396,204.08633339812965,275.910439350819,721.8775095796775,0.22681245479776652,0.10825926252387023,0.282716015791878,0.38221226688648524,0.09896782320196343
11.579999999999842,-0.11602151940273363,-0.06517028756715863,0.3909765259549209,7.340564680450714,-16.109089458496403,0.13307200812381634,0.13151554723047626,44.85131072998047,0.23035884178733435,1,4,1,1,1,1,163.66498754962964,78.20761595063017,203.99971981149776,275.9539320772998,721.8262553890573,0.22673737111628864,0.10834687068632191,0.2826160981101247,0.38229966008726474,0.09896182200989677
11.599999999999842,-0.11586829108842377,-0.06531152444737993,0.3908923568755769,7.351089206345958,-16.127324650643967,0.13300772949491474,0.13117696278401847,44.859466552734375,0.2305015890261786,1,4,1,1,1,1,163.59986974993694,78.26475947301549,203.91347395683815,275.9972160363779,721.7753192161686,0.2266631531923295,0.10843368758855487,0.2825165512424053,0.3823866079767102,0.09895601207730974
11.619999999999841,-0.11571519055393743,-0.06545210589924948,0.3908083349602325,7.36156248194072,-16.145505347507093,0.13294353497474262,0.13083656330960763,44.8676643371582,0.23064470620564584,1,4,1,1,1,1,163.53563724147347,78.32122132901623,203.82762684786456,276.0403036507015,721.7247890690558,0.22659002395139585,0.10851951119767113,0.2824173839321487,0.3824730809187843,0.0989504416860547
11.63999999999984,-0.11556223069671058,-0.06559203910630479,0.3907244579241712,7.371984915231967,-16.163631486711903,0.13287943692581924,0.13049453958601917,44.87586975097656,0.2307879194726128,1,4,1,1,1,1,163.47205827898006,78.37715304391806,203.74210770184615,276.0832134848054,721.6745325095496,0.2265177041934993,0.10860457105416967,0.2823185501549483,0.3825591745973828,0.09894507187977666
11.65999999999984,-0.115409423205157,-0.065731331722149,0.39064072362604,7.38235708956305,-16.181703042479395,0.13281544689724242,0.13014974220965553,44.88411331176758,0.23093142192899474,1,4,1,1,1,1,163.40922011228076,78.4325216767759,203.6569137194122,276.12595274144746,721.6246082499163,0.22644629665357552,0.10868881241036171,0.28222002325186896,0.38264486768419387,0.09893990537269781
11.67999999999984,-0.11525677963606057,-0.0658699921867714,0.3905571299126372,7.392679833869867,-16.19972009979698,0.13275157672419846,0.12980262798239225,44.89237594604492,0.23107507904141703,1,4,1,1,1,1,163.34702670064615,78.48731572658622,203.57203728394165,276.16850284778207,721.5748825589561,0.22637571047562055,0.10877223920023772,0.2821218451534846,0.3827302051706571,0.09893496320406116
11.69999999999984,-0.11510431047521305,-0.06600802940646308,0.39047367489806994,7.4029539629971906,-16.21768278516072,0.13268783755905714,0.1294536625203362,44.900672912597656,0.23121907028278407,1,4,1,1,1,1,163.2855133959801,78.54157495664353,203.4874607350972,276.2109290909534,721.5254781786742,0.22630595638584652,0.1088548877787431,0.282023943560184,0.3828152122752264,0.09893023296697516
11.719999999999839,-0.11495202620516008,-0.06614545255837025,0.39039035790758,7.41318039395689,-16.23559133853743,0.13262424070592607,0.1291042598617473,44.90897750854492,0.23136312787892757,1,4,1,1,1,1,163.22466671081602,78.59547494570995,203.40315737679742,276.25319417419735,721.4764932075208,0.226236985192901,0.108936986423899,0.2819262433243156,0.38289978505888433,0.0989255939499414
11.739999999999839,-0.11479993677135608,-0.06628227118471033,0.3903071784052669,7.423360087381298,-16.25344607465127,0.132560797206832,0.12875413798597096,44.91733169555664,0.23150756325279132,1,4,1,1,1,1,163.16446637020977,78.64875755955957,203.31922264739194,276.2953267048419,721.4277732820032,0.2261688174658469,0.10901820039691776,0.28182893725095787,0.38298404488627746,0.0989212193125679
11.759999999999838,-0.11464805127701112,-0.06641849457956865,0.3902241362950575,7.43349370813457,-16.271247353042735,0.13249751727422052,0.12840286782816415,44.925697326660156,0.23165214419251548,1,4,1,1,1,1,163.10458857344918,78.70175835414447,203.23550816765527,276.33735011574356,721.3792052109925,0.22610104005665585,0.10909901170650657,0.2817318640453629,0.3830680841914747,0.09891697909691684
11.779999999999838,-0.11449637751910621,-0.06655413179768276,0.39014123109875937,7.443582018813193,-16.288995437194068,0.13243440989539318,0.12805096420693723,44.93408966064453,0.23179694845680954,1,4,1,1,1,1,163.04533733843246,78.75421607220792,203.15203281625622,276.3792206574825,721.3308068843792,0.226034068949126,0.10917905532465536,0.28163504300297976,0.38315183272323877,0.09891295518503815
11.799999999999837,-0.11434492298901726,-0.06668919199496479,0.39005846319625403,7.4536260094861415,-16.306690697100034,0.1323714838713594,0.12769839864377483,44.94249725341797,0.23194188391961512,1,4,1,1,1,1,162.98661436428827,78.80625408054325,203.06890928892898,276.42097787168365,721.2827556054442,0.22596771252000533,0.1092584752208492,0.2815385612795818,0.3832352509795636,0.0989091004279367
11.819999999999837,-0.11419369389295247,-0.06682368387104438,0.3899758335893124,7.463627218740685,-16.324333647559612,0.13230874669126985,0.12734527064256532,44.95093536376953,0.23208710946206437,1,4,1,1,1,1,162.92841184383093,78.85802756535952,202.9860077255754,276.4626337982926,721.2350809330585,0.2259019509048994,0.10933748184203859,0.2814422274953311,0.3833183397577308,0.09890532514778286
11.839999999999836,-0.11404269614660999,-0.06695761602275013,0.3898933444990413,7.473586459114091,-16.341924876627477,0.132246205570663,0.12699226494232727,44.95939636230469,0.23223253745123548,1,4,1,1,1,1,162.87059846759053,78.90939102360235,202.90334419025714,276.5041760582616,721.1875097397116,0.22583668777953905,0.10941591466563537,0.2813461706560729,0.3834012268987527,0.09890174475161644
11.859999999999836,-0.11389193457111756,-0.06709099665084231,0.38981099774141065,7.483504316980925,-16.35946481919545,0.13218386660994244,0.1266386736976022,44.96788024902344,0.23237811890393612,1,4,1,1,1,1,162.81319649059844,78.96037966308563,202.82096295106746,276.54563547855594,721.1401745833075,0.2257719126308223,0.10949380223991942,0.2812504005455838,0.38348388458367444,0.09889834023426597
11.879999999999836,-0.11374141300064251,-0.067223833360238,0.38972879567842006,7.493381481548243,-16.376953975919093,0.13212173478662692,0.12628458079979382,44.97638702392578,0.23252391493739785,1,4,1,1,1,1,162.756205052694,79.01101994725695,202.73886459002466,276.5869780611969,721.0930676511725,0.22570762687102552,0.10957118226724985,0.2811549211676782,0.3835662696940464,0.0988950829857105
11.899999999999835,-0.11359113463665053,-0.06735613281526842,0.3896467407877795,7.503218669619919,-16.39439280552182,0.13205981408388304,0.12593065451232321,44.98490524291992,0.232669867719025,1,4,1,1,1,1,162.69948126555124,79.06141526578804,202.65700574663427,276.62825672118527,721.0461589991588,0.22564364185974542,0.10964820251664398,0.281059684206529,0.38364847141708164,0.09889195762775294
11.919999999999835,-0.11344110181456757,-0.06748790102954634,0.3895648359166743,7.5130165960054525,-16.41178176555729,0.13199810743445123,0.12557744231864063,44.99345397949219,0.2328159974148716,1,4,1,1,1,1,162.64322814029094,79.1114432540739,202.57543171497042,276.66941571304676,720.999518822382,0.22558021731545433,0.10972468245649826,0.28096472525507304,0.3837303749729744,0.09888897549629229
11.939999999999834,-0.11329131601217174,-0.06761914348004563,0.38948308348613475,7.522776080001562,-16.42912129183434,0.13193661678527593,0.1252232511213398,45.00202178955078,0.2329623459276293,1,4,1,1,1,1,162.58717455556763,79.16111938556573,202.4941029241693,276.71046676061485,720.9528636259175,0.22551706603655244,0.1098006865350912,0.28087010003089175,0.3838121473974646,0.09888619142545681
11.959999999999834,-0.11314177866786673,-0.06774986469978297,0.38940148693306514,7.532497569932685,-16.446411743049204,0.1318753435899503,0.1248701795309809,45.01060485839844,0.23310881700036937,1,4,1,1,1,1,162.5316029250846,79.21062470913758,202.41309380334576,276.7514216939858,720.9067431315536,0.2254544079017239,0.1098763820200291,0.2807756977332208,0.3838935123450263,0.09888342963599368
11.979999999999833,-0.1129924902076987,-0.06788006885432399,0.3893200496715033,7.542181552075392,-16.463653569467283,0.13181428826574398,0.12451689206358953,45.01921463012695,0.23325548765125614,1,4,1,1,1,1,162.47622969921943,79.25979317570159,202.3323211704425,276.79229923639684,720.8606432817603,0.2253920105272177,0.10995161674365622,0.2806816033808043,0.38397476934832186,0.09888086570029782
11.999999999999833,-0.11284342177552126,-0.06800937994619753,0.3892386974762873,7.5518509449304165,-16.480830272531627,0.1317532299364021,0.12391583758000443,45.02647018432617,0.23338945193909744,1,4,1,1,1,1,162.4227732061924,79.31200056573465,202.2443951100512,276.8338790874782,720.8130479694564,0.22533273178633537,0.11003130532827897,0.28057815501505884,0.38405780787032684,0.0988764747353393
12.019999999999833,-0.11269478554175444,-0.06813817978099213,0.3891581998819604,7.561335686071478,-16.497926400240146,0.1316925443302271,0.1238415159763725,45.034767150878906,0.23353131732879254,1,4,1,1,1,1,162.37039268607492,79.39482750406574,202.12576963049378,277.1277824184575,721.018772239092,0.22519579092488928,0.11011478557972716,0.28033357439890383,0.38435584909647974,0.0989377859105122
12.039999999999832,-0.11254797762545313,-0.0682719685741593,0.3890833919026258,7.555177707780502,-16.513964099039715,0.13163627524573343,0.1211265356084001,45.043853759765625,0.23367708651305932,1,4,1,1,1,1,162.4379834502252,79.2699484117995,201.95717860085128,277.5083332722465,721.1734437351224,0.22524121605049915,0.10991800807478751,0.28003967749404196,0.3848010983806715,0.09913334478490939
12.059999999999832,-0.11240177559492862,-0.06840393307796165,0.38900871929351005,7.543224896134268,-16.529144895041213,0.1315798511073293,0.11665454088937267,45.06874465942383,0.2339303347385344,1,4,1,1,1,1,162.40063938396094,78.93197260606767,201.89688619189914,277.3939164707823,720.62341465271,0.22536131366509463,0.10953290026540055,0.2801697559177969,0.3849360301517079,0.09931769401446279
12.079999999999831,-0.11225624433124054,-0.06853158747233822,0.3889305247836968,7.5312883973769384,-16.5436810387692,0.13152202428807852,0.11351184173622195,45.08920669555664,0.23415427062006514,1,4,1,1,1,1,162.4819158250738,78.708017489569,201.82154013265085,277.53198687038434,720.543460317678,0.2254991194471985,0.10923424029810457,0.28009627627967154,0.38517036397502546,0.09948882524605163
12.099999999999831,-0.11211182218643057,-0.06865505892552146,0.3888485626755296,7.519677005331513,-16.557580957150677,0.1314632183921748,0.11144372958485531,45.10737991333008,0.2343606543842824,1,4,1,1,1,1,162.73505647387015,78.50464975329604,201.74068628327854,277.71042926978845,720.6908217802331,0.22580425829745676,0.10892972045817892,0.2799268149203615,0.38533920632400287,0.09962250336424036
12.11999999999983,-0.11196919264944778,-0.06877465386364526,0.38876338681962685,7.508294187356964,-16.57087570895986,0.13140415943429404,0.11082821957139107,45.12626647949219,0.2345818268767477,1,4,1,1,1,1,162.93661840292975,78.35900870036477,201.66376081828304,277.8860718940166,720.8454598155942,0.22603543683914165,0.10870431051949814,0.2797600485267292,0.38550020411463104,0.09973055945481446
12.13999999999983,-0.11182909370686456,-0.06889006156949215,0.38867439822430294,7.496930955932713,-16.583466525475597,0.13134529600388098,0.11026089668858458,45.150001525878906,0.23484895174674658,1,4,1,1,1,1,162.9512029797281,78.19099153474636,201.59382568694548,278.0590651148894,720.7950853163093,0.22607146788219235,0.10847880781600155,0.27968257524741486,0.38576714905439136,0.09989318860934532
12.15999999999983,-0.11169201583569502,-0.06900083515140265,0.3885808248086413,7.485430962653,-16.595204102732612,0.13128679161679666,0.10969200631293069,45.17021179199219,0.23509163307826844,1,4,1,1,1,1,163.04194869681754,78.04982224346236,201.51140930421553,278.2251643807377,720.8283446252331,0.2261869277374004,0.10827795941354298,0.279555334923717,0.38597977792533966,0.10002026922785567
12.17999999999983,-0.11155816549773817,-0.06910682960445998,0.3884828203969518,7.473724631360224,-16.60608107828682,0.13122872470309466,0.10911462808352881,45.18867111206055,0.2353323150856678,1,4,1,1,1,1,163.1954353489545,77.95122010160662,201.4117126204901,278.38633071813996,720.9446987891912,0.2263633197151421,0.10812371633014817,0.2793719309660728,0.3861410329886369,0.10010577370305088
12.199999999999829,-0.11142593867700638,-0.06920013515683454,0.3883872927313388,7.461792326817452,-16.616201054560783,0.13116553859827723,0.07840797980506074,45.20504379272461,0.2355612187371525,1,4,1,1,1,1,163.39438674090997,77.93364592870502,201.88464129639482,278.3708494700528,721.5835234360626,0.22643863313681645,0.10800363838353426,0.27978000430920763,0.3857777241704417,0.10005066686226609
12.219999999999828,-0.1112860133793266,-0.06922629032418373,0.3883250056600949,7.4426972161779865,-16.618893676977894,0.1310605052863441,0.07614665689993434,45.177852630615234,0.23524463711312038,1,4,1,1,1,1,163.87242505248065,77.84030715814606,204.5381773854215,277.97541506411324,724.2263246601615,0.22627239506845698,0.10748063762342817,0.2824230084171543,0.3838239588909605,0.099793375702098
12.239999999999828,-0.11114978090758916,-0.06924264984505125,0.38825710572626065,7.4248115297261,-16.62384209170209,0.13095349691157335,0.09171829048160102,45.19215774536133,0.23547295086672268,1,4,1,1,1,1,164.16080044300347,77.64734591982848,202.87506081462794,278.38322642736307,723.066433604823,0.2270341877503363,0.10738618515690224,0.2805759628519903,0.38500366424077104,0.1000337537773492
12.259999999999827,-0.11101778670175219,-0.06926132123946153,0.3881858172490159,7.407892839789706,-16.630709560688103,0.13085136447126422,0.09661858969174614,45.203330993652344,0.23563300649654184,1,4,1,1,1,1,164.3352961808332,77.34386306659198,201.8619577098018,278.62500412142134,722.1661210786483,0.2275588557593608,0.10709982206181168,0.27952288513381784,0.38581843704500973,0.10030243566031802
12.279999999999827,-0.11088572897953944,-0.06926028508546728,0.3881258859921544,7.389205596600346,-16.63584579923386,0.13073879294778606,0.08763499711545115,45.19988250732422,0.23560513338645692,1,4,1,1,1,1,164.6936306883966,77.09739684814133,202.5207813125703,278.41274349721067,722.7245523463189,0.22787883731598738,0.10667604497155286,0.2802184880188287,0.3852266296936311,0.10028771151034833
12.299999999999827,-0.11075713589626367,-0.06926240784753039,0.3880606158914228,7.371266745521234,-16.641800201548055,0.13063087036677457,0.09243594753066836,45.218692779541016,0.2358453810755865,1,4,1,1,1,1,164.84264037125254,76.80147262635202,201.6992706388295,278.6808353634733,722.0242189999074,0.2283062479532611,0.10636966268628986,0.27935250000091116,0.3859715893595379,0.10056109466883531
12.319999999999826,-0.11063054985204297,-0.06926854694975673,0.387991833627024,7.3537989444295855,-16.648113902932067,0.13052681776974423,0.093254677665537,45.23989486694336,0.23607561838662514,1,4,1,1,1,1,164.95277504660461,76.45091564697084,201.32489884557478,278.7719008185487,721.5004903576989,0.228624619457744,0.10596100303281665,0.27903639919324763,0.38637797831619175,0.10080451997351088
12.339999999999826,-0.1105051325175425,-0.0692790212402806,0.38791899933728047,7.336636918493225,-16.654242518748042,0.13042609821937817,0.09307877193788802,45.2569580078125,0.23626917206626116,1,4,1,1,1,1,165.16317095916034,76.12707946623051,201.15336811831276,278.8248812744056,721.2684998181091,0.2289898574536549,0.10554610313001106,0.27888833100161725,0.3865757084147168,0.10098986856089066
12.359999999999825,-0.11037787633796621,-0.06927333198655257,0.38785293397861964,7.317927758979998,-16.65808244954492,0.13031527197300588,0.08398509881029716,45.26433563232422,0.236331916649866,1,4,1,1,1,1,165.49824659354118,75.7880551642371,202.09286192944052,278.6307958778416,722.0099595650604,0.22921878625225267,0.10496815751668011,0.2799031498833915,0.38590990634767575,0.10103439413798482
12.379999999999825,-0.11025306434093855,-0.06927367522359681,0.38777772215498135,7.299998778950952,-16.662348730195802,0.13020975491702422,0.09007246170502022,45.28352737426758,0.23658146895790644,1,4,1,1,1,1,165.75090774179364,75.53696018316467,201.4461182022361,278.83895600193074,721.5729421291251,0.22970776489029243,0.10468374820192103,0.2791763748898825,0.3864321120179042,0.10123434432514894
12.399999999999824,-0.1101299979400642,-0.06928137360295081,0.3876960847537124,7.282746890854184,-16.66682299485967,0.1301096659537261,0.09189571697126986,45.300289154052734,0.2367938965996904,1,4,1,1,1,1,166.01339947031173,75.288782063733,201.13900753787118,278.9566162754409,721.3978053473568,0.2301273974494217,0.10436513877039182,0.27881843560782904,0.3866890281723575,0.1013888872005786
12.419999999999824,-0.11000859701766688,-0.06929652806104537,0.387609258679638,7.2660166117639315,-16.67125071294415,0.13001499997735136,0.09303046726967297,45.31678009033203,0.23700201013285715,1,4,1,1,1,1,166.29544735572165,75.19112167508567,200.95460732550282,279.0347533760731,721.4759297323833,0.23049341010919872,0.10421847573345416,0.27853265652264075,0.3867554576347063,0.10142599216640963
12.439999999999824,-0.10988632648898064,-0.06930296855947828,0.38752832104417967,7.248404435400255,-16.674244655026396,0.12991499605664808,0.08303960236042303,45.32535171508789,0.2370747111902282,1,4,1,1,1,1,166.5595799271694,75.09444988629629,201.68864989033722,278.94766066649055,722.2903403702935,0.23059920729630695,0.10396712469918667,0.27923487082346743,0.38619879718103894,0.10137403692733803
12.459999999999823,-0.10976594249777134,-0.06931172781035226,0.3874431308473908,7.231151646501414,-16.67735065707464,0.12981786373408094,0.0898406835137004,45.34555435180664,0.23730779557730894,1,4,1,1,1,1,166.8143816945218,74.86279374897885,201.26932919895359,279.1149133963378,722.061418038792,0.2310251974791982,0.10367926034923101,0.27874267225858146,0.38655286991298937,0.10154140716068688
12.479999999999823,-0.10964790876862246,-0.06932395073493215,0.38735690619383467,7.2148059569673535,-16.681173964047655,0.12972460847052672,0.07984408904580892,45.36285400390625,0.23750696212931233,1,4,1,1,1,1,167.01915546425866,74.72641831852206,201.2874793263275,279.2543258158099,722.2873789249181,0.23123643073046182,0.10345801477210899,0.2786805988856291,0.3866249556118001,0.10163117166331018
12.499999999999822,-0.10953054943784207,-0.06932893764862422,0.38727452423022674,7.1969613848520435,-16.683112360220264,0.12962809439177292,0.0889129522967384,45.36677169799805,0.2375442968222212,1,4,1,1,1,1,167.34401653142544,74.53473103044672,201.47618804425022,279.2162572601866,722.5711928663089,0.23159519530193567,0.1031520932003682,0.2788323005862311,0.38642041091146506,0.10166719559149229
12.519999999999822,-0.1094169261576914,-0.06934310794599856,0.3871870899930147,7.180613839298599,-16.686566365112256,0.1295396863876399,0.09331331399064972,45.38363265991211,0.23774493776773065,1,4,1,1,1,1,167.52312166179286,74.34565213640781,200.95734601173137,279.446319173056,722.272438982988,0.2319389646068699,0.10293297670487314,0.27822928740669367,0.38689877128156336,0.10184924715756714
12.539999999999822,-0.1093042859283245,-0.06935086047149232,0.3871057499036416,7.163722960668001,-16.689139089955802,0.12944871096475744,0.0862250298752371,45.39137268066406,0.23780758435826102,1,4,1,1,1,1,167.70049091901043,74.1734271801414,201.52380267181871,279.4250972531138,722.8228180240843,0.23200774344318317,0.10261633325702504,0.27880110816466225,0.3865748151351296,0.10189191636155198
12.559999999999821,-0.10919475361278728,-0.06936242098677305,0.3870209338940867,7.147294935102101,-16.692040948003715,0.12936243528050814,0.09178892423375976,45.406314849853516,0.23798847144902688,1,4,1,1,1,1,167.9385031343761,73.96217439105902,201.05400364577613,279.5874186586709,722.5420998298822,0.23242729132865217,0.10236382683925674,0.2782592235014582,0.38694965833063283,0.10205272209179365
12.57999999999982,-0.10908663003332421,-0.0693689676936368,0.38694108885768935,7.130613580320998,-16.69449975228744,0.12927469408553313,0.08610104333099233,45.41271209716797,0.23804196545941717,1,4,1,1,1,1,168.1019236652381,73.78515121977054,201.47130593780304,279.6169223841489,722.9753032069606,0.23251406088088303,0.10205763722837519,0.27866969320268664,0.38675860868805517,0.10212439611566533
12.59999999999982,-0.10898187065407959,-0.06938012667740479,0.3868574613821803,7.114445553972301,-16.697366416779275,0.12919229895406023,0.09135276363959463,45.42793655395508,0.23822410583860767,1,4,1,1,1,1,168.30636523485427,73.57283132785949,200.9707010461998,279.77385355155707,722.6237511604706,0.2329100932048925,0.10181346960947235,0.27811250422292155,0.38716393296271356,0.1022931694969559
12.61999999999982,-0.10887943619434726,-0.06939123587973219,0.3867759422022256,7.098495898527821,-16.700291323587802,0.12911187103793192,0.08370985617221738,45.4352912902832,0.23828977252552586,1,4,1,1,1,1,168.43655671838798,73.40494299070426,201.19032736099658,279.83828397373884,722.8701110438276,0.23301081915693658,0.10154651834298031,0.2783215466890405,0.38712111581104264,0.10238576425696867
12.63999999999982,-0.10877936699712135,-0.06940169708977813,0.38669355004655204,7.082362150277956,-16.702690452289282,0.12903312072191284,0.08947498455825294,45.451904296875,0.2384815295224263,1,4,1,1,1,1,168.62851205251155,73.21757537976035,200.97509627824678,279.92588496594414,722.7470686764627,0.2333160788342097,0.10130456220852022,0.27807113302622494,0.3873082259310453,0.10250637036688638
12.659999999999819,-0.10868088786576555,-0.06940829366509582,0.386614539552944,7.066200761035373,-16.704918856888828,0.1289536607343556,0.08477494793604279,45.457637786865234,0.2385325311320493,1,4,1,1,1,1,168.77878065274064,73.03108582969985,201.278883557612,279.9841230610033,723.0728731010558,0.2334187699904935,0.10100100355928178,0.2783659725670299,0.38721425388319475,0.10260119151033852
12.679999999999819,-0.10858574785404117,-0.06942016848387524,0.38653120734814145,7.05058453570186,-16.707587606239954,0.1288798837264801,0.08944982583511432,45.472312927246094,0.23871264278585744,1,4,1,1,1,1,168.96166789614787,72.86324564385696,200.74628773482692,280.1389655345229,722.7101668093546,0.2337889733059735,0.10081945569623862,0.27776873351746034,0.3876228374803276,0.10274821183668031
12.699999999999818,-0.108491912375203,-0.06942816371691604,0.3864518813364279,7.034762211940478,-16.70978860494802,0.1288051434063548,0.08387844220386458,45.47798538208008,0.23876689235555712,1,4,1,1,1,1,169.1102938200066,72.68578925715607,201.11979877270701,280.16710853559766,723.0829903854674,0.23387397583485653,0.10052205656007494,0.2781420686794089,0.38746189892565963,0.10282443036094226
12.719999999999818,-0.1084011061492591,-0.06944135037617542,0.38636834833391015,7.0194931128450335,-16.712382222162034,0.12873577962808047,0.08821917315283517,45.4934196472168,0.2389554112635823,1,4,1,1,1,1,169.27627137793365,72.52476715571088,200.60314208505824,280.33697282060416,722.7411534393069,0.23421424194872395,0.10034680716683617,0.27755876516848177,0.3878801857159581,0.10297536044254976
12.739999999999817,-0.10831058844695868,-0.06944673061778323,0.38629089436727637,7.003689270057953,-16.71417512038615,0.1286624730184579,0.08420850292311408,45.498504638671875,0.23900448460065837,1,4,1,1,1,1,169.4385882690546,72.36029931700043,201.10965344209478,280.33260037811135,723.2411414062611,0.2342767557990414,0.10005003196624566,0.2780672198086791,0.3876059924260339,0.10302353044434719
12.759999999999817,-0.10822283559388982,-0.06945802064295262,0.38621009239621606,6.988893636345662,-16.71699883629892,0.12859470741682544,0.07812097725951682,45.5129280090332,0.23918635305974054,1,4,1,1,1,1,169.59422268967884,72.19972063291482,200.70870725464204,280.5121608784826,723.0148114557182,0.23456535053302405,0.09985925528627536,0.2775997172873057,0.3879756768933949,0.10317400767137279
12.779999999999816,-0.1081358150874396,-0.0694662245268069,0.3861318405910043,6.973185068707067,-16.718636139059907,0.12852591510910816,0.08422252661423564,45.51675796508789,0.2392312281413542,1,4,1,1,1,1,169.79217648485218,72.08047394015843,200.7036293305057,280.53352038531085,723.1098001408271,0.23480829114995372,0.09968122949809366,0.2775562290698014,0.3879542502821513,0.10321971918491056
12.799999999999816,-0.10805028735876698,-0.06947629607770626,0.38605464256189603,6.9582597800507004,-16.721120109078548,0.12845941115772413,0.07885204281802842,45.522151947021484,0.239292342485513,1,4,1,1,1,1,169.90937486014695,71.9272223137753,200.7034067364749,280.65028230323423,723.1902862136315,0.23494421606480964,0.09945822515172431,0.2775250311882464,0.3880725275952196,0.10333338379103178
12.819999999999816,-0.10796609251015557,-0.06948856127806792,0.3859768463119725,6.943365031454401,-16.723448259299353,0.12839523854258486,0.08370304241786079,45.53562927246094,0.23945465879648334,1,4,1,1,1,1,170.08743527319368,71.79230228497632,200.4343840058351,280.7659149198722,723.0800364838774,0.23522629126960573,0.09928679905765464,0.27719529497797746,0.3882916146947621,0.1034370414452217
12.839999999999815,-0.10788220670252632,-0.06949960890186024,0.3859030938331583,6.928584401031708,-16.725792689342818,0.12833069064147573,0.07887171495372414,45.54012680053711,0.23949430081363518,1,4,1,1,1,1,170.15501522893666,71.6288485284923,200.73442663281884,280.79496202473644,723.3132524149842,0.23524387899824373,0.09902880707541206,0.27752073664157356,0.38820657728477076,0.10352353977496831
12.859999999999815,-0.10779864717627487,-0.0695103672202921,0.38583118678175377,6.913949902383867,-16.728157651077186,0.12826628350480437,0.07586328125116644,45.54507827758789,0.23954867717489617,1,4,1,1,1,1,170.2817109195745,71.48972529192392,200.7436621365683,280.8963084962095,723.4114068442761,0.23538709689745033,0.09882305506320696,0.27749584847198994,0.3882939995673529,0.10362101333348885
12.879999999999814,-0.10771632894169905,-0.06952560681657763,0.3857574974790395,6.89965469108575,-16.73081446483124,0.12820537244550112,0.08070715740053183,45.56031799316406,0.23972245159122585,1,4,1,1,1,1,170.36438277450907,71.33841284343517,200.37455277766713,281.0434345129438,723.1207829085552,0.23559602600448715,0.09865352307604264,0.27709693527506624,0.388653515644404,0.10376930163349309
12.899999999999814,-0.10763367139719461,-0.06953710929210273,0.3856882477486357,6.885200756658219,-16.733159571549013,0.12814217411586676,0.07762635408798536,45.56708526611328,0.23978068125490806,1,4,1,1,1,1,170.42232765149777,71.17049467057348,200.76320069224687,281.0510643913071,723.4070874056251,0.23558288357761062,0.09838235747152298,0.2775245144642548,0.38851024448661164,0.10384898831484071
12.919999999999813,-0.10755163053934867,-0.06954968620400834,0.385619092114658,6.870953952102554,-16.735540102649363,0.12808010026053457,0.07502229216541817,45.57277297973633,0.23984227117422383,1,4,1,1,1,1,170.53176923591812,71.03216016145736,200.7278385152529,281.1523770580354,723.4441449706638,0.23572209467924202,0.09818610138082984,0.2774614182873683,0.38863038565255975,0.10395170959973608
12.939999999999813,-0.10747099772532952,-0.06956740075854745,0.38554734278850006,6.85753055823568,-16.738669997565214,0.1280220238879941,0.07056876589839177,45.5889892578125,0.24003582271316506,1,4,1,1,1,1,170.5882941913889,70.89730254941558,200.48655509693378,281.2976474945584,723.2697993322968,0.23585706792800065,0.09802331386553963,0.27719470007183705,0.3889249181346226,0.10408724735373953
12.959999999999813,-0.10739033815389379,-0.06958182701436201,0.38547838886381713,6.843480187037646,-16.740839203449347,0.12796216385894799,0.06948697146046837,45.59330368041992,0.2400857661165782,1,4,1,1,1,1,170.70569023917446,70.8053941729058,200.72688306109194,281.3200861553852,723.5580536285574,0.23592535441089454,0.09785724008989354,0.2774164174587934,0.3888009880404184,0.1041187894531943
12.979999999999812,-0.10731065692259936,-0.06959846681589342,0.3854083070937227,6.829502982257589,-16.742935626389666,0.12790435360957358,0.07569614239256071,45.59678268432617,0.2401370153173147,1,4,1,1,1,1,170.83914776248176,70.73594980481187,200.47317222193936,281.446738742858,723.495008532091,0.23613037512048585,0.09776978274988933,0.2770899174946378,0.38900992463498696,0.10419216419098579
12.999999999999812,-0.10723130505916156,-0.06961333694181858,0.38534109961655855,6.815787373265824,-16.745236965718135,0.12784588168911085,0.0737097326155876,45.603511810302734,0.24020953384129515,1,4,1,1,1,1,170.89777876363124,70.62254149924293,200.7003202627534,281.49506990397805,723.7157104296057,0.23613937945631222,0.09758326436954175,0.2773192807209,0.38895807545324595,0.10425769508156033
13.019999999999811,-0.10715261324936691,-0.0696274069893381,0.3852750897411322,6.8021279589431565,-16.7474546931002,0.12778755154641366,0.07279266651923315,45.61017608642578,0.24028551445310412,1,4,1,1,1,1,170.99271785627155,70.50876124340223,200.71394727724572,281.5882600574562,723.8036864343757,0.23624184438548693,0.09741420576447282,0.27730440040449233,0.38903954944554797,0.10434227096420418
13.03999999999981,-0.10707515177531947,-0.06964399244290666,0.3852087760892035,6.788785595418969,-16.74994105811016,0.12773164764887104,0.07046348189119674,45.615421295166016,0.24034897365475472,1,4,1,1,1,1,171.07809659120625,70.40769734999272,200.61533835956382,281.6836618939143,723.784794194677,0.23636597226604794,0.09727711595313661,0.2771753979479212,0.38918151383289434,0.10442720200010855
13.05999999999981,-0.10699846865726126,-0.06965969020176359,0.385143843718144,6.775448673657105,-16.752253789656404,0.12767593639368616,0.06943170684734437,45.62164306640625,0.24042400590859755,1,4,1,1,1,1,171.1674121848386,70.31483956331303,200.6595539833958,281.7632877451982,723.9050934767456,0.23645007298230472,0.09713267691709064,0.27719041596968913,0.38922683413091563,0.10449335989841851
13.07999999999981,-0.10692276608939391,-0.06967517153668516,0.3850797799436913,6.762228973033157,-16.75458640857559,0.12762095218604877,0.06863612148638631,45.62883377075195,0.24050645576046212,1,4,1,1,1,1,171.2440453677405,70.20552847416984,200.64709576668184,281.85239284647537,723.9490624550676,0.23654156659449901,0.09697578478254772,0.27715637214342703,0.3893262764795261,0.10457870210789709
13.09999999999981,-0.10684816620359751,-0.06969077572490227,0.3850162821696513,6.749135942531131,-16.75694555773297,0.12756698178686451,0.06788195838115371,45.63637924194336,0.24059302256585405,1,4,1,1,1,1,171.3145537900202,70.09602144813249,200.6214730946042,281.94043865759255,723.9724869903494,0.23663130418422082,0.09682138853028938,0.27711201281779996,0.38943529446769,0.10466574370576956
13.11999999999981,-0.10677474192172014,-0.06970668938596328,0.3849531824865991,6.736173955802971,-16.759316978509677,0.12751418767180814,0.0671209279198843,45.6431999206543,0.24067448222237606,1,4,1,1,1,1,171.39185568837638,69.99588057203903,200.5942814919598,282.0267228981655,724.0087406505406,0.23672622451267142,0.09667822588598297,0.2770605798373658,0.38953496976397983,0.10474497875951726
13.139999999999809,-0.10670252306016961,-0.06972302128275008,0.38489040334093605,6.723349582370256,-16.761695076170458,0.12746265384104025,0.06634083700655356,45.65011978149414,0.24075802860560414,1,4,1,1,1,1,171.46661728680164,69.89863522637675,200.5677852223202,282.11269805391487,724.0457357894135,0.23681738433257232,0.09653897781770317,0.27700982867283225,0.3896338091768922,0.10482270531146272
13.159999999999808,-0.10663151884553435,-0.0697398184264313,0.384827935838349,6.710665685759303,-16.76407534370009,0.12741241338840242,0.06555242098797259,45.65674591064453,0.24083986949231825,1,4,1,1,1,1,171.5440464699581,69.80909188772833,200.54285006919625,282.19744466799807,724.0934330948808,0.2369087173415644,0.0964089559400561,0.2769571451739963,0.3897251815443832,0.10489447617797783
13.179999999999808,-0.10656172159452316,-0.06975707877350339,0.38476584715723405,6.698121990176931,-16.766460894239493,0.12736345844943683,0.06475356047312848,45.66332244873047,0.24092186585582928,1,4,1,1,1,1,171.62127496807682,69.72313176717317,200.5196249629227,282.2807852824569,724.1448169806297,0.23699855463118996,0.09628340924663169,0.2769054203812474,0.3898126157409309,0.10496344247013993
13.199999999999807,-0.10649281555438674,-0.06977263321242366,0.38470515671564537,6.685565421196761,-16.768670659193535,0.12731433583888357,0.0654433885375524,45.67056655883789,0.24101313349147238,1,4,1,1,1,1,171.70464993664916,69.63707095374616,200.55352116927224,282.3662870011124,724.26152906078,0.23707548039906964,0.0961490679258517,0.2769075991504745,0.38986785252460404,0.10502879077767918
13.219999999999807,-0.10642523108618206,-0.06978955987852208,0.38464450079774365,6.6732477813260624,-16.77109349824574,0.127267091110723,0.06489162667918759,45.67740249633789,0.24109673533787448,1,4,1,1,1,1,171.7720145288854,69.5423982290936,200.47040940418697,282.4530776566927,724.2378998188586,0.23717622976075653,0.09602148444107533,0.2768018760884058,0.39000040970976235,0.10510980879256523
13.239999999999807,-0.10635829643826841,-0.06980421073723439,0.38458647613130603,6.661088413983715,-16.773554652342867,0.12721916152018456,0.05791615524943087,45.68426513671875,0.24118160998565985,1,4,1,1,1,1,171.84273711463368,69.44447254460232,200.69690191382173,282.4804058553675,724.4645174284252,0.23719965985996158,0.09585627849808837,0.2770279248819801,0.38991613675997,0.1051560383851305
13.259999999999806,-0.10629279710082547,-0.069820870349613,0.3845275330145362,6.648986541863769,-16.775955361200527,0.1271735532722693,0.0573553507249127,45.69099044799805,0.24127335124042146,1,4,1,1,1,1,171.93563976567336,69.38515880405126,200.45232292468046,282.60591967576784,724.379041170173,0.23735590070072415,0.09578570728932938,0.2767229744815183,0.3901354175284281,0.10523066798033393
13.279999999999806,-0.10622805594389753,-0.06983602093267371,0.3844708275493896,6.636642924443735,-16.778016154330032,0.12712776915107363,0.05845708894551836,45.69025802612305,0.24127038572092352,1,4,1,1,1,1,172.0171221289708,69.31533025265821,200.52875155842386,282.64929254503056,724.5104964850834,0.2374253002040701,0.09567194759625586,0.27677825584484467,0.3901244963548294,0.10527015281939738
13.299999999999805,-0.10616426274876777,-0.06985093224247227,0.3844156121267684,6.62482040449508,-16.780603802735296,0.12708266372771643,0.054491570590305544,45.69705581665039,0.24135773689592252,1,4,1,1,1,1,172.073856722819,69.22627108023889,200.57739804958692,282.75252628987084,724.6300521425156,0.23746442231321727,0.09553325986902887,0.27679972346791193,0.39020259434984195,0.10534717266615798
13.319999999999805,-0.10610166700147029,-0.06986731833800779,0.38435955284732054,6.61284752005011,-16.78287474663664,0.12703938724755962,0.06114298811859168,45.705589294433594,0.24147087661199992,1,4,1,1,1,1,172.15615465125455,69.10901726163667,200.24549739019932,282.89455597751913,724.4052252806097,0.23765172950618513,0.09540104743842262,0.2764274613185336,0.3905197617368587,0.10547218835746631
13.339999999999804,-0.10603957897028285,-0.06988261565927743,0.3843065067793413,6.601348221405889,-16.785755496311044,0.126995953792147,0.05361431673734327,45.710975646972656,0.24153226482649118,1,4,1,1,1,1,172.1921892854001,69.03164430266094,200.5271331238324,282.8765710662011,724.6275377780946,0.23762854750647244,0.09526500264443545,0.2767313173588506,0.3903751324902414,0.1054937360614584
13.359999999999804,-0.10597847095379276,-0.0698976326840449,0.38425407000136347,6.5894888425128135,-16.78803430780902,0.12695320145840183,0.05498677767091555,45.71197509765625,0.24154744600927314,1,4,1,1,1,1,172.2760472523544,68.95025689398145,200.44213321373897,282.96593808063443,724.6343754407092,0.23774202976167025,0.09515178858586053,0.2766114057062692,0.3904947759462002,0.10556416934068877
13.379999999999804,-0.10591832804847855,-0.06991307837213064,0.38420220997535603,6.578168408665295,-16.790841076357907,0.12691150753203115,0.051083084610523626,45.72213363647461,0.24166383490040802,1,4,1,1,1,1,172.28751862700437,68.85356224723341,200.46904554459138,283.06443262925654,724.6745590480857,0.2377446765253039,0.09501308054428974,0.27663320457657914,0.3906090383538272,0.10565435084350079
13.399999999999803,-0.10585947418938825,-0.06993024323295652,0.3841485012421145,6.566694378294485,-16.79324521239837,0.1268718534359541,0.057842509258906306,45.73229217529297,0.24179083377497315,1,4,1,1,1,1,172.3426134858929,68.73933622862822,200.14117931144438,283.2103302786291,724.4334593045946,0.23789985301249025,0.094887025641545,0.2762726883205614,0.39094043302540327,0.10578386949864285
13.419999999999803,-0.10580046084801482,-0.06994229610326454,0.38409916295978735,6.555163190453558,-16.795498994999242,0.12682926436690017,0.05399446930335728,45.73335647583008,0.24180005311036204,1,4,1,1,1,1,172.40734038941557,68.67036692887723,200.59721448953817,283.1554548394195,724.8303766472504,0.23785887835840547,0.09473991314563338,0.2767505625487352,0.39065064594722604,0.10577251321443014
13.439999999999802,-0.10574281862388314,-0.06995862060621759,0.38404728815744804,6.544281090902073,-16.79844471772128,0.12679019002922956,0.04898757648962601,45.74203109741211,0.24190428662727034,1,4,1,1,1,1,172.44873603972536,68.58918136667637,200.3277990167564,283.3111994428292,724.6769158659873,0.23796637130858447,0.09464794567757474,0.2764373952458043,0.39094828776803653,0.10588251117843393
13.459999999999802,-0.10568581257785119,-0.06997335638033535,0.38399591676690903,6.533120940590456,-16.80076796729812,0.12675078533630516,0.04945401901210346,45.752952575683594,0.24204221092907294,1,4,1,1,1,1,172.51569055308977,68.51416116269837,200.29783494404063,283.3675846405936,724.6952713004223,0.23805273386636108,0.09454202873402749,0.27638904637064643,0.39101619102896507,0.10593850326825184
13.479999999999801,-0.10562971607606875,-0.0699885387330337,0.383944545392705,6.5218982367623894,-16.802983733860508,0.12671240062557515,0.05096102547019802,45.753997802734375,0.24205630596029762,1,4,1,1,1,1,172.5749469809031,68.45479921963374,200.26361955879827,283.42483932957583,724.718205088911,0.23812696544546028,0.09445712656167575,0.2763330880231292,0.3910828199697347,0.1059862585933081
13.499999999999801,-0.10557460507992308,-0.07000447271674973,0.38389280591284297,6.51096033506261,-16.80532325421081,0.12667526766552292,0.05233096505364078,45.76201248168945,0.2421600934905265,1,4,1,1,1,1,172.64517887621082,68.3882530012605,200.19203231811395,283.5285062232924,724.7539704188777,0.23821211876414983,0.09436064622279328,0.27622067693180247,0.39120655808125443,0.10605349891933512
13.5199999999998,-0.10551994849223396,-0.07001838937206024,0.38384272812707904,6.500239017184149,-16.80778175009697,0.12663741303446288,0.04758787952137233,45.77203369140625,0.242278538344228,1,4,1,1,1,1,172.68328537552486,68.30300644852787,200.3568616797917,283.55514627738614,724.8982997812305,0.2382172581003977,0.09422426079512293,0.27639306333075697,0.39116541777372243,0.10610040397980285
13.5399999999998,-0.10546625753710903,-0.07003327191569335,0.38379204615325835,6.489293599528599,-16.80985425054741,0.12660091095288867,0.049278438708939304,45.773494720458984,0.24230351300947695,1,4,1,1,1,1,172.77300766719813,68.24898532062494,200.20095018767398,283.6469482096531,724.8698913851501,0.23835037117771174,0.09415342826587583,0.27618880652514205,0.39130739403127035,0.10615731365301288
13.5599999999998,-0.10541330245218095,-0.0700479225570889,0.38374160864384366,6.478570279314386,-16.812017953233447,0.12656490741291168,0.05194486372195566,45.78253936767578,0.24242170802390547,1,4,1,1,1,1,172.83566529046118,68.17280750724964,200.13647591679506,283.7696495031047,724.9145982176105,0.23842210615625928,0.0940425364241113,0.2760828329418144,0.3914525244778151,0.10623783333433887
13.5799999999998,-0.10536040627704393,-0.07005941388099558,0.3836939794854284,6.467784072284937,-16.81401521656713,0.12652721716773982,0.04937915222618605,45.787776947021484,0.2424795987489821,1,4,1,1,1,1,172.87466849303314,68.08424470831338,200.37842198584104,283.76002085861853,725.0973560458061,0.2384158031354237,0.09389669420338134,0.27634692129974153,0.3913405813614534,0.10627059317986126
13.599999999999799,-0.10530897333523773,-0.07007585358155195,0.3836432547828519,6.45743949452722,-16.816475074552173,0.12649349833135662,0.04985282892899781,45.79642868041992,0.2425869704450453,1,4,1,1,1,1,172.9388102377054,68.01161467323004,199.99520083942264,283.9143877768754,724.8600135272335,0.2385823566072706,0.09382724030020563,0.27590872321157317,0.3916816798809506,0.10637816247383122
13.619999999999798,-0.1052575899254543,-0.07008822417690559,0.3835957104752288,6.446893577325295,-16.81849938112049,0.12645757946911396,0.04685952260294996,45.800689697265625,0.24263900029738303,1,4,1,1,1,1,172.9928751292892,67.94894914387646,200.30491414896383,283.89474701488695,725.1414854370164,0.23856430586788546,0.09370440184225028,0.27622873352535793,0.39150255876450635,0.10638375075994791
13.639999999999798,-0.10520727449186607,-0.07010303236001296,0.38354681647102595,6.436777239198841,-16.82093575259999,0.12642391289655558,0.043742530095497945,45.80954360961914,0.24274878252616894,1,4,1,1,1,1,173.04826922178134,67.87929302734368,200.1259017207281,284.03311051868934,725.0865744885425,0.23865876891162294,0.09361543216439222,0.2760027681686036,0.39172303075538123,0.10647337458098463
13.659999999999798,-0.10515762573531688,-0.07011787072436329,0.3834979358889314,6.426602659372624,-16.823098547938656,0.12639083054243888,0.044228878618161244,45.819244384765625,0.2428751155495583,1,4,1,1,1,1,173.12130899698144,67.81995048950017,200.01495087149507,284.10628481384055,725.0624951718173,0.23876743060052646,0.09353669641046451,0.2758589117536658,0.3918369612353431,0.10652856761806341
13.679999999999797,-0.1051082862074635,-0.07013118849796587,0.383450543736514,6.416177009419411,-16.824903118523213,0.12635717403300567,0.04853750728082765,45.82205581665039,0.24291685757086942,1,4,1,1,1,1,173.1949770058157,67.7513068991402,200.04538095018998,284.1854323790899,725.1770972342358,0.2388312836496998,0.09342725681428435,0.2758572791572516,0.3918841803787642,0.1065826951957766
13.699999999999797,-0.10505937557966108,-0.07014382254967917,0.3834047200680797,6.406055447997017,-16.827050882171722,0.12632350628077565,0.044970406191655654,45.82592010498047,0.24296223926128405,1,4,1,1,1,1,173.23324279873685,67.68607038207995,200.17089396603214,284.177035580782,725.2672427276309,0.23885435959747792,0.09332569623235967,0.27599604969502933,0.3918238944751331,0.10660777927161003
13.719999999999796,-0.10501168472625015,-0.07015912298137279,0.3833571158524786,6.396135208533307,-16.82926732176249,0.12629234524135163,0.04667408718275342,45.836708068847656,0.24309406903294406,1,4,1,1,1,1,173.2763609826144,67.60933653046455,199.90612547770482,284.3257520862947,725.1175750770785,0.23896312396537275,0.09323913645766731,0.2756878778678826,0.39210986170907725,0.10671323820814115
13.739999999999796,-0.10496393150426166,-0.0701701619058706,0.3833126458588623,6.386051242883097,-16.831125081780982,0.12625877608597125,0.04537358846990576,45.84115219116211,0.2431500223752363,1,4,1,1,1,1,173.33298789981336,67.53914853471568,200.17824174496656,284.3317317639767,725.3821099434723,0.23895404301233852,0.09310837365423705,0.27596247412355684,0.3919751092098675,0.10673328590575895
13.759999999999796,-0.1049169060424922,-0.07018252105840977,0.383267823280329,6.37621526833388,-16.833255030902045,0.12622655598424312,0.04295697632221305,45.84467315673828,0.2431975468042846,1,4,1,1,1,1,173.39890258664684,67.47902765093261,200.0650499526153,284.4219516987382,725.3649318889329,0.23905057297861967,0.09302769500478819,0.27581296138982503,0.3921087706267672,0.10679584045313992
13.779999999999795,-0.10487065191197735,-0.07019610455785749,0.3832226441419574,6.366654854388406,-16.835628403200133,0.12619566841829707,0.04045687251700193,45.85435485839844,0.24331513957423911,1,4,1,1,1,1,173.44354315590402,67.40930160541322,199.96010536770086,284.51896535914926,725.3319154881674,0.23912299935012782,0.09293579968840196,0.2756808312138347,0.3922603697476355,0.1068702368005547
13.799999999999795,-0.10482519388262583,-0.07021078775231919,0.38317690740869054,6.357128987727769,-16.83786856192417,0.12616606512581469,0.04092266363310725,45.86513900756836,0.24344877304397491,1,4,1,1,1,1,173.4901831212004,67.33707230791468,199.81422106135554,284.59815164334077,725.2396281338114,0.23921773768433727,0.09284803214792141,0.275514758584715,0.3924194715830263,0.1069431004927962
13.819999999999794,-0.10478009749092886,-0.0702244650263451,0.38313228664746024,6.347371558251207,-16.839731862781743,0.12613621335066677,0.04511549400114227,45.867889404296875,0.24348901329545045,1,4,1,1,1,1,173.55867425049752,67.28196228014336,199.84430554105725,284.6732898382213,725.3582319099195,0.23927304691022153,0.0927568742178402,0.2755111843355704,0.3924588945363678,0.10698811299282487
13.839999999999794,-0.10473518461489573,-0.07023636854504561,0.3830895849023751,6.337800315357706,-16.841718107886873,0.12610553660609736,0.043040022681015616,45.87324142456055,0.24355294233935157,1,4,1,1,1,1,173.5913821395294,67.21893977013059,200.0177795965598,284.6653089150781,725.493410421298,0.23927354769318157,0.09265272269130079,0.27569896118065135,0.3923747684348662,0.10700961843240721
13.859999999999793,-0.10469110462213556,-0.07024942052147136,0.3830461067613781,6.32859014916543,-16.84404223891957,0.12607620104764203,0.03948248323841206,45.8841552734375,0.2436828766538481,1,4,1,1,1,1,173.6230464116001,67.1476093743758,199.9031442297366,284.7500560571441,725.4238560728566,0.2393401388141867,0.09256327705830501,0.27556737010542937,0.3925292140220789,0.10708433783119314
13.879999999999793,-0.10464761767627355,-0.07026241030148775,0.3830025271183615,6.319072560011116,-16.845842221966443,0.12604733312011854,0.04375654885877817,45.88798904418945,0.24373822698587175,1,4,1,1,1,1,173.69995354719183,67.08954061171185,199.7829159765582,284.87478808288245,725.4471982183443,0.2394384511702419,0.09248025325134597,0.27539277354328934,0.3926885220351229,0.10715505610823037
13.899999999999793,-0.10460433076432339,-0.07027405174638608,0.38296072608027165,6.3097429628095005,-16.847807439281105,0.12601788906145714,0.04174593207192733,45.891510009765625,0.24378580096441405,1,4,1,1,1,1,173.750033576999,67.04205207822561,199.93251737674368,284.8642739197231,725.5888769516914,0.239460718178246,0.09239674725979732,0.275545179546702,0.3925973550152546,0.1071639206904898
13.919999999999792,-0.10456182395660496,-0.07028706166205503,0.3829183020384753,6.300783316620457,-16.850128532003136,0.12598986493451594,0.038173592854536774,45.90195083618164,0.24391088157828497,1,4,1,1,1,1,173.78642452800676,66.97419289927853,199.8184894126822,284.9462608165621,725.5253676565296,0.23953183758321578,0.09231130417342585,0.2754121334972785,0.3927447247460798,0.10723471940979235
13.939999999999792,-0.10451951179996392,-0.07029766815918936,0.38287758249613213,6.291524238884529,-16.85193461300818,0.12596067043137832,0.03776469440576975,45.9072380065918,0.24397910349376106,1,4,1,1,1,1,173.84739472892966,66.91709183112457,199.90747188218302,284.99920304209854,725.6711614843358,0.23956773254338878,0.09221407075657784,0.2754794216615678,0.3927387750384655,0.1072716067969364
13.959999999999791,-0.10447793069984293,-0.07030983221679997,0.38283644370774345,6.282479175975055,-16.854000821442476,0.12593296037843207,0.036635477592930246,45.910213470458984,0.24402064441351715,1,4,1,1,1,1,173.89815373672872,66.87082540220732,199.79892511246237,285.07608394489046,725.6439881962889,0.23964665395903306,0.09215376477992478,0.2753401507660753,0.3928594304949668,0.10732376934955859
13.97999999999979,-0.10443696792132687,-0.07032201199246566,0.3827954313712922,6.273389390805898,-16.855834894402076,0.12590578080163256,0.03889054700827747,45.915889739990234,0.24409598692436238,1,4,1,1,1,1,173.95168968844249,66.80549812433398,199.69745238447504,285.15366850567153,725.6083087029231,0.23973221861171023,0.09206826509987683,0.275213844700109,0.3929856715883039,0.10738773261797645
13.99999999999979,-0.10439639366477753,-0.07033359281606405,0.38275557154081563,6.264480473284893,-16.857830388852253,0.12587859742079707,0.03770063692945802,45.921756744384766,0.2441658806788148,1,4,1,1,1,1,173.97927471676698,66.74887494415616,199.78251647593999,285.19719693395314,725.7078630708163,0.2397373427656931,0.09197761019387307,0.27529330553284187,0.3929917415075919,0.10742763524542936
14.01999999999979,-0.10435640341050648,-0.07034515713679985,0.3827158294241971,6.255779477596405,-16.859958742697437,0.12585189734516294,0.03578972255197734,45.93037414550781,0.24427387262296438,1,4,1,1,1,1,174.02998674533902,66.68794717302451,199.7343510800502,285.26120343394257,725.7134884323564,0.23980536330014807,0.09189294154788262,0.27522480188635406,0.3930768932656151,0.10748146417704922
14.03999999999979,-0.10431690243895281,-0.07035662379540664,0.3826765985225157,6.247033370523956,-16.861981430511854,0.12582555641182905,0.03494612397599981,45.9341926574707,0.24432287393549904,1,4,1,1,1,1,174.08341603414198,66.63385186316748,199.71582290339063,285.32520922849085,725.7583000291909,0.23986417520425207,0.09181273140174544,0.2751822788597221,0.3931408145342805,0.10752835305742914
14.059999999999789,-0.10427803608121225,-0.07036859607362916,0.3826370969698466,6.238273811114995,-16.863838907415,0.1258000322826993,0.03718359684755062,45.940433502197266,0.24440164493386793,1,4,1,1,1,1,174.12379274191585,66.56304729957257,199.59377707548333,285.40704338302885,725.6876605000007,0.2399431631811737,0.09172409966804515,0.27504088596182374,0.3932918511889573,0.10760111660619832
14.079999999999789,-0.10423955082882379,-0.07038012182626731,0.3825984448468344,6.229686478545003,-16.865822177970543,0.125774582111312,0.03604605673453481,45.94709396362305,0.24447870096819382,1,4,1,1,1,1,174.14017355365993,66.51209991600219,199.67976169509424,285.4439802445397,725.7760154092961,0.23993652291672227,0.09164273619388369,0.27512587555333623,0.3932948653360578,0.10763715044672802
14.099999999999788,-0.104201619604015,-0.07039163785824913,0.3825595878521203,6.221295666094542,-16.867895824290024,0.12574959327356386,0.03426195040404545,45.95698165893555,0.24459793229166812,1,4,1,1,1,1,174.18130885560768,66.45233513151054,199.63575723502612,285.5062738994195,725.7756751215638,0.239993313121762,0.09156043307786542,0.27506537361091377,0.3933808801894588,0.10769120194671347
14.119999999999788,-0.1041642886454045,-0.07040350360379616,0.38252026671790973,6.212721028459917,-16.869633159784286,0.125725305124676,0.03758051151118787,45.96131896972656,0.24465657092749826,1,4,1,1,1,1,174.244980813016,66.3945978485972,199.51052889927746,285.602793187269,725.7529007481596,0.24008857647470846,0.09148375126045345,0.274901455707042,0.3935262165577962,0.10775608424409347
14.139999999999787,-0.10412708041778826,-0.07041378083950828,0.382482399751586,6.204279129893158,-16.871432786405663,0.12570023631022675,0.03683421648372247,45.966915130615234,0.24472597561495513,1,4,1,1,1,1,174.28209225404876,66.34656517886985,199.638807662562,285.61994579365006,725.8874108891307,0.24009521261785313,0.09140062795358683,0.27502723517139777,0.3934769242571622,0.1077773815802996
14.159999999999787,-0.10409037022087553,-0.07042437953750846,0.38244439585990503,6.195958862462879,-16.87330475906825,0.1256757669798039,0.03523528896160167,45.973350524902344,0.24480090165226973,1,4,1,1,1,1,174.31373610735125,66.28874648520231,199.59592788083103,285.6693194884833,725.8677299618679,0.24014531699392186,0.09132345157248507,0.2749756183420861,0.39355561309150694,0.10782782266148631
14.179999999999787,-0.10405413644855765,-0.07043520794769922,0.3824062785262803,6.187693132060674,-16.875087454337645,0.12565182780481424,0.034446613973048615,45.97994613647461,0.2448823000188319,1,4,1,1,1,1,174.35618129861953,66.23506315341632,199.5662167448063,285.7449448051789,725.902406002021,0.24019231766829835,0.09124513516660242,0.2749215529453014,0.3936409942197978,0.1078808564605502
14.199999999999786,-0.10401819944031962,-0.07044504394086945,0.38236867543072406,6.179433909074039,-16.87673961023573,0.1256275846724641,0.03416648439877536,45.98552322387695,0.24495539243558906,1,4,1,1,1,1,174.40901566705958,66.19036645063049,199.57253718918017,285.8036315312251,725.9755508380954,0.24024089442917848,0.09117437408769162,0.2749025596781952,0.3936821718049346,0.10791839922029951
14.219999999999786,-0.10398282189121648,-0.07045586877443884,0.3823306144969048,6.171440569520651,-16.878665284819743,0.12560436574108957,0.03250464927464191,45.99431610107422,0.24506457825767725,1,4,1,1,1,1,174.45904160708199,66.13942739635608,199.47682166851354,285.87236342641313,725.9476540983648,0.24031903763607046,0.09110770869354486,0.27478127457587287,0.3937919790945118,0.1079707438272384
14.239999999999785,-0.10394786203782426,-0.07046698469186959,0.38229291221319683,6.163411186149387,-16.880481780399542,0.12558166249018496,0.03178531143222027,45.998538970947266,0.24511941741983512,1,4,1,1,1,1,174.5112696338411,66.09742874224676,199.45912512589786,285.92654061741666,725.9943641194023,0.24037551564951226,0.09104399704592733,0.2747392197291126,0.39384126757544785,0.10800692202894317
14.259999999999785,-0.10391312967863536,-0.07047702401247663,0.3822562590917078,6.155372001528281,-16.88212992056015,0.12555854982144424,0.03148520280992883,46.00428009033203,0.24519514359842717,1,4,1,1,1,1,174.55925738165604,66.05402471382115,199.49348601278206,285.97300765851406,726.0797757667733,0.24041333088683473,0.09097350858459746,0.2747542249088371,0.3938589356197307,0.10803875948595662
14.279999999999784,-0.10387874818744501,-0.07048665634259174,0.3822201784691802,6.147398612605902,-16.883798026883984,0.12553550512643522,0.03119872532819848,46.01034927368164,0.24527208774680254,1,4,1,1,1,1,174.59548750591767,65.99892363674661,199.4711607770893,286.03340770664386,726.0989796263974,0.24045686938680588,0.09089521606366298,0.27471621138997326,0.3939317031595579,0.10808865561798553
14.299999999999784,-0.10384500680486981,-0.07049787114368783,0.38218337898040894,6.139498949719605,-16.885501401725588,0.12551388478608838,0.03331937033195163,46.01533508300781,0.2453378797808816,1,4,1,1,1,1,174.6464660172073,65.93833441520498,199.29588870690057,286.12789392256065,726.0085830618734,0.24055702658590086,0.0908230783403637,0.2745089980429553,0.3941108970307802,0.10816087990121834
14.319999999999784,-0.10381145879062403,-0.07050774598869741,0.38214821655187886,6.131675643890564,-16.887225187956584,0.12549167789397075,0.03267180793684266,46.020076751708984,0.24539843147091822,1,4,1,1,1,1,174.68712576108993,65.90059567019749,199.42231726701658,286.13376683075523,726.1438055290593,0.2405682241327048,0.090754193822783,0.2746319885242566,0.39404559352025564,0.10817122197274152
14.339999999999783,-0.10377849558463782,-0.0705188040216752,0.38211267722975223,6.1241641567793375,-16.889238665479464,0.12547062551234103,0.030764003632978487,46.02984619140625,0.24551632238366874,1,4,1,1,1,1,174.71823403648074,65.84060410052587,199.3322451477814,286.21302299150545,726.1041062762935,0.2406242197589196,0.09067653457873785,0.2745229553514362,0.39417629031090634,0.10823591122630283
14.359999999999783,-0.10374558031978384,-0.07052743418403105,0.3820790293952293,6.116266846158404,-16.890670509266446,0.1254482539076234,0.031888387903672405,46.031410217285156,0.24553812442028358,1,4,1,1,1,1,174.7661540375343,65.79136637402422,199.4495294041342,286.2317191312356,726.2387689469283,0.2406455858738461,0.09059192263919484,0.27463354743969814,0.39412894404726095,0.10825710642165064
14.379999999999782,-0.10371324033495183,-0.07053758567737191,0.3820447020957473,6.108707471276446,-16.892466326259107,0.12542721879228633,0.031220830525331585,46.03785705566406,0.24561678724413769,1,4,1,1,1,1,174.78883649145206,65.73645488424742,199.33876847766203,286.313655904659,726.1777157580204,0.24069705348779366,0.09052392197911008,0.2745041112554415,0.39427491327765485,0.10832228111569178
14.399999999999782,-0.10368126643316207,-0.07054731520493587,0.38201068155967405,6.101179266155452,-16.894176671110813,0.12540625459604843,0.030910640867304693,46.04487228393555,0.24570017189907592,1,4,1,1,1,1,174.81383611138858,65.68150367227624,199.3346994642717,286.36534481520835,726.1953840631448,0.24072562281143334,0.0904460495256536,0.2744918293875288,0.3943364982753843,0.10837014305766351
14.419999999999781,-0.10364965782601869,-0.0705568367912352,0.3819767743485466,6.093703861045808,-16.895856005622658,0.12538548076007747,0.030623576955583324,46.050594329833984,0.24577091458995556,1,4,1,1,1,1,174.85710996012548,65.63220973805049,199.31230598417702,286.41990708012685,726.2215327624799,0.240776542792645,0.09037491561065616,0.2744511102913891,0.39439743130530963,0.10841323107814647
14.439999999999781,-0.10361840282811705,-0.07056625089461528,0.3819430201633026,6.086287534621094,-16.89751695123048,0.12536494394355915,0.030327768436882483,46.055931091308594,0.24583917479005105,1,4,1,1,1,1,174.89969733681403,65.58937678670634,199.28818053677782,286.47452252214276,726.251777182441,0.2408251557267827,0.09031217388708668,0.27440646177822,0.39445620860791064,0.10845235262317934
14.45999999999978,-0.10358750362954436,-0.07057559903886017,0.381909401204113,6.078932280317166,-16.89915935747984,0.1253446691642482,0.030059858116645646,46.06232833862305,0.24591688188652935,1,4,1,1,1,1,174.93281647312222,65.5400512802381,199.26466596788075,286.5284359590784,726.2659696803196,0.24086605152396495,0.090242492442661,0.27436872204764196,0.394522733985732,0.10849717218508736
14.47999999999978,-0.10355696873911187,-0.07058488298400738,0.3818758389899972,6.071636172128495,-16.90077334759036,0.12532466429358352,0.02981142057203883,46.06892776489258,0.2459965795603957,1,4,1,1,1,1,174.96258143115116,65.49206632427246,199.242377197936,286.58205947591506,726.2790844292747,0.24090268490746972,0.09017479331066995,0.2743330786601198,0.3945894431217405,0.10854153999104957
14.49999999999978,-0.10352689073532526,-0.07059458079524412,0.3818418759772042,6.064564306497713,-16.90255888091708,0.1253052750006169,0.028536024729655426,46.07872772216797,0.24611554443219993,1,4,1,1,1,1,174.99859340246869,65.44243518150789,199.17601817604327,286.64793972417897,726.2649864841987,0.24095694637521411,0.09010820623242549,0.27424703363470865,0.39468781375765183,0.10859286880721607
14.51999999999978,-0.1034968926010724,-0.07060253980679397,0.3818092371940297,6.057159631311153,-16.903845766838298,0.1252849767739446,0.029689337297660767,46.080055236816406,0.24613717364891474,1,4,1,1,1,1,175.05366935869387,65.40977095826739,199.2605455071994,286.6682138163749,726.3921996405355,0.24099056879371972,0.09004745782049456,0.27431537068515605,0.3946466027006296,0.10860462987913717
14.539999999999779,-0.10346721057601686,-0.07061080352323437,0.3817768800450925,6.050082532239598,-16.90546982071548,0.1252651158087463,0.02735886534704598,46.08588790893555,0.24621187088421445,1,4,1,1,1,1,175.08742955189462,65.37865498796499,199.274230971408,286.71403734986325,726.4543528611308,0.2410164229346484,0.08999692097717087,0.2743107398098299,0.3946759162783509,0.10863220375970063
14.559999999999778,-0.10343814073012672,-0.07062053907368683,0.38174332939423755,6.0429932017158245,-16.90695933455187,0.1252465947511693,0.02951002578573248,46.092567443847656,0.2462968114875426,1,4,1,1,1,1,175.12821250164933,65.31208129362241,199.04354648322197,286.8330258461432,726.3168661246369,0.24111819602382342,0.08992229747066727,0.27404505631990356,0.3949144501856057,0.10872226070930059
14.579999999999778,-0.10340908714848333,-0.07062828031958987,0.3817118925976072,6.036000375575211,-16.908537466249854,0.1252269670869066,0.026944609920690487,46.09705352783203,0.2463540874830945,1,4,1,1,1,1,175.17022376347325,65.29335085037182,199.25712168337918,286.7940007826025,726.5146970798268,0.24111036496241203,0.08987203027387294,0.2742644057777203,0.39475319898599465,0.1086994046719413
14.599999999999778,-0.1033805336000411,-0.0706371439472828,0.3816799736558274,6.0290794994624655,-16.910107053087202,0.12520838962489045,0.026685811826697412,46.10186004638672,0.24641965938956603,1,4,1,1,1,1,175.22260273837446,65.24434296432645,199.11293650353315,286.89345984866725,726.4733420549013,0.24119619068573128,0.08980968631247556,0.2740815457045163,0.39491257729727686,0.10876352738878903
14.619999999999777,-0.10335234125588173,-0.07064646482468646,0.3816484236428836,6.02224462677794,-16.91173379214752,0.12519037277401923,0.026369981120750816,46.10752868652344,0.24649078105506728,1,4,1,1,1,1,175.2543985009283,65.20068753121748,199.08256092989123,286.94146878127054,726.4791157433076,0.24123804071313767,0.08974888075689066,0.27403755540336083,0.3949755231266108,0.1088036069310411
14.639999999999777,-0.10332439889248454,-0.07065471924295415,0.3816178652514224,6.015382821971515,-16.91321116842411,0.12517196474368347,0.026415809255152654,46.113853454589844,0.24657036752022563,1,4,1,1,1,1,175.28469603922963,65.15320250333832,199.1189420618175,286.97515435131777,726.5319949557032,0.2412621842619839,0.08967699007847647,0.2740676851732563,0.3949931404862833,0.10883712738748957
14.659999999999776,-0.10329690034579714,-0.0706635523673241,0.3815873234623448,6.008641720294397,-16.91482630597234,0.12515425383988793,0.02612381401954561,46.118812561035156,0.24663247746587555,1,4,1,1,1,1,175.31952264177616,65.10723695871377,199.06381120822812,287.02948273200593,726.520053540724,0.2413140859462166,0.08961519594870244,0.2739963064172597,0.39507441168782126,0.10888197523208479
14.679999999999776,-0.10326971672089742,-0.07067220467010676,0.381557195239708,6.001978209153023,-16.91643799718743,0.12513670486531064,0.026030742114918393,46.124847412109375,0.24670860284154636,1,4,1,1,1,1,175.352598754957,65.05968349209819,199.04266177544037,287.09047915845724,726.5454231809529,0.2413511848815044,0.08954661527871806,0.2739576293853646,0.39514457045441287,0.10892773408277634
14.699999999999775,-0.10324275564303426,-0.07068010844671568,0.38152796232256675,5.995181802286963,-16.917834343746964,0.12511892072267397,0.0271012410404145,46.12687301635742,0.24673646046677344,1,4,1,1,1,1,175.38645497526386,65.01981737973423,199.0747500114621,287.1192824452934,726.6003048117536,0.24137955050913815,0.08948498500365955,0.27398109895238487,0.3951543655348173,0.10895442295918893
14.719999999999775,-0.10321607014547368,-0.07068741065982348,0.3814994376009269,5.988630063340065,-16.919466096514263,0.1251010278217804,0.024881131713960374,46.133079528808594,0.2468116073984654,1,4,1,1,1,1,175.4070202567876,64.98006822593615,199.1312152596047,287.1349338713342,726.6532376136627,0.24139026866903698,0.08942376481983541,0.27403884680064705,0.39514711971048055,0.10897752898416771
14.739999999999775,-0.10318993578713972,-0.07069618309208306,0.3814700043933966,5.982164057490899,-16.92111787649505,0.12508442409646114,0.024617961796739963,46.13898849487305,0.2468845878404111,1,4,1,1,1,1,175.43855507924098,64.92921699059167,198.97642180323888,287.2320379823057,726.5762318553773,0.24145925422201464,0.08936325487112222,0.2738548456163159,0.3953226452905472,0.10904681691556233
14.759999999999774,-0.10316406028392507,-0.07070429248690883,0.3814411908956139,5.975678604396103,-16.922629869152253,0.12506766292827126,0.024648575017028024,46.14451217651367,0.24695539479495618,1,4,1,1,1,1,175.4778456391325,64.89307536128845,198.99767774660418,287.26359923342653,726.6321979804517,0.24149472886949241,0.08930663345451456,0.27386300565772304,0.39533563201827,0.10907175007981637
14.779999999999774,-0.1031385450489635,-0.07071269893687465,0.38141233408468006,5.969313063878744,-16.924236192089854,0.1250513705073005,0.024583946823048885,46.15045928955078,0.24702901560188725,1,4,1,1,1,1,175.5057040933871,64.84721206452305,198.9465494552582,287.32839331362675,726.6278589267952,0.24153451032362439,0.08924404874910824,0.2737942772371755,0.3954271636900918,0.10912076789757327
14.799999999999773,-0.1031132400943243,-0.07072048212337981,0.38138413825568823,5.962813082754475,-16.925609758389417,0.1250349026252792,0.025680438737354313,46.15336608886719,0.24706478126314277,1,4,1,1,1,1,175.5322841871376,64.80835316684413,198.9779445929413,287.3539018458772,726.6724837928002,0.24155625553751944,0.08918509316409352,0.27382066753703704,0.39543798376135,0.10914710532541129
14.819999999999773,-0.10308830663534978,-0.07072845272868516,0.38135565336312127,5.956489743514936,-16.927077235475295,0.12501885053997958,0.02663927572922745,46.160945892333984,0.24715581702487688,1,4,1,1,1,1,175.5474458758618,64.76010211865342,198.9279544269711,287.4256032033923,726.6611056248787,0.24158090273030788,0.08912008860439032,0.2737561607290192,0.3955428479362825,0.10920199499949923
14.839999999999772,-0.10306342493378379,-0.07073471377507995,0.3813283846838946,5.950150169603606,-16.92844767390234,0.12500187715360186,0.024767765606610377,46.164554595947266,0.24719978876475465,1,4,1,1,1,1,175.5719047245495,64.73084343551581,199.0621457487255,287.39718147807355,726.7620753868644,0.2415809942078918,0.08906744810680825,0.27390277023297105,0.39544878745232886,0.10919805185252317
14.859999999999772,-0.1030390853331825,-0.07074293511667623,0.38129962783819166,5.9439842220547074,-16.929960687917504,0.12498646316790121,0.024714692711147478,46.170143127441406,0.24727026327752777,1,4,1,1,1,1,175.6131157233571,64.68626788852154,198.8680690954297,287.5125497363818,726.6800024436902,0.24166499027467764,0.08901616622308803,0.2736666323920752,0.395652211110159,0.10927024207749061
14.879999999999772,-0.10301483967513575,-0.07074947523135026,0.38127203211195543,5.937831511217495,-16.931393643991274,0.12497017819786194,0.022998699778828614,46.176204681396484,0.24734422801662473,1,4,1,1,1,1,175.64254726625444,64.6588038053635,198.98466768119033,287.5037880804108,726.789806833219,0.24166897446122304,0.08896492933368996,0.27378571604933444,0.39558038015575264,0.10927157377985393
14.899999999999771,-0.10299110378772373,-0.070757709813539,0.3812433115946068,5.931778539427864,-16.93287843389131,0.12495527582887676,0.02282856298838466,46.18216323852539,0.24741777425215408,1,4,1,1,1,1,175.6766340561433,64.61594008818552,198.82428434269315,287.60067697305357,726.7175354600756,0.24173991335564055,0.08891479417416011,0.2735922482134961,0.39575304425670316,0.10933574055768452
14.91999999999977,-0.10296752704050204,-0.07076515978719088,0.38121512735111796,5.925722020028667,-16.934213161097492,0.12494006348863111,0.023138315366948426,46.188995361328125,0.24750424191824336,1,4,1,1,1,1,175.71226677573674,64.57988929756071,198.83913828322025,287.64686245366204,726.7781568101798,0.24176877789907125,0.08885777412601534,0.2735898656557356,0.3957835823191777,0.10936624777823964
14.93999999999977,-0.10294410272059115,-0.07077191191737534,0.3811875283618578,5.919529766850728,-16.935334512683603,0.12492458445553603,0.025319606325199123,46.1921501159668,0.2475463114208506,1,4,1,1,1,1,175.74603655349188,64.54274497023471,198.85046702218705,287.6926354828388,726.8318840287525,0.2417973680231942,0.0888001013555997,0.2735852284299636,0.39581730219124245,0.10939794229410525
14.95999999999977,-0.10292076226011286,-0.07077771900888745,0.3811609105768036,5.9134839354492845,-16.936592823137254,0.12490864186397872,0.023648744663933585,46.19580841064453,0.2475933280126904,1,4,1,1,1,1,175.7721758258365,64.51462856972611,198.9410629809431,287.6688469489367,726.8967143254424,0.2418117627467232,0.08875350142364512,0.2736854618548657,0.39574927397476595,0.10939759195235978
14.97999999999977,-0.10289798623703339,-0.07078570016733396,0.38113292730434933,5.907626433841495,-16.93802345387461,0.12489439907304258,0.023601410792553568,46.20205307006836,0.24767017244705825,1,4,1,1,1,1,175.79927161654246,64.47022578627914,198.75148750862488,287.7809876865459,726.8019725979924,0.24188056478181888,0.08870397744770406,0.2734603028087239,0.3959551549617531,0.10947102948638898
14.999999999999769,-0.10287543908309806,-0.07079295441428603,0.3811054601925593,5.901738940693098,-16.939289147375696,0.12487993578330908,0.02480464563098543,46.2078742980957,0.24774366224678215,1,4,1,1,1,1,175.83983818209146,64.43432997310943,198.76271292707756,287.8312679780554,726.8681490603338,0.24191435325569044,0.08864651733111095,0.2734508496266208,0.39598827978657775,0.1095021052718939
15.019999999999769,-0.10285295400045864,-0.07079893484246379,0.3810793661390428,5.895862903212136,-16.940535389847234,0.12486480417414626,0.023005523618258524,46.21034622192383,0.24777731641990186,1,4,1,1,1,1,175.8738747210837,64.41189329831477,198.8862811432325,287.7932057640311,726.965254926662,0.24192885908808154,0.08860381271566106,0.27358430103141124,0.3958830271648462,0.10948966784069278
15.039999999999768,-0.10283078605389508,-0.07080485427489852,0.3810533064027617,5.89011095338184,-16.941873114776183,0.12484990167938281,0.021549731263190732,46.217010498046875,0.24785749551304026,1,4,1,1,1,1,175.90257834754684,64.36338937795277,198.84105374123078,287.85593172835195,726.9629531950823,0.24196910939468871,0.0885373719459411,0.2735229530848889,0.39597056557448135,0.10953927468949856
15.059999999999768,-0.10280918737416343,-0.0708128448779849,0.3810260946438747,5.884479323908969,-16.943315596568265,0.12483664529395765,0.021356123462357664,46.22352981567383,0.247935336971394,1,4,1,1,1,1,175.9202309456785,64.32086996870251,198.67667341347712,287.94914433242764,726.8669186602858,0.2420253645191658,0.08849057278222895,0.27333294212875325,0.3961511205698519,0.10960550410845228
15.079999999999767,-0.10278766741346224,-0.0708190526679416,0.38100008115589634,5.878651376852644,-16.944359233173174,0.12482244506932723,0.022835480478826286,46.22663116455078,0.247979617452922,1,4,1,1,1,1,175.96360356971223,64.29141795063502,198.75275797247997,287.97854787944067,726.9863273722679,0.2420452723034591,0.08843552557999254,0.2733927042216637,0.39612649789488474,0.10962040079880815
15.099999999999767,-0.10276636730373044,-0.07082480310490775,0.38097469175246895,5.873042498566713,-16.94566178071901,0.12480816873768395,0.021211809134031707,46.232540130615234,0.2480526988335021,1,4,1,1,1,1,175.98908949918274,64.26122736704654,198.79769669162476,287.97375389970335,727.0217674575574,0.24206852858701614,0.08838968823694544,0.2734411892326598,0.3961005939433786,0.10963082824891915
15.119999999999767,-0.102745502462255,-0.07083154344309091,0.3809488338006286,5.8673761593918154,-16.946849135959965,0.12479481488728497,0.022142394432161698,46.23557662963867,0.2480931382095093,1,4,1,1,1,1,176.02223203814611,64.22046562031431,198.68384181522953,288.0616859021661,726.988225375856,0.24212528606930583,0.08833769706120352,0.27329719365469657,0.3962398232147942,0.10968768895943172
15.139999999999766,-0.10272484233438907,-0.07083773711301869,0.3809237333818239,5.861903332491381,-16.948210294707113,0.1247813216467843,0.020513997162716863,46.241024017333984,0.24816064452320408,1,4,1,1,1,1,176.0474364223235,64.19496300270242,198.74431511200598,288.0590687223711,727.0457832594029,0.24214078463269414,0.08829562660402403,0.27335873433034674,0.3962048544329352,0.10969453219149805
15.159999999999766,-0.10270451838998135,-0.07084391275400591,0.38089870154112526,5.85630373549366,-16.949309176036444,0.12476809717237503,0.021663713522021278,46.2446403503418,0.24820946879912184,1,4,1,1,1,1,176.08040870766968,64.15360487468119,198.67932341577082,288.1402743734193,727.053611371541,0.2421835280833074,0.08823779136955175,0.2732664005904252,0.39631227995671564,0.1097459771891339
15.179999999999765,-0.10268444684689906,-0.07084995787368693,0.3808741625588247,5.850932164467147,-16.950684213250305,0.12475500853655877,0.020074645392786947,46.25007247924805,0.24827487017703367,1,4,1,1,1,1,176.103806336334,64.12199153567674,198.70912892124073,288.1409737526726,727.075900545924,0.24220828417515514,0.0881916062511917,0.2732990170242752,0.396301092549378,0.10976055871589718
15.199999999999765,-0.10266471218832014,-0.07085611837628465,0.3808496344650303,5.845439005163916,-16.951800867473825,0.12474226485062981,0.021212600787672432,46.25380325317383,0.24832424988135063,1,4,1,1,1,1,176.13477366343568,64.0815837599913,198.64312683990337,288.220764317678,727.0802485810084,0.2422494270848171,0.08813550345378635,0.2732066057736835,0.396408463687713,0.10981139673731993
15.219999999999764,-0.10264522397348709,-0.0708621890002839,0.3808255375410637,5.840171886125813,-16.95318124349056,0.12472967503557157,0.019636373099493936,46.2595100402832,0.24839196928689164,1,4,1,1,1,1,176.15289743636606,64.05086203678978,198.67544786790293,288.2187473577884,727.0979546988472,0.24226845406177203,0.08809110467559858,0.2732444048067654,0.396396036455864,0.10982528059669407
15.239999999999764,-0.10262606373562216,-0.07086835942701751,0.38080137223708915,5.834780024910389,-16.95429086445258,0.12471741388332636,0.020765440816857033,46.263423919677734,0.24844285265402688,1,4,1,1,1,1,176.18023075453286,64.01185281780731,198.61227922579894,288.29846290140154,727.1028256995406,0.24230442315367304,0.08803686432688794,0.2731556971116368,0.3965030154078023,0.10987561041055614
15.259999999999764,-0.10260706817704915,-0.07087373217900296,0.3807778872579037,5.829562730517309,-16.955563669711516,0.12470483692652283,0.01949279110209378,46.26957321166992,0.24851715248572026,1,4,1,1,1,1,176.2032861051673,63.9806106486863,198.66932656819318,288.2943790493366,727.1476023713834,0.2423212089684829,0.08798847777264462,0.27321733018205674,0.3964729830768157,0.10988639173975816
15.279999999999763,-0.10258848811787676,-0.0708803842098725,0.38075373195153683,5.824307139481451,-16.956758635322835,0.12469333085634887,0.020369263244115903,46.272560119628906,0.24855607422801027,1,4,1,1,1,1,176.22855573651808,63.946045218304846,198.55168253992827,288.37888132499086,727.1051648197421,0.2423701058157209,0.0879460748077038,0.27307147871677073,0.3966123406598045,0.10993993987561868
15.299999999999763,-0.10257000608707642,-0.07088588520357673,0.3807305114224038,5.81918891100232,-16.95801016558818,0.1246812530807962,0.01907654545778692,46.27872848510742,0.2486315335807836,1,4,1,1,1,1,176.25417656884218,63.92082171036027,198.6399805511726,288.36595230033015,727.1809311307052,0.2423800859227452,0.08790222484377963,0.27316445199175415,0.39655323724172103,0.10994111490162332
15.319999999999762,-0.1025517230002572,-0.0708908653923239,0.3807076732297137,5.813999155266279,-16.959137590532546,0.12466904461972134,0.01868258751271633,46.282135009765625,0.24867520703672596,1,4,1,1,1,1,176.27836682297533,63.88714173883584,198.63969606555116,288.4051283997834,727.2103330271457,0.24240355068826439,0.08785235692800727,0.2731530164576694,0.396591075926059,0.10997109837156856
15.339999999999762,-0.10253387667788108,-0.0708975487154214,0.38068387506048484,5.808985601252221,-16.96042328764905,0.1246581657190995,0.018740812957235505,46.287803649902344,0.24874638215987802,1,4,1,1,1,1,176.30943291758433,63.85244316276432,198.49052720775407,288.4938402353713,727.146243523474,0.24246763905876195,0.08781238125271702,0.2729719488695211,0.3967480308189999,0.11002755918448472
15.359999999999761,-0.10251602560209286,-0.07090230492466693,0.3806616168927675,5.8038648211884745,-16.961484563495056,0.12464618866567644,0.01850830804548442,46.29108428955078,0.24879051974566913,1,4,1,1,1,1,176.33615861219744,63.83197476874069,198.62355407061685,288.47499353692973,727.2666809884847,0.24246423385232668,0.08776969499273869,0.2731096573826978,0.3966564137722368,0.11002002044975799
15.379999999999761,-0.10249844904932341,-0.07090762477831998,0.3806393074913825,5.798837292907007,-16.962659665667832,0.12463475963478152,0.018015650810802555,46.29398727416992,0.24882934466334136,1,4,1,1,1,1,176.36312554505574,63.80151954494062,198.5771631830774,288.5160696929683,727.2578779660421,0.24250424902690526,0.08772888060474157,0.2730491744392621,0.39671769592909106,0.11005163471470293
15.39999999999976,-0.1024812390391443,-0.07091393560771359,0.3806164286649778,5.793951332537292,-16.963919222259275,0.12462419756360794,0.01813298614727236,46.30039596557617,0.2489082446298587,1,4,1,1,1,1,176.38403451823962,63.76169748494804,198.45945340067644,288.6019400248345,727.2071254286986,0.24254992608090686,0.08768024302204085,0.2729063652720425,0.39686346562500974,0.11010992940256151
15.41999999999976,-0.10246406909418289,-0.07091858994352876,0.3805949299613316,5.788970885133924,-16.965001459906965,0.12461272749970552,0.017897307904735187,46.30353927612305,0.24894940488289186,1,4,1,1,1,1,176.41113795657935,63.738342462187696,198.57602358463322,288.58276313851513,727.3082671419154,0.24255346175263162,0.08763593835205341,0.2730286902484586,0.39678190964685633,0.11010539158100419
15.43999999999976,-0.10244714913441824,-0.07092336552605888,0.38057355645038976,5.784060708043999,-16.966157502702764,0.12460153347095167,0.0174720669264958,46.30637741088867,0.24898738936213105,1,4,1,1,1,1,176.44013048762787,63.70607357979286,198.54334799231606,288.62247409223573,727.3120261519725,0.24259207072531006,0.08759111810215195,0.27298235262623066,0.39683445854630733,0.11013635762575366
15.45999999999976,-0.10243058983874932,-0.07092914486030555,0.3805516935467918,5.779183331636068,-16.96728144512723,0.12459120886053039,0.01854042620854212,46.31067657470703,0.24904173185332926,1,4,1,1,1,1,176.45711428327402,63.66802327685595,198.43800556217033,288.7070279911896,727.2701711134898,0.24262938491359912,0.0875438396976694,0.2728532166503557,0.3969735587383758,0.11019281563062462
15.479999999999759,-0.10241419923867337,-0.07093443153578652,0.3805303774729976,5.774481261800427,-16.968554634090406,0.12458074402974109,0.017281730728417977,46.3171272277832,0.2491169343073851,1,4,1,1,1,1,176.46701609589496,63.64043316900339,198.4961148594396,288.69184553809174,727.2954096624296,0.2426345797752267,0.08750286654296603,0.27292364591104806,0.3969389077707593,0.11019993642870153
15.499999999999758,-0.10239796881068393,-0.07093885400002342,0.3805095655405455,5.769678197904437,-16.969619210619786,0.12456992021908996,0.017133269723702906,46.32052230834961,0.24916077775368006,1,4,1,1,1,1,176.49898431667623,63.61002806539869,198.51753536615442,288.72618043723423,727.3527281854635,0.2426594105957237,0.08745416852162975,0.27293158831121556,0.396954832571431,0.11022319644971437
15.519999999999758,-0.10238201017835112,-0.07094406354623482,0.3804885161450912,5.764967617738713,-16.97079444365917,0.12455976943063196,0.01666038487180909,46.32352828979492,0.24919993433374377,1,4,1,1,1,1,176.52074585510547,63.58625733903263,198.470280235475,288.7606757200226,727.3379591496357,0.24269425737312542,0.08742326251385842,0.27287216037440937,0.39701031973860684,0.11024942094724131
15.539999999999758,-0.10236632452885637,-0.07094947270280694,0.380467187479415,5.76024643191827,-16.97183345242358,0.1245499581467352,0.0177948705018333,46.3282585144043,0.24925938467997752,1,4,1,1,1,1,176.53764383012867,63.548791318630514,198.3975065541475,288.844048371703,727.3279900746097,0.24272081679686128,0.08737294891141428,0.27277584427047247,0.39713039002125194,0.1103025781701326
15.559999999999757,-0.10235072570093907,-0.07095383715478097,0.38044659619866916,5.7555702448634465,-16.972876460695776,0.1245396244514012,0.017557162944807143,46.33259201049805,0.24931208681663933,1,4,1,1,1,1,176.55452854376128,63.52274737511593,198.47238584170594,288.828721606923,727.3783833675061,0.24272721403456604,0.08733109043057885,0.2728598902305133,0.3970818053043419,0.11030605104564639
15.579999999999757,-0.10233537306755587,-0.07095862631795348,0.38042570585131863,5.75105149093503,-16.97406653492728,0.12452973632754065,0.016486892435982076,46.338443756103516,0.24938186262007447,1,4,1,1,1,1,176.5783662495199,63.49271228219713,198.42475429116513,288.86686435364095,727.3626971765232,0.2427652214431148,0.08729168065486885,0.2728002894036365,0.3971428084983798,0.11033720869970019
15.599999999999756,-0.10232019015241178,-0.0709633527251246,0.380405017524198,5.746478055281331,-16.975143278514892,0.12451995319151125,0.016126298624116346,46.34129333496094,0.24941901913609477,1,4,1,1,1,1,176.60748822208274,63.47150748328323,198.42357722655737,288.8943076924384,727.3968806243618,0.24279384875900423,0.0872584268285594,0.2727858511796756,0.3971618732327608,0.11035461046256852
15.619999999999756,-0.10230515564220909,-0.07096755980911515,0.38038465823375905,5.741911704158062,-16.97612842553204,0.12450999725418421,0.016000584363602112,46.34558868408203,0.24947403337731966,1,4,1,1,1,1,176.63030122420457,63.44408328282452,198.42971189168983,288.93063849789786,727.4347348966169,0.2428125751368022,0.08721618619413493,0.272780089226686,0.39719114944237677,0.11037934142389433
15.639999999999755,-0.10229034097195977,-0.07097198863301711,0.3803642705507518,5.73739611148277,-16.97713972722538,0.12450034950426807,0.015810694461376656,46.3497314453125,0.24952597209036817,1,4,1,1,1,1,176.6472277102981,63.41760031386268,198.4046235956127,288.96394837626144,727.433399996035,0.24283628949572697,0.08717994020374698,0.2727461010130881,0.39723766928743787,0.11040607658632176
15.659999999999755,-0.10227580975620058,-0.07097711021197205,0.3803433917451213,5.732907732816189,-16.9781131096978,0.1244913307637482,0.01693500498422737,46.35353469848633,0.24957543088870826,1,4,1,1,1,1,176.67527769429233,63.38485740533412,198.30758213437133,289.04861280539524,727.416330039393,0.24288054914126625,0.08713697340545205,0.2726190957572152,0.39736338169606655,0.11045659981395523
15.679999999999755,-0.10226135343497335,-0.07098139027144908,0.3803233450182732,5.72846986949409,-16.9790979388299,0.12448189495352446,0.01668565828576454,46.35706329345703,0.24962101937270006,1,4,1,1,1,1,176.69877769438438,63.36717758848395,198.3828944944638,289.0277795914032,727.4766293687353,0.24289272061937436,0.08710544783200877,0.2727000242834051,0.3973018072652118,0.11045164334706553
15.699999999999754,-0.1022470741417023,-0.0709854665874404,0.38030350778778876,5.724064650312547,-16.98006784226568,0.12447248947930376,0.01655522918968047,46.36116027832031,0.24967201588062962,1,4,1,1,1,1,176.72148678171263,63.335615397715536,198.37163346726243,289.0629495000928,727.4916851467834,0.24291890943888406,0.08706026019381449,0.2726789013777356,0.3973419289895659,0.11048017611511747
15.719999999999754,-0.10223305111191232,-0.07099018320499151,0.3802834189536131,5.71982558949437,-16.981208811884482,0.12446366076541833,0.015511041123898991,46.367305755615234,0.2497437009037883,1,4,1,1,1,1,176.73707605308832,63.30529540986573,198.32479306645948,289.09623613754366,727.4634006669571,0.2429497839905777,0.08702196612479172,0.27262511472691303,0.39740313515771764,0.11051145318737148
15.739999999999753,-0.10221917221258173,-0.07099438846910598,0.3802637612886029,5.715501754960955,-16.982165608709707,0.12445465986425645,0.015385641109002701,46.37094497680664,0.24978978531082985,1,4,1,1,1,1,176.76232723435908,63.2815356948892,198.3447554779642,289.12261275237177,727.5112311595842,0.24296852015963605,0.08698358593588226,0.27263463020608136,0.3974132636984004,0.1105291700885444
15.759999999999753,-0.10220547322306815,-0.07099847002069719,0.38024426583824034,5.711212519867315,-16.983114649731082,0.1244457371790257,0.015264843902942986,46.374778747558594,0.24983884957476774,1,4,1,1,1,1,176.78644998249018,63.255691080467116,198.3331807157564,289.1551250458624,727.5304468245761,0.24299525986039916,0.08694576475329215,0.27261151967098224,0.3974474557153265,0.11055290931841921
15.779999999999752,-0.10219196392367197,-0.0710025252313567,0.38022490644302276,5.706962246779895,-16.984066974803145,0.12443695624615107,0.015138952372127316,46.37890625,0.2498907780541498,1,4,1,1,1,1,176.8051832704737,63.22951814471969,198.31793922785897,289.1870789491759,727.5397195922283,0.24301791161253647,0.08690868201691943,0.2725870957794748,0.39748631059106926,0.11057793209680805
15.799999999999752,-0.10217864174311134,-0.0710065925292222,0.38020571307233586,5.702752476833743,-16.985022057250042,0.1244283368492808,0.014995772255128062,46.38243103027344,0.249936711051413,1,4,1,1,1,1,176.83102923752165,63.20622109232685,198.30331587514002,289.2178364858732,727.5584026908616,0.24304719536399452,0.08687442940464955,0.2725599967531387,0.39751837847821736,0.11059941084462128
15.819999999999752,-0.10216550717112809,-0.07101069264823166,0.3801867646796643,5.6985853026635676,-16.985985861069242,0.12441989119877676,0.014826599664449954,46.38557052612305,0.24997897876570097,1,4,1,1,1,1,176.85844286328603,63.185042870620336,198.29033243018137,289.24753940576886,727.5813575698567,0.2430772050757299,0.086842580851247,0.2725335529382954,0.3975466611347276,0.11061876731919686
15.839999999999751,-0.10215257538350417,-0.07101482519513762,0.3801681090782436,5.694461886472429,-16.986962786283325,0.1244116315099937,0.014645744269077533,46.38890838623047,0.25002276897502884,1,4,1,1,1,1,176.88217461747666,63.16093854723856,198.2788661099686,289.2762984793667,727.5982777540505,0.24310416891512765,0.08680743272538202,0.2725114560771303,0.39757694228236,0.1106402797901327
15.85999999999975,-0.10213982253224621,-0.07101834381853835,0.3801500492435967,5.6902607392417055,-16.987791396514915,0.12440316919454615,0.015340053042199238,46.39083480834961,0.2500512439018868,1,4,1,1,1,1,176.90406360283055,63.133187927856376,198.29468799061038,289.3064612909568,727.6384008122541,0.2431208460209833,0.08676450810922232,0.2725181735450691,0.3975964723247254,0.11066270301551517
15.87999999999975,-0.10212734427925763,-0.07102232406700805,0.3801318854601796,5.6862164907442,-16.98879263893563,0.1243951967135915,0.01516851797468986,46.3951416015625,0.25010340080819676,1,4,1,1,1,1,176.91475066284622,63.1011811339487,198.25203780721182,289.33984011747464,727.6078097214813,0.24314575558303428,0.08672416690813559,0.2724710141347989,0.3976590633740313,0.11069566817530892
15.89999999999975,-0.10211499729547954,-0.07102547440668146,0.38011445598737015,5.682215244827896,-16.989791021788548,0.12438685898176687,0.013881893355326561,46.39930725097656,0.250153014482748,1,4,1,1,1,1,176.92769107323394,63.078592276103464,198.3234308528303,289.31550596584543,727.6452201680131,0.2431510386784117,0.08668866437621707,0.2725551207593138,0.39760517618605745,0.11069498873457728
15.91999999999975,-0.10210294114464231,-0.0710293524476068,0.38009650888906393,5.678243120848443,-16.990773575006124,0.12437917630983347,0.01374064721540702,46.40309524536133,0.2501999291453999,1,4,1,1,1,1,176.9504221238066,63.04631077461902,198.2293576924963,289.396847472982,727.6229380639039,0.24318972487954443,0.08664695335523073,0.27243417891683713,0.39772914284838773,0.1107449657159824
15.939999999999749,-0.10209108762794016,-0.07103339935103745,0.38007860479753747,5.674312057330407,-16.99175607586221,0.12437175722976548,0.013572544495298948,46.406890869140625,0.2502470050329665,1,4,1,1,1,1,176.96614342167476,63.024756224766435,198.21533170839334,289.42325542694755,727.6294867817821,0.24320914234025173,0.08661655055173391,0.27241245071729564,0.39776185639071865,0.11076568901577291
15.959999999999749,-0.1020794064804836,-0.07103716310797435,0.38006084882639085,5.670405920405841,-16.992699430552292,0.12436431871657058,0.01349028727189638,46.41126251220703,0.25029985864063375,1,4,1,1,1,1,176.98184779745165,62.99755217547866,198.21115637636788,289.45386938625745,727.6444257355556,0.2432257316044792,0.08657738580460667,0.2724011197859472,0.3977957628049669,0.11079061243345184
15.979999999999748,-0.10206788770721933,-0.07104071581954712,0.3800432046331248,5.666513651022297,-16.993594162930037,0.12435689367770163,0.013565292097075361,46.41578674316406,0.2503552540465629,1,4,1,1,1,1,176.99944086745788,62.972406471005485,198.20429846264517,289.4840693787524,727.6602151798609,0.24324463145715297,0.08654095023656083,0.27238578436455213,0.3978286339417342,0.11081394802597239
15.999999999999748,-0.10205650733014975,-0.07104402474133979,0.3800257723728406,5.662563069607676,-16.994384337068034,0.12434944366532973,0.014279843950861399,46.41759490966797,0.2503818865482343,1,4,1,1,1,1,177.02165167347815,62.95224853494653,198.20482722163456,289.51013434895026,727.6888617790095,0.24326557814930186,0.08650984210620552,0.27237578810410185,0.3978487916403908,0.11083131918438528
16.019999999999747,-0.10204522493356538,-0.07104697236179222,0.3800087578917746,5.658762657126646,-16.995319307687485,0.12434186830476379,0.013078149696970949,46.421592712402344,0.25043131589484596,1,4,1,1,1,1,177.03682788642607,62.936194043039976,198.2490348600328,289.48619489466637,727.7082516841651,0.24327995110224798,0.08648547532254053,0.2724292797301898,0.3978052938450218,0.11082828645647284
16.039999999999747,-0.10203419581063794,-0.07105073670677989,0.37999120837178446,5.654994415992211,-16.996240423427587,0.12433496813567681,0.01295636758747975,46.425567626953125,0.2504805394194565,1,4,1,1,1,1,177.05604694489767,62.908229828787974,198.15723230257413,289.56600918677395,727.6875182630338,0.24331329382634548,0.0864495106071736,0.2723108852760989,0.39792631029038195,0.11087542953469832
16.059999999999746,-0.10202331245633649,-0.07105440461612969,0.3799738324006464,5.65125623015129,-16.997142294674426,0.12432813317956615,0.012866859978618332,46.429019927978516,0.25052460780591185,1,4,1,1,1,1,177.08132317352323,62.888304426677195,198.14878090922875,289.59404804644714,727.7124565558763,0.2433396894312009,0.08641916715884664,0.2722899396927036,0.39795120371724885,0.11089347219602858
16.079999999999746,-0.10201254126574297,-0.07105734911896947,0.3799570044954185,5.647421571064313,-16.997854751655876,0.12432097747085977,0.013750648314428683,46.43135452270508,0.25055829604492974,1,4,1,1,1,1,177.10574484249202,62.866024765869426,198.16943503312115,289.6230927553598,727.7642973968424,0.24335591272612,0.08638239742006638,0.27229892389879273,0.39796276595502084,0.11091109715196724
16.099999999999746,-0.10200190127972758,-0.07106020211074,0.3799405181130484,5.643757023027008,-16.998783679531623,0.12431387769954934,0.0125825381980454,46.435611724853516,0.2506085727662934,1,4,1,1,1,1,177.11445843158089,62.844349122242704,198.19951600597784,289.59550570925796,727.7538292690595,0.24337138646109344,0.08635385565110971,0.2723441746847904,0.3979305832030064,0.11091293732792407
16.119999999999745,-0.10199151397323092,-0.0710636815661028,0.3799235598834824,5.640119957235057,-16.999684210089065,0.12430734395151485,0.012518492004092783,46.43996810913086,0.2506608537946585,1,4,1,1,1,1,177.13141358071377,62.812375370364855,198.11231804680236,289.67857294210546,727.7346799399864,0.24340108897286733,0.08631219193174187,0.2722315199588124,0.3980551991365784,0.11096376278766175
16.139999999999745,-0.1019812401656016,-0.07106662411252639,0.37990701726974624,5.636391236888758,-17.000397508793895,0.1243005969754982,0.013397104934736913,46.44222640991211,0.2506931560502795,1,4,1,1,1,1,177.1564809549974,62.79129049142322,198.12988636379401,289.7058247737802,727.7834825839948,0.2434192107878066,0.08627743277228934,0.2722374045373137,0.39806595190259036,0.11098019426868912
16.159999999999744,-0.10197107826949424,-0.0710695293404975,0.3798907882300977,5.632831032847945,-17.00131372302426,0.12429392102642492,0.012237759008624392,46.44598388671875,0.2507388222455304,1,4,1,1,1,1,177.1680901839642,62.77507203811373,198.16376373152804,289.6752794846526,727.7822054382586,0.24343558946632457,0.0862552994138014,0.27228443104375855,0.3980246800761154,0.11097670953211175
16.179999999999744,-0.10196113541353344,-0.0710730688905119,0.3798741071347374,5.629296877075004,-17.00219782053935,0.124287788041836,0.012178343744374867,46.4501838684082,0.25078942817371724,1,4,1,1,1,1,177.18758129454523,62.74443571086572,198.0801815911227,289.7571786222225,727.7693772187562,0.24346666243595652,0.08621472361292515,0.27217438352257417,0.39814423042854413,0.11102557988453386
16.199999999999743,-0.10195118887837105,-0.07107519680819022,0.37985844812879915,5.625667999499804,-17.002892295597512,0.12428084532636662,0.012072316836311188,46.452545166015625,0.25082267856932267,1,4,1,1,1,1,177.20976863048162,62.72677548471596,198.1777905696858,289.7293673864576,727.843702071341,0.24347228412661606,0.08618165590525048,0.27228069708606345,0.39806536288207006,0.11101671280094429
16.219999999999743,-0.101941503157719,-0.0710788034767153,0.3798419564253734,5.622200203150934,-17.00379309808005,0.12427496276296665,0.011919479615465163,46.45608139038086,0.25086663380297175,1,4,1,1,1,1,177.2263659390158,62.70330809870966,198.05447273002005,289.8078510480142,727.7919978157597,0.24351238605385245,0.08615553384331519,0.2721305995729806,0.3982014805298518,0.11106365347581419
16.239999999999743,-0.10193188951277704,-0.07108157286232096,0.3798260045540667,5.618631816485606,-17.00447185146061,0.12426866097382087,0.012819385254397598,46.45889663696289,0.25090448169643237,1,4,1,1,1,1,177.2486871219557,62.67808369287809,198.08077987841168,289.8380916758863,727.8456423691317,0.24352510587961018,0.08611452764745754,0.272146686533233,0.39821367993969936,0.11108346293188193
16.259999999999742,-0.1019223749292161,-0.07108445951794565,0.3798103237587732,5.615232379864338,-17.00537494894181,0.1242625080069212,0.011701025877592669,46.46254348754883,0.25094808334266594,1,4,1,1,1,1,177.2591484450204,62.660877451639315,198.10950697700216,289.8034454837997,727.8329783574616,0.24354371636889868,0.08609238563639884,0.27219089113560935,0.39817300685909307,0.11107999961260975
16.279999999999742,-0.10191304431912432,-0.07108764018990192,0.3797943439884667,5.611835124968074,-17.00618876159447,0.1242566746302216,0.011814519111848588,46.46683883666992,0.25100074974812026,1,4,1,1,1,1,177.28176851710927,62.633012077057735,198.0388112449901,289.8888703563406,727.8424621954977,0.24357162123016063,0.08605297894839581,0.2720902139284601,0.3982851858929835,0.11112653111658966
16.29999999999974,-0.1019037303813112,-0.07109006942153073,0.37977916097195485,5.608387915797445,-17.006934283194987,0.12425042549619307,0.011520118249990441,46.4683952331543,0.2510233147460995,1,4,1,1,1,1,177.30038706405043,62.61678726201542,198.11529921406398,289.85010916663657,727.8825827067664,0.2435837747411486,0.08602594532371319,0.2721802992968117,0.3982099806383266,0.11111573087468703
16.31999999999974,-0.10189463066115088,-0.07109315085701343,0.37976344354985686,5.605049567221991,-17.00774571111552,0.12424472566813619,0.011610757756320571,46.47295379638672,0.2510791633096784,1,4,1,1,1,1,177.31840203912714,62.58946864704191,198.01967132812626,289.9396201152691,727.8671621295645,0.24361368566255426,0.08599023544889725,0.2720546847432549,0.39834139414529357,0.1111660539632249
16.33999999999974,-0.10188554864467808,-0.07109555653577557,0.37974849508213604,5.601663778898558,-17.0084925339004,0.12423865413694211,0.011311903471208593,46.47478103637695,0.2511040203598279,1,4,1,1,1,1,177.33324193429067,62.57259917443275,198.0935366879351,289.8997085856901,727.8990863823487,0.24362338853265378,0.08596328851766795,0.2721442304213597,0.39826909252831844,0.11115619036728079
16.35999999999974,-0.10187663318484842,-0.07109810407279649,0.3797332730899671,5.598277695041495,-17.009158320159735,0.1242328007887867,0.012189540006871214,46.47749710083008,0.2511412942538356,1,4,1,1,1,1,177.35767425451377,62.54561993055116,198.02109754490138,289.99032543146905,727.9147171614354,0.2436517219299191,0.08592437885368366,0.27203887059338666,0.3983850286230105,0.11120357303779439
16.37999999999974,-0.10186781642091321,-0.07110094789022568,0.3797183107131411,5.595062512800975,-17.010057932845605,0.12422719836353657,0.011061259445307213,46.48091506958008,0.2511820091398628,1,4,1,1,1,1,177.3666111572823,62.531035834919265,198.04717090330286,289.9513428565967,727.8961607521012,0.24367021111090578,0.08590653338562586,0.2720816258993178,0.3983416296041505,0.11119753739278089
16.39999999999974,-0.10185904282878967,-0.07110277519906978,0.37970390266264226,5.591740610519833,-17.010720508023365,0.12422104993521292,0.011016430901952156,46.483558654785156,0.25121733709947275,1,4,1,1,1,1,177.3914483658749,62.50395389768281,198.07796049100912,289.9817184647259,727.9550812192927,0.24368460766665995,0.08586237737772424,0.27210189969309273,0.3983511152625232,0.1112177938889441
16.41999999999974,-0.10185053191989912,-0.0711060998895449,0.37968866747152885,5.588578022755694,-17.011602457218743,0.1242159743908501,0.01090994277722573,46.48716735839844,0.25126031444489133,1,4,1,1,1,1,177.4060241405939,62.482540905247774,197.95489648995874,290.06074557042473,727.9042071062252,0.24372166338462242,0.08583896108204457,0.2719518510229885,0.3984875245103444,0.11126397991693457
16.43999999999974,-0.10184200469867692,-0.07110827414644133,0.3796744238115027,5.5853265422949265,-17.012292468425276,0.12421022732903594,0.010780330861485372,46.489585876464844,0.2512925288522604,1,4,1,1,1,1,177.42145992731048,62.46496326273548,198.05473966600732,290.02315794812296,727.9643208041762,0.24372274142682496,0.08580772639204481,0.2720665477769815,0.3984029844041488,0.11125296063318489
16.459999999999738,-0.10183358502092453,-0.0711100061259471,0.3796603199711128,5.582093044251122,-17.012958717951836,0.1242043155830187,0.010725971041535307,46.49253463745117,0.2513303485845807,1,4,1,1,1,1,177.43923062838235,62.43710766141361,198.04980087049162,290.0558340278262,727.9819731881138,0.24374124245317166,0.08576738155750951,0.2720531663760233,0.3984382096132956,0.1112786695945318
16.479999999999738,-0.10182543995278151,-0.07111354378513902,0.37964529881986486,5.579023580402843,-17.013850079226106,0.12419966316886047,0.010564974951048252,46.49614334106445,0.25137281566778313,1,4,1,1,1,1,177.4482237770593,62.42196231196179,197.92527849352484,290.12771209851036,727.9231766810562,0.2437732846838716,0.08575350299542989,0.27190407564155217,0.3985691366791464,0.11131965309997836
16.499999999999737,-0.10181725411922928,-0.07111554067047263,0.37963135445248714,5.575850884444495,-17.0145016846314,0.12419409551678919,0.010492190691767026,46.4983024597168,0.25140304799380925,1,4,1,1,1,1,177.47182763164133,62.4037152760917,198.03782023196123,290.09412218542167,728.007485325116,0.2437774764807334,0.08571850775438558,0.27202717585179886,0.398476839913082,0.11130779056289676
16.519999999999737,-0.10180918164652056,-0.07111722702933851,0.3796175273394569,5.572699630268207,-17.015160552817033,0.1241884432943609,0.010426695601846088,46.500946044921875,0.25143765119816036,1,4,1,1,1,1,177.4904307531046,62.378182983146516,198.0253820695816,290.1248555311181,728.0188513369508,0.24379922364257056,0.0856820985728512,0.27200584395022626,0.39851283383435204,0.11133187025547606
16.539999999999736,-0.10180137560894285,-0.07112052430643176,0.3796028598322568,5.5697079266183,-17.01603238800404,0.12418393234833086,0.010315370622946254,46.50468444824219,0.25148106997154346,1,4,1,1,1,1,177.50129627790568,62.36020412909349,197.90059177216042,290.2012789300522,727.9633711092117,0.24383273022026308,0.08566393118663931,0.27185515044612135,0.39864818814697633,0.11137583913260446
16.559999999999736,-0.10179354426384955,-0.07112271935448392,0.3795891842941913,5.566626286405715,-17.01670322785317,0.12417876977234465,0.010187085279584169,46.506797790527344,0.25150986934306124,1,4,1,1,1,1,177.51927345818362,62.344488591096294,198.00810994458038,290.158772339119,728.0306443329794,0.2438348918963796,0.08563442909496786,0.27197771341891125,0.3985529655897412,0.11136095919295178
16.579999999999735,-0.10178581525014183,-0.07112445406984905,0.37957567812792326,5.563557899502216,-17.017345582050574,0.12417342772457428,0.01012694394250433,46.50952911376953,0.25154540735988457,1,4,1,1,1,1,177.53646397323615,62.31894142462376,198.00816644166966,290.1885657367495,728.052137576279,0.24385130516100628,0.08559681128344261,0.2719697618097084,0.3985821217458428,0.1113839443601128
16.599999999999735,-0.1017782094037486,-0.071126086465819,0.37956220702089133,5.560515647246958,-17.01800746063815,0.12416812829940081,0.01005631313097729,46.51237106323242,0.2515810766778776,1,4,1,1,1,1,177.55139268385787,62.29506107852512,197.98873795598644,290.21661859097975,728.0518103093491,0.2438719197860607,0.08556404942123001,0.2719431984817963,0.3986208323109131,0.11140735048264569
16.619999999999735,-0.10177084669519067,-0.07112905078035,0.37954798311992355,5.557610750052328,-17.01881794702095,0.12416379142878012,0.010129420260435913,46.51637649536133,0.25162796374922586,1,4,1,1,1,1,177.56417493015314,62.27823455672691,197.87613181423353,290.2963371788352,728.0148784799487,0.243901848957945,0.08554527716076368,0.2718023184188035,0.3987505554624879,0.11145022672598667
16.639999999999734,-0.10176348952458729,-0.071131561226394,0.3795345301647743,5.554660481614054,-17.019539093738008,0.12415919942849593,0.009816596368250243,46.517669677734375,0.25164662699003554,1,4,1,1,1,1,177.58226461797474,62.26777996209586,197.96340848979148,290.2436795258285,728.0571325956905,0.2439125401942747,0.0855259528055126,0.2719064200140538,0.398655086986159,0.11143046653868435
16.659999999999734,-0.10175621056971786,-0.07113340955505493,0.3795213948391656,5.551702310143187,-17.020161488097724,0.12415429249299413,0.009752004436225776,46.52048110961914,0.2516835605087992,1,4,1,1,1,1,177.5995502024291,62.24401553113562,197.9839810279241,290.27186584327114,728.09941260476,0.24392211712830605,0.08548834740637819,0.27191888580110324,0.39867064966421245,0.11145001584300845
16.679999999999733,-0.10174904863802779,-0.07113505820694586,0.3795083105964099,5.548763192660273,-17.020800622140246,0.12414936731554181,0.009681376433367769,46.523433685302734,0.2517201138630733,1,4,1,1,1,1,177.61078035275762,62.2192593885531,197.96827802805112,290.2990206239647,728.0973383933265,0.24393823598460987,0.08545458980230683,0.2718980932754164,0.39870908093766694,0.11147404882138466
16.699999999999733,-0.10174200015833071,-0.0711366703828572,0.37949527347318474,5.5458507074337575,-17.021449593426144,0.12414451445544035,0.009605363572957378,46.525760650634766,0.251750237495257,1,4,1,1,1,1,177.6308902170172,62.19913569693534,197.95178144157296,290.3239326881079,728.1057400436334,0.24396304059678509,0.08542596531818018,0.2718722989736494,0.39873869511138527,0.11149288615884784
16.719999999999732,-0.10173506402619788,-0.07113833628824452,0.3794823192445611,5.54296948088768,-17.02210605582901,0.12413978468756078,0.009518876382273318,46.52812194824219,0.2517808851746705,1,4,1,1,1,1,177.6493592847816,62.181036063513176,197.93870945033993,290.34701302949463,728.1161178281293,0.24398492896254698,0.0853998895794131,0.2718504708297957,0.3987647106282443,0.11150981978490059
16.739999999999732,-0.10172824523501174,-0.07114008776277538,0.37946943990823734,5.540120159205676,-17.022766646741022,0.12413520034820934,0.00943475516154076,46.53095245361328,0.2518159211733697,1,4,1,1,1,1,177.66188332975543,62.161309285866096,197.9287745328025,290.36885519653595,728.12082234496,0.2440005530367665,0.08537224507008548,0.2718350697558135,0.39879213213733455,0.11152820261523978
16.75999999999973,-0.10172154750999306,-0.07114191823960099,0.37945661172926215,5.537300963716972,-17.0234254567525,0.12413076072689576,0.009347429429085674,46.53374099731445,0.2518502469899406,1,4,1,1,1,1,177.67433500184254,62.142394062365064,197.92151349451586,290.3898134703598,728.1280560290833,0.24401522991821892,0.08534541904794139,0.2718223969749222,0.3988169540589175,0.11154556392628849
16.77999999999973,-0.10171497042501651,-0.07114380718153648,0.37944383054837877,5.5345096801422455,-17.02407908485857,0.12412645370284943,0.009262957585657827,46.53640365600586,0.2518835127426627,1,4,1,1,1,1,177.68829907821254,62.12457138959564,197.91587074567644,290.40992753486887,728.1386687483534,0.24403085113396453,0.08531969809594887,0.27181068557433896,0.39883876519574774,0.11156154871147578
16.79999999999973,-0.10170851075117214,-0.0711457307242508,0.3794311061430537,5.531744390470867,-17.02472650329868,0.12412226294871079,0.009179259199144195,46.539024353027344,0.25191627511883885,1,4,1,1,1,1,177.70267252597088,62.107126448197526,197.91107972322115,290.4295256748262,728.1504043722158,0.244046657749479,0.08529436511368002,0.27179972507720124,0.39885925205963974,0.11157698394433158
16.81999999999973,-0.10170216374901474,-0.07114766544291118,0.37941845217630077,5.529003564317194,-17.02536756331801,0.12411817114833679,0.009093707043042448,46.54159164428711,0.2519485868632694,1,4,1,1,1,1,177.71723561307962,62.089754072771086,197.90670102029398,290.44882991637985,728.1625206225245,0.244062596714185,0.08526908803228293,0.27178918911000605,0.39887912614352605,0.11159221419842169
16.83999999999973,-0.10169592423556713,-0.07114959062078818,0.37940588088162325,5.526285943814448,-17.026002503659072,0.12411416217189705,0.009007223643801856,46.544132232666016,0.25198060668006445,1,4,1,1,1,1,177.7316879226884,62.07230166362332,197.90238388259854,290.4679892961218,728.1743627650321,0.2440784748968689,0.08524373397042112,0.271778840346866,0.3988989507858439,0.11160746736613979
16.85999999999973,-0.10168978761533035,-0.07115148960592838,0.37939339980323233,5.52359050731691,-17.026631500398853,0.12411022269899256,0.008922595982426394,46.546653747558594,0.25201239626629074,1,4,1,1,1,1,177.7458222418486,62.05462690439566,197.89798540834502,290.48707275244965,728.185507307039,0.244094149716306,0.08521815702414189,0.2717686405765028,0.3989190526830493,0.11162290625881807
16.87999999999973,-0.10168374919425643,-0.07115335056580546,0.3793810122407975,5.520916392995927,-17.0272545825981,0.12410634208992244,0.008838488499304716,46.549171447753906,0.25204396512852734,1,4,1,1,1,1,177.75987707289016,62.0368278091282,197.89336529976998,290.5061050680116,728.1961752497999,0.2441098746665506,0.08519246587342638,0.271758314621585,0.39893934483843807,0.11163844496565746
16.89999999999973,-0.10167780433037406,-0.07115516675160348,0.37936871951053375,5.518262953873454,-17.027871798022634,0.12410251266148614,0.008755177033864872,46.551658630371094,0.2520752609204099,1,4,1,1,1,1,177.77394391178532,62.01903205893218,197.8885771849623,290.52510142533976,728.2066545810196,0.24412567887623768,0.08516680212791436,0.2717478286418837,0.3989596903539642,0.11165398355006065
16.919999999999728,-0.10167194923416323,-0.07115693548915936,0.3793565227696368,5.515629791675771,-17.028483393688646,0.1240987297649845,0.008673455353315918,46.554115295410156,0.2521061950680176,1,4,1,1,1,1,177.7880657728466,62.001434407510736,197.8836042561828,290.54400709330804,728.2171115298481,0.24414156569233467,0.0851414137704857,0.27173709752640435,0.3989799230107754,0.11166937088488098
16.939999999999728,-0.10166618138603488,-0.07115865699594584,0.37934442271688923,5.513016734975704,-17.029089678719277,0.12409499145044016,0.008593750602188466,46.556549072265625,0.2521368232433003,1,4,1,1,1,1,177.80216746099654,61.98383701474809,197.8785426544984,290.56285933035247,728.2274064605955,0.24415747867162624,0.08511604543422528,0.27172630540815224,0.39900017048599623,0.11168475352556544
16.959999999999727,-0.10166049881917079,-0.07116033319508971,0.37933241894731096,5.510423678493104,-17.029690908460772,0.12409129719927507,0.008514746727179796,46.55896759033203,0.25216722478557213,1,4,1,1,1,1,177.81619309379957,61.96632752002267,197.8734413808287,290.5816200692583,728.2375820639093,0.2441733267731775,0.08509081245766383,0.2717155036410405,0.3990203571281181,0.11170006736092584
16.979999999999727,-0.10165490077856422,-0.07116196697751519,0.3793205114689667,5.507850606887861,-17.030287349727974,0.12408764804124825,0.008437055876026986,46.56135940551758,0.252197309529093,1,4,1,1,1,1,177.83029135194687,61.949005589476016,197.86833216666219,290.600271160522,728.247900268607,0.24418922634223308,0.08506582108458773,0.2717046380685484,0.3990403145046309,0.1117152128475896
16.999999999999726,-0.10164938696885453,-0.07116356109625108,0.3793086995043801,5.5052974760377085,-17.030879222581138,0.12408404530415582,0.008358947552625671,46.5637321472168,0.2522270616784994,1,4,1,1,1,1,177.8440962568804,61.93176185034733,197.86327662801818,290.61875665014554,728.2578913853914,0.24420483232740686,0.08504097598246727,0.2716939685358104,0.3990602231543155,0.11173030248193357
17.019999999999726,-0.101643957495399,-0.07116511825944694,0.3792969822268598,5.5027643824069425,-17.03146665868534,0.12408049061882188,0.008283790969035995,46.56610107421875,0.2522567443357598,1,4,1,1,1,1,177.85798997913355,61.91461880510942,197.85826624994866,290.63713545834236,728.2680104925339,0.2442205169204764,0.08501625488566501,0.27168331355943454,0.39907991463442416,0.11174527463269118
17.039999999999726,-0.10163861284952404,-0.07116664090313217,0.3792853587541744,5.500251308171471,-17.032049771986124,0.12407698577661692,0.008207676736920381,46.56843948364258,0.25228602051506915,1,4,1,1,1,1,177.87171483442336,61.89754445516844,197.85341217238448,290.6553429121923,728.2780143741686,0.2442360078482857,0.08499164224854279,0.27167291647875147,0.39909943342442,0.11176016518591934
17.059999999999725,-0.10163335339921825,-0.07116813049618251,0.3792738279988691,5.497758113587091,-17.032628547552154,0.12407353191350703,0.008133292930036859,46.570762634277344,0.2523151628471932,1,4,1,1,1,1,177.88532311754415,61.880586055495314,197.84870967202073,290.67311481589877,728.287733660959,0.24425143373395794,0.08496722269978899,0.27166283397013186,0.3991185095961211,0.11177485392220614
17.079999999999725,-0.1016281711665898,-0.07116957502155626,0.3792623938047641,5.495282860906414,-17.03320161749644,0.1240701155936215,0.008061092393318306,46.57307434082031,0.25234416397127846,1,4,1,1,1,1,177.89887065580933,61.863735558889175,197.84448028154958,290.6873734873509,728.2944599835989,0.24426777962833274,0.08494330103826732,0.27165451771527277,0.3991344016181273,0.11178837160681267
17.099999999999724,-0.10162305438346994,-0.07117096293593506,0.3792510516910749,5.492824042973264,-17.033768206661527,0.12406672054767116,0.007991441357296535,46.57536315917969,0.25237294630191215,1,4,1,1,1,1,177.91246259968946,61.84692100475832,197.83996854229883,290.7019456816872,728.3012978284338,0.24428414878590587,0.08491941616631256,0.2716457723365256,0.39915066271125604,0.11180197869584457
17.119999999999724,-0.10161799564064443,-0.07117229485199852,0.3792397948826216,5.490381742639482,-17.034329090086352,0.12406334105013393,0.007924222274812332,46.57764434814453,0.2524016907892757,1,4,1,1,1,1,177.92604026874596,61.83034376871115,197.834928467182,290.71718015441263,728.3084926590518,0.24430037829043927,0.08489581597897998,0.2716361685484229,0.3991676371821578,0.11181567984952129
17.139999999999723,-0.10161299052596479,-0.07117357682830479,0.37922861882948283,5.487956256258631,-17.03488473112246,0.12405997695535984,0.007859343400671518,46.57990646362305,0.2524301345968236,1,4,1,1,1,1,177.9397540655819,61.813901533817656,197.8295719531894,290.7326695260088,728.3158970785978,0.24431672407444258,0.08487237719479145,0.27162605230329084,0.3991848464274751,0.11182937447330112
17.159999999999723,-0.1016080366713371,-0.07117481627015411,0.37921752099506806,5.485547940771925,-17.035435397170485,0.124056630565617,0.007797260317612978,46.58217239379883,0.25245857314667347,1,4,1,1,1,1,177.95353466228835,61.797630173406006,197.82417570846596,290.74813486005075,728.3234754042111,0.24433310290256152,0.08484915324074792,0.27161581685757946,0.3992019269991111,0.11184294173826909
17.179999999999723,-0.10160313249915422,-0.07117601927437339,0.37920649960462516,5.483156969972571,-17.035981250234588,0.12405330408089363,0.007736284233633784,46.58441162109375,0.25248679141505864,1,4,1,1,1,1,177.9671448395285,61.78161300401205,197.81888755936995,290.7633972549619,728.3310426578723,0.2443492511181171,0.08482628006428866,0.27160573416928185,0.3992187346483125,0.11185629982187421
17.199999999999722,-0.10159827698904875,-0.07117719025455324,0.3791955536645429,5.480783429777638,-17.036522416871648,0.12404999919256889,0.007676033055714075,46.58664321899414,0.2525148597567829,1,4,1,1,1,1,177.98074901067505,61.765672964937096,197.81374455692654,290.7784366700422,728.3386032025809,0.24436539300275328,0.08480351404325816,0.27159585347682913,0.39923523947715944,0.11186952819877631
17.21999999999972,-0.10159346926539689,-0.07117833221980581,0.3791846829568746,5.478427303003197,-17.037059003205673,0.12404671690525383,0.007617409653454454,46.5888671875,0.25254278549117665,1,4,1,1,1,1,177.99437940905216,61.74987390041826,197.80874142775372,290.79321531308983,728.346210050314,0.24438155502553705,0.08478093665943918,0.2715861477663063,0.3992513605487175,0.11188256814188637
17.23999999999972,-0.10158870867187407,-0.07117944694821811,0.379173887249981,5.476088518160678,-17.03759110123312,0.12404345769718408,0.00756065850237922,46.59107208251953,0.25257056546914064,1,4,1,1,1,1,178.0079721351347,61.73409507247918,197.80390437974393,290.8077461066191,728.3537176939769,0.24439769827594404,0.0847583990755673,0.27157670727075583,0.39926719537773275,0.11189551194446871
17.25999999999972,-0.10158399428252751,-0.07118053514677425,0.37916316608590994,5.473766926021121,-17.03811877406175,0.12404022121140282,0.007504102742709088,46.59326934814453,0.25259814918129725,1,4,1,1,1,1,178.02140044616976,61.71845543657801,197.79919206775224,290.8220162887224,728.3610642392225,0.24441366951995736,0.0847360718012066,0.27156749829063787,0.39928276038819804,0.11190830239929142
17.27999999999972,-0.10157932497959649,-0.07118159708184003,0.3791525190712214,5.471462354244505,-17.038642055231534,0.12403700668119935,0.007447729672744784,46.59544372558594,0.2526255799289722,1,4,1,1,1,1,178.03481271280833,61.70290383421048,197.79458601854353,290.83610165785865,728.368404223421,0.2444296206157202,0.08471386660435593,0.27155843783398337,0.39929807494594055,0.11192097261435506
17.29999999999972,-0.10157469971009529,-0.07118263282525193,0.379141946077466,5.469174664570392,-17.03916102027285,0.12403381328142205,0.0073924041261927255,46.597618103027344,0.2526528984630216,1,4,1,1,1,1,178.0481830096052,61.68739734806408,197.7900833343237,290.8500219431768,728.3756856351697,0.24444553342598305,0.0846917306063978,0.2715495413082655,0.3993131946593538,0.1119335616100108
17.31999999999972,-0.10157011751300249,-0.07118364240359629,0.37913144653730263,5.466903704701253,-17.039675702873623,0.12403064023638759,0.007337668284358541,46.599769592285156,0.25267999116322243,1,4,1,1,1,1,178.06145612534436,61.67194807350137,197.7856359848125,290.86379019712444,728.3828303807827,0.2444613583659814,0.08466968948356542,0.27154077187873094,0.3993281802717222,0.11194607898783933
17.33999999999972,-0.10156557731918989,-0.07118462577471489,0.37912101994681496,5.464649331667412,-17.040186135881054,0.12402748664254445,0.007283909256028766,46.6019172668457,0.25270697036341666,1,4,1,1,1,1,178.07463963828872,61.656657033909326,197.7812639936546,290.8774087944812,728.3899694603338,0.24447706188242094,0.08464786669095803,0.27153210819225215,0.39934296323436896,0.11195845567232375
17.35999999999972,-0.10156107830630626,-0.07118558320001414,0.37911066602543375,5.462411431072323,-17.040692372499727,0.12402435197277109,0.0072313020137917535,46.604042053222656,0.2527337392963635,1,4,1,1,1,1,178.08783357505473,61.641410329474525,197.7769764913572,290.89084704930036,728.3970674451868,0.2444927931954588,0.08462610996729905,0.2715235759872692,0.39935752084997295,0.1119707396924144
17.37999999999972,-0.10155661961257177,-0.07118651498135173,0.37910038379150685,5.4601898379438065,-17.041194422845134,0.12402123569100097,0.007178231040869013,46.60615921020508,0.2527603571524011,1,4,1,1,1,1,178.1008628139648,61.626216159831955,197.77277677349733,290.90416402371693,728.404019771011,0.24450834698846735,0.08460444270915123,0.271515218759599,0.3993719915427824,0.11198297317012079
17.399999999999718,-0.1015522005551092,-0.07118742157492519,0.37909017331645417,5.457984452237986,-17.041692361114436,0.12401813749638094,0.007127279863571984,46.60826110839844,0.2527868068410379,1,4,1,1,1,1,178.11401739949895,61.61115433848933,197.76861722615553,290.9173278712524,728.4111168353961,0.24452402397882206,0.08458294075214122,0.27150686288996684,0.39938617237907,0.11199504838722914
17.419999999999717,-0.10154782039663321,-0.0711883033787394,0.3790800342408335,5.455795161925487,-17.042186283061287,0.12401505701022886,0.007076077965033805,46.610347747802734,0.25281307306035455,1,4,1,1,1,1,178.12699531755027,61.59608817003379,197.76455229433907,290.9303256187493,728.4179614006724,0.2445395428951676,0.08456146255865366,0.2714987311873231,0.39940026335885565,0.1120070984322932
17.439999999999717,-0.10154347817807,-0.07118916054058262,0.37906996550790817,5.453621831368059,-17.04267615366456,0.12401199352874312,0.007025230163465772,46.6124267578125,0.25283922629005096,1,4,1,1,1,1,178.13980569204062,61.58117934901799,197.7605695799097,290.943205808394,728.4247604293623,0.24455484679987813,0.08454020606427437,0.27149072947951663,0.3994142176563309,0.11201903074259388
17.459999999999717,-0.10153917331733778,-0.07118999344210222,0.3790599665661927,5.451464306646559,-17.043161993831966,0.12400894679116874,0.0069754000571634065,46.61448669433594,0.25286515880193033,1,4,1,1,1,1,178.15270575023564,61.56633340338301,197.75664430235537,290.95591694003895,728.431600396013,0.2445702597929341,0.08451903153283352,0.2714827915137738,0.3994279171604586,0.11203085039586723
17.479999999999716,-0.10153490509269263,-0.07119080242168052,0.379050037077284,5.449322484419156,-17.043643876987357,0.12400591639766569,0.006925061638980325,46.61653137207031,0.2528908929854284,1,4,1,1,1,1,178.16543053176665,61.551614144599924,197.75280206675038,290.9684923142275,728.4383390573444,0.24458546589176858,0.08449804306600951,0.27147500545160463,0.3994414855906174,0.11204256825339509
17.499999999999716,-0.10153067288108658,-0.07119158788240494,0.3790401770179793,5.447196258329687,-17.044121865696386,0.12400290206646132,0.006876558084546816,46.61857986450195,0.2529165500320634,1,4,1,1,1,1,178.17821979500422,61.5369529428834,197.7490568616874,290.9809528501928,728.4451824497678,0.24460072506182173,0.08447712254192426,0.2714673137059614,0.3994548386902927,0.11205419391699577
17.519999999999715,-0.10152647622670331,-0.07119235022123713,0.379030386130576,5.445085525116352,-17.04459604599311,0.12399990364929578,0.0068279251745956004,46.62059783935547,0.2529419869109072,1,4,1,1,1,1,178.19086620809486,61.52235259896929,197.7453311198683,290.9932413209478,728.4517912478802,0.24461586662151458,0.08445631315365143,0.2714597362457151,0.39946808397911887,0.1120657502931246
17.539999999999715,-0.10152231468632121,-0.07119308969668924,0.3790206638566048,5.442990156449212,-17.045066427935513,0.12399692092882496,0.00677906947993395,46.62260055541992,0.2529672353672931,1,4,1,1,1,1,178.2034271687993,61.5078768089425,197.74174042950145,291.0054236556965,728.4584680629398,0.24463086775923412,0.08443566724194924,0.2714523189706627,0.3994811460281539,0.11207719534961909
17.559999999999715,-0.10151818779183805,-0.07119380651950181,0.37901100989188125,5.4409100254622675,-17.045533079870943,0.12399395363998664,0.0067298676669325696,46.62458801269531,0.252992232651776,1,4,1,1,1,1,178.21592279781606,61.49348968572784,197.73817874220964,291.0174438912101,728.4650351169637,0.24464581579979522,0.08441515614521475,0.27144498254533306,0.39949404550965695,0.11208854170038562
17.579999999999714,-0.10151409511734712,-0.07119450110422433,0.37900142402670245,5.438845033424671,-17.04599605624124,0.12399100166936791,0.006682395328665114,46.626583099365234,0.2530172340908196,1,4,1,1,1,1,178.2284416676924,61.47914163845175,197.7346966932779,291.0293492035104,728.4716292029325,0.2446607863956261,0.084394695927582,0.27143774550236377,0.39950677217442804,0.1120998169011346
17.599999999999714,-0.1015100364403254,-0.0711951744540956,0.37899190626839574,5.436795164031335,-17.046455480999537,0.12398806540818877,0.006634552903107237,46.628543853759766,0.25304194490705395,1,4,1,1,1,1,178.24083250310446,61.46463257325989,197.73130268805926,291.0410984573416,728.4778662217652,0.24467570089335275,0.08437405640344968,0.27143076249329084,0.39951948020990674,0.11211116569783454
17.619999999999713,-0.10150601054005257,-0.07119582521817559,0.37898245347343146,5.4347600707947095,-17.046911108987953,0.12398514307873452,0.006586252949260049,46.63050079345703,0.2530665928566736,1,4,1,1,1,1,178.25259678122373,61.4506757908747,197.7279822244915,291.05273226153884,728.4839870581288,0.24468979407642105,0.08435418881207514,0.27142392384352293,0.3995320932679808,0.11212221510589868
17.639999999999713,-0.10150201668911263,-0.07119645268281928,0.3789730626406514,5.432739570656034,-17.04736267448229,0.12398223367311069,0.0065386416970692205,46.6324462890625,0.25309102299162584,1,4,1,1,1,1,178.26418834134307,61.436760766336675,197.72468846375568,291.064339387995,728.4899769594305,0.24470369391406271,0.08433439403347905,0.2714171707468351,0.3995447413056231,0.11213325634415439
17.659999999999712,-0.10149805363126733,-0.07119705615585832,0.37896372992226307,5.4307334236003655,-17.047809862605554,0.12397933576284421,0.006491407689322366,46.63437271118164,0.2531152896598644,1,4,1,1,1,1,178.2755425189581,61.42324581700345,197.7213934573968,291.07583941333985,728.4960212066982,0.2447172494142909,0.08431514247018194,0.27141039580406545,0.39955721231146174,0.11214404160641939
17.679999999999712,-0.1014941207198959,-0.07119763618275331,0.37895445414154116,5.428741497761773,-17.048252602152854,0.1239764491293266,0.0064465916418999,46.63629150390625,0.2531394948874099,1,4,1,1,1,1,178.28708740961568,61.409776232445,197.71814471487778,291.08729201290487,728.5023003698434,0.24473098756051084,0.08429592631522057,0.27140359696119143,0.3995694891630771,0.1121547464211828
17.69999999999971,-0.10149021725269397,-0.07119819372938878,0.378945234769766,5.426763760635203,-17.04869094552476,0.12397357374991896,0.006401569693462242,46.6381950378418,0.2531634261554748,1,4,1,1,1,1,178.298581178968,61.396386052535135,197.7149259973703,291.0986214036516,728.508514632525,0.2447446771008648,0.08427682699563883,0.2713968636277393,0.39958163227575705,0.11216536784675504
17.71999999999971,-0.10148634284829322,-0.07119872957445274,0.37893607231514387,5.424800145322078,-17.049125002515755,0.12397070975733489,0.00635704953544209,46.64008331298828,0.2531872671405072,1,4,1,1,1,1,178.31010093450925,61.383175778124524,197.7117569749562,291.10986094703185,728.5148946346218,0.2447583463944668,0.08425795578127547,0.2713901368813005,0.3995935609429573,0.11217583472579676
17.73999999999971,-0.1014824974112228,-0.07119924444481635,0.3789269671178534,5.42285058308082,-17.049554927009154,0.12396785748867144,0.006313254545511756,46.6419563293457,0.25321091899347425,1,4,1,1,1,1,178.32147574179302,61.370014165958345,197.70869671914215,291.1209404349694,728.5211270618629,0.24477186606923307,0.08423916875748624,0.27138361452399384,0.3996053506492869,0.11218623631222994
17.75999999999971,-0.10147868070051101,-0.07119973880610826,0.37891791995955126,5.42091497617278,-17.049980872508424,0.12396501701195504,0.006269203633626579,46.64380645751953,0.2532343044474432,1,4,1,1,1,1,178.33290359314077,61.356977741286656,197.70569923628682,291.13189845004126,728.5274790207554,0.2447854181599925,0.08422054007318867,0.2713771339168035,0.3996169078500154,0.11219650414171593
17.77999999999971,-0.10147489281450252,-0.07120021306800987,0.37890893116947294,5.4189932719496,-17.050402970374964,0.1239621886409109,0.0062271980294550024,46.64566421508789,0.253257731313066,1,4,1,1,1,1,178.34420818693889,61.343898041621166,197.7027572501354,291.14275392680423,728.5336174054996,0.24479887259296235,0.08420187699791118,0.2713708091525098,0.3996284412566168,0.11220678592896892
17.79999999999971,-0.10147113374311725,-0.0712006674814023,0.37890000083456865,5.41708535251471,-17.050821299436166,0.12395937250934601,0.0061840838521224385,46.647499084472656,0.25328091905463973,1,4,1,1,1,1,178.35542075948248,61.33097003999357,197.69990476686206,291.15347261085674,728.5397681771949,0.24481219632763138,0.08418342102785074,0.27136460273336466,0.3996397799111532,0.1122169340505065
17.81999999999971,-0.10146740347955957,-0.07120110231932084,0.3788911291874003,5.415191145116854,-17.05123595088956,0.12395656876652457,0.006141633038628582,46.64931869506836,0.2533038583056953,1,4,1,1,1,1,178.3666208706113,61.31810003756526,197.69709444006781,291.1640782260908,728.5458935743352,0.24482551125986432,0.08416504791033982,0.2713584637340301,0.3996509770957657,0.11222700832141182
17.83999999999971,-0.10146370207491559,-0.07120151781478315,0.3788823166391267,5.41331053288811,-17.05164705416279,0.12395377758614746,0.00609975329035837,46.651126861572266,0.2533267356490139,1,4,1,1,1,1,178.37771884402912,61.305336224965785,197.69435956426028,291.1745502905751,728.5519649238303,0.24483870393881707,0.08414682709884012,0.2713524485311478,0.399662020431195,0.11223698293815185
17.859999999999708,-0.10146002928094514,-0.07120191427503424,0.378873563239916,5.411443439525067,-17.052054696927,0.12395099893957923,0.006058459600136574,46.65292739868164,0.25334944796269554,1,4,1,1,1,1,178.3887914033474,61.29256511952051,197.69167369589215,291.1848927520493,728.5579229708094,0.24485189959356846,0.08412860966440451,0.27134654289362925,0.39967294784839774,0.11224692343311345
17.879999999999708,-0.101456384454132,-0.07120229191051856,0.37886486889547555,5.409589795343626,-17.05245894941425,0.12394823241908429,0.006017970067666416,46.65471267700195,0.25337198297153324,1,4,1,1,1,1,178.39980035633852,61.27980255684644,197.689051713732,291.1951535992739,728.5638082261909,0.2448650321935183,0.08411041265698094,0.2713407521505065,0.39968380299899425,0.11225683906315222
17.899999999999707,-0.10145276436535021,-0.07120265016282076,0.37885623437944294,5.407749427965693,-17.05286002662005,0.12394547505891577,0.0059761952356669566,46.65648651123047,0.253394327039185,1,4,1,1,1,1,178.4107220657156,61.267165426506836,197.6863773339829,291.20538037702295,728.5696452032282,0.24487806106161542,0.08409239367832418,0.2713349075623923,0.39969463769766816,0.11226668131062825
17.919999999999707,-0.1014491662798841,-0.07120298830456283,0.37884766022074046,5.4059221566676054,-17.053258105793315,0.12394272420107315,0.005935039411251997,46.65824508666992,0.25341652052972685,1,4,1,1,1,1,178.4215181273541,61.25455810943659,197.68373384681442,291.21556216556,728.5753722491652,0.2448909542145981,0.08407442859390005,0.2713291464087653,0.39970547078273644,0.11227650919057536
17.939999999999706,-0.10144558872787383,-0.07120330619713935,0.3788391458797996,5.404107846569913,-17.053653199759072,0.12393997856119109,0.0058939729413901906,46.659996032714844,0.2534385268818646,1,4,1,1,1,1,178.4322525102623,61.242019061756174,197.68112613308531,291.2257066032363,728.5811043083401,0.2449037608237897,0.08405655691536872,0.2713234325789287,0.39971624968191294,0.11228628829056601
17.959999999999706,-0.10144203113160256,-0.07120360442397115,0.3788306912121144,5.402306420153575,-17.05404535186284,0.12393723800000704,0.005854443358115075,46.6617317199707,0.2534604092896602,1,4,1,1,1,1,178.4430949354262,61.229522908228184,197.6785914560529,291.2358241112666,728.5870334109738,0.24491664928487938,0.08403872166318183,0.2713177457065015,0.3997268833454373,0.1122960064294686
17.979999999999706,-0.1014384934027777,-0.07120388346970893,0.3788222958481386,5.400517805752747,-17.05443463469889,0.12393450272217686,0.005815367735490887,46.663455963134766,0.253482108376255,1,4,1,1,1,1,178.4537090681933,61.21716895563675,197.676101854896,291.24581996252016,728.5927998412462,0.2449292788881207,0.084021100632583,0.27131218136930235,0.39973743910999393,0.11230562874779561
17.999999999999705,-0.10143497581999897,-0.0712041439897671,0.37881395910550103,5.39874190592259,-17.0548210354511,0.12393177333080997,0.005777160786745641,46.6651725769043,0.2535036625052485,1,4,1,1,1,1,178.46439565211847,61.204817855449306,197.67373049814336,291.25575157135063,728.5986955770618,0.24494196426027337,0.08400346888759404,0.2713067312611404,0.39974783559099214,0.11231520726076855
18.019999999999705,-0.10143147826424102,-0.07120438665970878,0.37880568007560006,5.396978636998144,-17.055204559789807,0.123929050115195,0.005737714781847822,46.6668815612793,0.25352504318755376,1,4,1,1,1,1,178.47491996123955,61.192499547188774,197.67139203297918,291.2655794001671,728.6043909415746,0.24495449407132536,0.08398590553113436,0.27130140099420574,0.39975819940333457,0.11232475758402354
18.039999999999704,-0.10142800098817266,-0.07120461187661653,0.37879745835951234,5.395227895717936,-17.055585205148784,0.12392633350888888,0.005700118309161822,46.6685676574707,0.25354627917338257,1,4,1,1,1,1,178.48546885327283,61.18034890355176,197.66913421377492,291.2753035350181,728.6102555056176,0.24496700053914724,0.08396855306558344,0.27129611849424606,0.3997683279010233,0.11233415460123686
18.059999999999704,-0.10142454429393898,-0.07120482002602482,0.3787892937489225,5.393489617556535,-17.0559630185141,0.12392362397933565,0.005661857075598987,46.67023849487305,0.25356725917126127,1,4,1,1,1,1,178.49594120641734,61.16823313002955,197.6669514680445,291.2849451808514,728.6160709853427,0.24497941826211525,0.0839512543928777,0.2712909573909479,0.39977836995405924,0.11234351019463006
18.079999999999703,-0.10142110820793351,-0.07120501146423866,0.3787811854767996,5.3917636953163575,-17.05633798986968,0.12392092175152554,0.0056236252417348,46.671913146972656,0.2535882194915802,1,4,1,1,1,1,178.50631450875613,61.15613529536433,197.6648446697543,291.2945063358433,728.621800809718,0.244991728644932,0.08393399048367955,0.27128593249624045,0.3997883483751481,0.11235283989493752
18.099999999999703,-0.10141769272558886,-0.07120518648556566,0.3787731327972483,5.390050034809593,-17.056710105197972,0.12391822698951975,0.005584826749826555,46.67356872558594,0.2536089234009552,1,4,1,1,1,1,178.51660907716388,61.14415328014716,197.66280340026748,291.30394448637537,728.6275102439539,0.24500393763254177,0.08391688814998943,0.2712810052067447,0.39979816901072407,0.11236206355186969
18.119999999999703,-0.10141429823788932,-0.071205345303835,0.37876513560207337,5.38834855520286,-17.05707938895951,0.12391554013489163,0.005547590389303809,46.67521667480469,0.253629551602701,1,4,1,1,1,1,178.526950798018,61.1322680060466,197.66079495101025,291.3133087798902,728.633322534965,0.24501617655491043,0.08389990701133908,0.2712760847436058,0.39980783169014467,0.11237119026322252
18.139999999999702,-0.1014109248811371,-0.07120548800900753,0.37875719353333515,5.386659150655558,-17.05744588385023,0.12391286134961353,0.005509859521870608,46.676849365234375,0.25365002309659246,1,4,1,1,1,1,178.53712941958975,61.12043537731837,197.6588719424367,291.32259192115504,728.6390286604999,0.24502822714260186,0.08388301061731442,0.27127132114485364,0.39981744109523004,0.11238027790329033
18.1599999999997,-0.10140757283819549,-0.07120561486547622,0.37874930610466195,5.384981732821261,-17.0578095992027,0.1239101909340166,0.005472876649722075,46.678470611572266,0.253670302324069,1,4,1,1,1,1,178.5472644732568,61.10865900681948,197.65698227184944,291.33177479773275,728.6446805496585,0.24504023598795557,0.08386619793988163,0.27126662356574877,0.3998269425064141,0.1123893026768043
18.1799999999997,-0.10140424228741118,-0.07120572621065727,0.37874147280251297,5.383316228587033,-17.058170528240176,0.12390752922672243,0.005436124507952361,46.68008041381836,0.2536904043462384,1,4,1,1,1,1,178.5573966916466,61.09693562899972,197.65516992445407,291.34089871858123,728.6504009636816,0.24505221771029603,0.08384945036494257,0.27126200666745515,0.3998363252573063,0.11239826843390223
18.1999999999997,-0.10140093327573707,-0.07120582237965717,0.37873369351005975,5.381662558488471,-17.05852873057372,0.1239048764575219,0.005398522033686829,46.68167495727539,0.2537103930992451,1,4,1,1,1,1,178.56749016827013,61.085281267517104,197.6533710814644,291.3498870733822,728.6560295906338,0.24506417694586444,0.0838328083304758,0.2712574425446092,0.3998455721790506,0.11240715313288846
18.2199999999997,-0.1013976458799941,-0.0712059036844606,0.3787259675662643,5.380020639975811,-17.05888419216226,0.12390223286739172,0.00536150075566627,46.68327331542969,0.25373027307443696,1,4,1,1,1,1,178.57742906883632,61.073669149637354,197.65169993716876,291.3588330628397,728.6616312184822,0.2450759329405278,0.08381622763299444,0.2712530637940298,0.399854775632448,0.112416012132413
18.2399999999997,-0.10139438041517149,-0.07120597009925697,0.3787182946433176,5.378390355433826,-17.059236924927617,0.12389959869811036,0.005325940282559231,46.684852600097656,0.2537500038636232,1,4,1,1,1,1,178.58733944996797,61.06222910029493,197.6500153531083,291.3676884598027,728.6672723631739,0.24508763632375483,0.08379987878728413,0.27124865195619474,0.39986383293276634,0.11242473620078539
18.2599999999997,-0.10139113719619701,-0.07120602198074344,0.378710674457629,5.376771654836781,-17.059586965027865,0.12389697441124284,0.005290588481032243,46.686424255371094,0.25376960967818335,1,4,1,1,1,1,178.59728841887863,61.05069023037917,197.64842537948144,291.37645876146564,728.6728627902048,0.24509940954161663,0.08378340040907564,0.2712443889054054,0.3998728011439024,0.11243348516911487
18.2799999999997,-0.10138791605287735,-0.07120605951718932,0.37870310660142376,5.37516444454591,-17.059934337871912,0.12389435997458001,0.005253842534299464,46.68796920776367,0.25378894128963553,1,4,1,1,1,1,178.6070668734393,61.039362455735194,197.64686964753105,291.38512046081405,728.6784194375196,0.24511095993663354,0.0837672158630039,0.2712401854855237,0.3998816387148389,0.11244208769182393
18.2999999999997,-0.10138471702080125,-0.0712060827536892,0.37869559055148927,5.373568629707679,-17.060279046509272,0.12389175544205183,0.005217490507030461,46.68951416015625,0.25380820869313475,1,4,1,1,1,1,178.6167687083294,61.02804685980304,197.64534368033512,291.39371281045976,728.6838720589274,0.2451224400008197,0.08375106023324723,0.27123606169830516,0.39989043806762786,0.11245067174729838
18.3199999999997,-0.10138154008580512,-0.07120609194134997,0.3786881258005555,5.37198412507122,-17.060621082861214,0.12388916094529696,0.005181296277443585,46.691043853759766,0.2538273291872661,1,4,1,1,1,1,178.62646514307684,61.01679455341399,197.6438664134497,291.4022301491775,728.6893562591181,0.2451339018592145,0.08373498807044018,0.2712319930513279,0.39989911701901737,0.11245918805845204
18.339999999999698,-0.10137838541717407,-0.07120608741692017,0.37868071218986116,5.3704108577116525,-17.060960488477146,0.12388657681532399,0.005145715584084446,46.69257736206055,0.2538463804879599,1,4,1,1,1,1,178.6361574491284,61.00559798996497,197.64244145534008,291.4106831845718,728.6948800790052,0.24514534455046624,0.0837189880946477,0.2712279815029188,0.3999076858519673,0.11246764432046888
18.359999999999697,-0.10137525332624572,-0.07120606942501917,0.3786733494727479,5.368848763760158,-17.06129728209662,0.12388400344645446,0.005111034310021331,46.694091796875,0.25386524810250194,1,4,1,1,1,1,178.64577172655152,60.99446496179769,197.64108241473542,291.41905120741853,728.7003703105031,0.2451566912892189,0.08370307940945278,0.2712240729760018,0.39991615632532657,0.11247604037995948
18.379999999999697,-0.10137214372450848,-0.07120603813240432,0.37866603702000773,5.3672977473666945,-17.061631483076933,0.1238814408610742,0.005075234961534662,46.695594787597656,0.2538839841472189,1,4,1,1,1,1,178.65524659084423,60.98340592465405,197.63974542933158,291.4273079744229,728.7057059192528,0.2451678985626618,0.08368729025900007,0.27122025232396335,0.3999245588543747,0.11248437567287552
18.399999999999697,-0.10136905650098917,-0.07120599361770084,0.3786587747611779,5.365757720065525,-17.06196312041699,0.12387888901255446,0.005040966637611727,46.697086334228516,0.2539025647169296,1,4,1,1,1,1,178.6647338888634,60.972482371100995,197.6384652080846,291.43547919916034,728.7111606672094,0.24517908264953375,0.08367167358226608,0.27121646528252213,0.399932778485678,0.11249258850758137
18.419999999999696,-0.10136599180956574,-0.07120593614627095,0.3786515625362577,5.364228610919442,-17.062292245827788,0.12387634817834986,0.005005662021281583,46.698570251464844,0.253921001827544,1,4,1,1,1,1,178.67416777451194,60.96152368479131,197.63724050503174,291.44359279395144,728.7165247582864,0.24519022377566882,0.08365601933483272,0.2712127882245947,0.39994096866490386,0.11250081146295443
18.439999999999696,-0.10136294969656684,-0.07120586586923001,0.37864439990987486,5.362710347094595,-17.062618867419438,0.12387381848225845,0.004970415833744325,46.700035095214844,0.2539392874816861,1,4,1,1,1,1,178.68349286257035,60.95067803157867,197.6360263366653,291.4516192524942,728.7218164833085,0.24520123978841124,0.08364052873525402,0.27120915260973555,0.3999490788665992,0.11250895096215546
18.459999999999695,-0.1013599302177097,-0.07120578285039106,0.37863728628718746,5.361202851171628,-17.06294296577609,0.12387130000559461,0.004936271555281246,46.701499938964844,0.25395755609114395,1,4,1,1,1,1,178.69278754691433,60.93986962299498,197.63488861138478,291.4595844103965,728.7271301916905,0.24521220652222658,0.08362508694710577,0.2712056137657414,0.39995709276492625,0.11251704580355194
18.479999999999695,-0.10135693323555696,-0.07120568730184423,0.3786302211986524,5.359706037850002,-17.06326455498781,0.12386879275687307,0.00490194920363291,46.70295715332031,0.2539756451572955,1,4,1,1,1,1,178.70202499319748,60.92913268427701,197.63375322247603,291.4674584509927,728.7323693509433,0.24522311963768154,0.083609752011626,0.2712021059233331,0.3999650224273593,0.11252507549303302
18.499999999999694,-0.10135395870402672,-0.07120557944952631,0.378623204396029,5.35821981936647,-17.063583659347337,0.12386629682734669,0.0048664792910038945,46.70438766479492,0.2539934725171947,1,4,1,1,1,1,178.71118948776117,60.918492827381435,197.63268837163884,291.4752617307073,728.7376324174887,0.24523392444398806,0.08359454777337703,0.27119868602918046,0.3999728417534545,0.11253302577457315
18.519999999999694,-0.10135100660460851,-0.07120545936138117,0.3786162358113225,5.356744112236632,-17.063900328570796,0.12386381224002717,0.004832386011674724,46.70582580566406,0.25401133086478295,1,4,1,1,1,1,178.72031863863128,60.907955480818956,197.63163870797342,291.4829870942824,728.7428999217061,0.24524467910127487,0.08357948391313688,0.27119528537321785,0.39998055161237034,0.1125408894974075
18.539999999999694,-0.10134807713836563,-0.07120532715399787,0.37860931531787256,5.355278858854484,-17.06421460389815,0.12386133922557101,0.004798484609207629,46.707244873046875,0.25402900214763,1,4,1,1,1,1,178.72939307854665,60.89741406088149,197.6306442632885,291.4906634806283,728.7481148833449,0.24525537621069105,0.08356442070608952,0.2711919800916733,0.39998822299154624,0.11254874562402875
18.559999999999693,-0.10134517060122951,-0.0712051831531453,0.37860244289637096,5.3538240089216735,-17.064526520423094,0.12385887821252572,0.004765490525249682,46.70865249633789,0.25404650236932935,1,4,1,1,1,1,178.73850029680682,60.88695131978896,197.62968081042274,291.4982244757384,728.753356902757,0.24526610903921672,0.08354946257614779,0.27118870731568234,0.3999957210689531,0.11255650668555621
18.579999999999693,-0.1013422867709207,-0.07120502750920871,0.3785956179878098,5.35237948583562,-17.064836110462025,0.12385642910461572,0.004732258336680094,46.710060119628906,0.2540640028320758,1,4,1,1,1,1,178.74740368440118,60.87651691210682,197.62873992159956,291.50570717288593,728.7583676909935,0.24527663984256748,0.08353457004547157,0.2711855515947882,0.40000323851717273,0.11256425794089578
18.599999999999692,-0.10133942554758844,-0.07120486020244336,0.3785888401560208,5.350945182407503,-17.065143357561546,0.12385399180795395,0.004698604212651061,46.711448669433594,0.2540812524752884,1,4,1,1,1,1,178.75629508585692,60.86619954466463,197.62784364566977,291.51313193971635,728.7634702159077,0.2452871231771504,0.08351982780727478,0.2711824229981223,0.4000106260174525,0.11257191246430676
18.619999999999692,-0.10133658675899808,-0.07120468145550785,0.3785821087475994,5.349521031059978,-17.065448250190958,0.12385156630880487,0.0046645345296999225,46.71282958984375,0.25409843938980353,1,4,1,1,1,1,178.76515916368876,60.855866621269875,197.62697070911227,291.5204833265402,728.7684798206111,0.2452976001482562,0.08350507507713528,0.271179361047227,0.4000179637273816,0.1125795578299129
18.63999999999969,-0.10133377039650972,-0.07120449161374623,0.37857542369719344,5.34810697480372,-17.065750817693786,0.12384915279784761,0.004631347884528081,46.71419906616211,0.25411542664768644,1,4,1,1,1,1,178.7739988291824,60.845670882858016,197.6261652168702,291.5277528060991,728.7735877350098,0.2453080103860551,0.08349049952806767,0.2711763551023878,0.40002513498348935,0.11258708591151388
18.65999999999969,-0.10133097663024836,-0.07120429064331905,0.3785687849418,5.346702936052633,-17.0660511200229,0.1238467513940442,0.004598797471386216,46.71556854248047,0.2541324238393671,1,4,1,1,1,1,178.78273962988644,60.83553024151161,197.62537465495447,291.5349710592734,728.7786155856259,0.2453183117704705,0.08347600895592402,0.2711733994776292,0.4000322797959764,0.11259457760494444
18.67999999999969,-0.10132820519701417,-0.07120407864059244,0.37856219188581347,5.345308856621916,-17.066349140844633,0.12384436193668198,0.004565331175632516,46.71691131591797,0.25414915684758843,1,4,1,1,1,1,178.79144847355644,60.82537881367101,197.6246196005108,291.542109637841,728.7835565255793,0.24532859841944182,0.0834615137361927,0.27117052495348726,0.4000393628908781,0.11260205475842126
18.69999999999969,-0.10132545595165868,-0.07120385564579014,0.3785556443224246,5.343924630540065,-17.066644910850773,0.12384198432937855,0.004532359569777458,46.718257904052734,0.25416590121585264,1,4,1,1,1,1,178.80005642343062,60.81541016844843,197.62388645911574,291.54917854197095,728.7885315929657,0.2453387349998695,0.08344726560874909,0.2711676678379597,0.4000463315534218,0.11260940513445312
18.71999999999969,-0.10132272904551774,-0.07120362190784257,0.3785491419719322,5.34255021763507,-17.066938446239316,0.12383961883834432,0.004499810034274802,46.7195930480957,0.25418242956923204,1,4,1,1,1,1,178.80866150533933,60.805413009430296,197.62319253359513,291.5561831703634,728.7934502187281,0.24534888650779535,0.08343298501266876,0.27116488557119134,0.4000532429083446,0.11261675211426082
18.73999999999969,-0.10132002436472218,-0.07120337742926829,0.378542684449278,5.34118550085793,-17.067229768242917,0.12383726537114233,0.004466953281584518,46.72092056274414,0.25419892151272255,1,4,1,1,1,1,178.8171281671975,60.7955437089569,197.62252677591903,291.5631349516641,728.7983336037375,0.24535885981378217,0.08341888408050706,0.2711621551036235,0.4000601010020872,0.1126240195124891
18.75999999999969,-0.10131734206377775,-0.0712031224986648,0.3785362713035496,5.339830433130651,-17.067518871710142,0.12383492421941564,0.004434883836889401,46.722232818603516,0.25421519382465146,1,4,1,1,1,1,178.82564068296682,60.78566583344393,197.62191378931703,291.56999039992536,728.8032107056531,0.24536889801819273,0.08340477229043639,0.2711594994181934,0.4000668302731775,0.11263125117505626
18.77999999999969,-0.10131468184025355,-0.07120285741493562,0.37852990255635804,5.33848497518564,-17.067805803291584,0.12383259530690398,0.0044034724929224505,46.723541259765625,0.25423146910004063,1,4,1,1,1,1,178.83413699550493,60.775868020402754,197.62128223733146,291.5767808701055,728.8080681233446,0.24537892048313434,0.08339077279550225,0.27115682561829946,0.400073481103064,0.11263841481286035
18.799999999999688,-0.10131204361658684,-0.07120258227150664,0.37852357799383,5.337149054868369,-17.068090606357245,0.12383027862320212,0.004370896357187614,46.72483444213867,0.25424753698475566,1,4,1,1,1,1,178.8424716348176,60.76615332291351,197.62071602455057,291.58350004690277,728.8128410291845,0.2453887494384255,0.08337689719778167,0.2711542729481588,0.400080080415634,0.11264552345822336
18.819999999999688,-0.10130942752666117,-0.07120229710603694,0.3785172971214287,5.335822595522439,-17.06837324912907,0.12382797429884802,0.00433949740076797,46.72612380981445,0.2542635215570286,1,4,1,1,1,1,178.85081871980137,60.75649255881285,197.62020681497967,291.59015207660485,728.8176701701987,0.2453985764066819,0.08336308935076255,0.2711517776027988,0.4000865566397569,0.11265256906695949
18.839999999999687,-0.1013068334574666,-0.0712020018387801,0.37851105963080206,5.334505509216363,-17.06865378275172,0.12382568219488443,0.004307818120647873,46.72740173339844,0.2542793923648848,1,4,1,1,1,1,178.85904457556302,60.74688579912183,197.61965776703977,291.5967535859969,728.8223417277216,0.2454082899703182,0.08334937380640296,0.2711492862561942,0.4000930499670846,0.1126595878845681
18.859999999999687,-0.10130426101543218,-0.07120169671261997,0.37850486500260994,5.3331977262244585,-17.0689321852386,0.12382340212834862,0.004276329464553609,46.72867965698242,0.25429523709078344,1,4,1,1,1,1,178.8672871753431,60.73730243307537,197.6191516992066,291.60327803992686,728.827019347552,0.24541802434199766,0.08333568984235461,0.27114685165777175,0.40009943415787597,0.11266656142219471
18.879999999999686,-0.10130171008243896,-0.07120138184188815,0.3784987129392809,5.331899184345648,-17.069208468218662,0.12382113406773851,0.004244869150988301,46.72993469238281,0.25431081781118287,1,4,1,1,1,1,178.8754321746856,60.72785309860193,197.61870175844774,291.6097403957167,728.831727427452,0.245427614418022,0.08332218647087751,0.2711444827683064,0.400105716342794,0.11267343904297249
18.899999999999686,-0.1012991808831236,-0.07120105742569012,0.37849260357317827,5.33060981694911,-17.06948268785137,0.12381887831073345,0.004214479169814517,46.731197357177734,0.25432646270295495,1,4,1,1,1,1,178.88363061498723,60.71841124989962,197.61827510150286,291.61615787601374,728.8364748424035,0.24543726444764893,0.08330868904856714,0.2711421312225543,0.4001119152812295,0.11268028723390208
18.919999999999686,-0.10129667357292965,-0.07120072364524112,0.3784865370925145,5.329329607510281,-17.06975490281865,0.12381663508812805,0.004184479180913248,46.73242950439453,0.25434180862365,1,4,1,1,1,1,178.89177048342856,60.70905774165862,197.61784792516917,291.6224909695802,728.8411671198365,0.2454468525568549,0.08329531931019038,0.27113979950679257,0.4001180286261622,0.11268706154359852
18.939999999999685,-0.10129418789614922,-0.0712003804631407,0.3784805130012707,5.328058469408789,-17.070025141283626,0.12381440416864417,0.004152379015622692,46.733665466308594,0.25435712070683675,1,4,1,1,1,1,178.89973208240906,60.69973416623199,197.6174693235403,291.62876347338147,728.8456990455628,0.2454562499534286,0.08328200913543078,0.27113759411947425,0.40012414679166636,0.11269382356354953
18.959999999999685,-0.10129172281453819,-0.07120002756146271,0.3784745299118653,5.326795763544734,-17.070293205628836,0.12381218451949827,0.004123080840427171,46.73489761352539,0.25437239656026295,1,4,1,1,1,1,178.90781383474842,60.69046623771693,197.61688015482588,291.6335284237757,728.8486886510669,0.24546633151781624,0.08326895168054864,0.2711356736067808,0.4001290431948544,0.11270009198423973
18.979999999999684,-0.10128927646485378,-0.07119966262140609,0.3784685834700324,5.325540154811229,-17.0705586587484,0.12380997328234762,0.0040944516197950484,46.73611068725586,0.2543875076903472,1,4,1,1,1,1,178.91616826117672,60.68132949711274,197.61593863168505,291.6376515324118,728.8510879223863,0.24547698593848993,0.08325614175878757,0.2711334892769327,0.40013338302578977,0.11270606570317422
18.999999999999684,-0.10128684880981721,-0.07119928577989888,0.3784626702814012,5.3242917597507855,-17.070821615171415,0.12380777050488584,0.004066812115004508,46.7373161315918,0.2544024659895892,1,4,1,1,1,1,178.92470714251948,60.67225505339581,197.61484593991628,291.64207858116094,728.8538867169925,0.24548775879958276,0.08324337176369384,0.27113094893414263,0.40013792050258074,0.11271207295260006
19.019999999999683,-0.10128444019828432,-0.07119889896097545,0.378456788791125,5.323050725420297,-17.071082192741425,0.12380557757845574,0.0040396414631470815,46.738525390625,0.25441744729626664,1,4,1,1,1,1,178.93313069102572,60.663374881795555,197.61366780287398,291.6466554992494,728.8568288749447,0.24549832505133407,0.08323085203912388,0.2711282380490394,0.40014258486050264,0.11271802431353886
19.039999999999683,-0.1012820513347434,-0.07119850431119552,0.37845093874778396,5.3218171891561985,-17.071340477779202,0.12380339631336826,0.004013180508253584,46.73971176147461,0.25443228757767494,1,4,1,1,1,1,178.94156094086657,60.654589503613984,197.6124835356558,291.6512531704896,728.859887150626,0.24550886129899827,0.08321844921488884,0.27112547558103883,0.40014721390507396,0.11272391890266606
19.059999999999683,-0.10127968255835795,-0.07119810389908553,0.37844512002343256,5.3205912506762125,-17.0715965464499,0.12380122817624523,0.003987421154626628,46.740901947021484,0.2544470111575414,1,4,1,1,1,1,178.95002376338633,60.645764898685826,197.61130950971074,291.6557318274987,728.8628299992815,0.2455194810298705,0.08320600585263156,0.27112277012384556,0.40015174299365247,0.11272979738694952
19.079999999999682,-0.10127733387650946,-0.07119769888396271,0.3784393329017817,5.3193728886273055,-17.07185049029845,0.1237990738394492,0.00396029365993704,46.74207305908203,0.25446159890196224,1,4,1,1,1,1,178.95830278768528,60.637177936309314,197.6101482054202,291.6601245870322,728.8657535164471,0.2455298550169116,0.0831938908417118,0.2711200893333796,0.4001561648079969,0.11273552263150338
19.09999999999968,-0.10127500545351756,-0.07119728993930978,0.3784335775661527,5.318162089589357,-17.072102363988318,0.1237969338243567,0.003934788360411503,46.743247985839844,0.25447618625430385,1,4,1,1,1,1,178.96657125046696,60.62853343236927,197.6090832797999,291.66445223605734,728.8686401986935,0.2455402268393379,0.08318170118533513,0.2711175544964187,0.40016051747890824,0.11274125965402607
19.11999999999968,-0.10127269714924682,-0.07119687743990036,0.3784278540603705,5.316958786158011,-17.072352220103912,0.12379480823150564,0.003908422621336707,46.744407653808594,0.2544905776623983,1,4,1,1,1,1,178.97481364503363,60.61998218454968,197.60796661117504,291.66868326777785,728.8714457085362,0.2455505901607274,0.08316964883378163,0.27111497888229147,0.40016478212319956,0.11274691508137724
19.13999999999968,-0.10127040869628967,-0.07119646173763647,0.3784221626152035,5.31576295980779,-17.07260012080409,0.12379269704418058,0.0038856095872502796,46.74555969238281,0.25450493159989773,1,4,1,1,1,1,178.9829901331078,60.611424053010204,197.60691419226936,291.6728731121309,728.8742014905183,0.24556087973356006,0.08315759280416606,0.2711125099340479,0.4001690175282259,0.11275256818444122
19.15999999999968,-0.10126814022149089,-0.07119604290748666,0.37841650297989227,5.31457454825198,-17.07284607517418,0.1237906004089334,0.0038758805298597957,46.746707916259766,0.2545191627803644,1,4,1,1,1,1,178.9909594517771,60.60293450029103,197.60586773842385,291.67699744354417,728.8767591340361,0.24557095175380905,0.08314565355642861,0.2711101228871606,0.4001732718026018,0.11275819066445636
19.17999999999968,-0.10126589132308558,-0.07119562090844501,0.3784108748415389,5.313393455335512,-17.073090102736966,0.12378851797318681,0.0038689617609405673,46.74783706665039,0.2545331961082037,1,4,1,1,1,1,178.99891621538302,60.59452230076006,197.60483352283154,291.6810771988164,728.8793492377911,0.24558099554139795,0.08313381681635705,0.2711077405738992,0.40017744706834574,0.11276374972789686
19.19999999999968,-0.1012636609318135,-0.071195195773069,0.3784052771664646,5.312219598496228,-17.073332145110307,0.12378644888063844,0.003861676794170966,46.748958587646484,0.2545471206035544,1,4,1,1,1,1,179.0066928189406,60.586156303713224,197.6038217645767,291.6851505283121,728.8818214155426,0.24559083181865657,0.08312205699690851,0.27110543295045475,0.40018167823398015,0.11276930477993037
19.21999999999968,-0.10126144811230985,-0.07119476744112323,0.37839970918414095,5.311052911996268,-17.073572148697522,0.1237843923311725,0.003854361714772253,46.75006103515625,0.25456084848027416,1,4,1,1,1,1,179.0143540010048,60.57798400685559,197.60281030390772,291.6891947769572,728.8843430887252,0.24560049299784975,0.08311055736243408,0.27110310734148124,0.400185842298235,0.11277474239832669
19.23999999999968,-0.10125925221567668,-0.07119433617582009,0.37839417023400457,5.309893344403509,-17.07381007395868,0.1237823479450673,0.0038469218974086744,46.751155853271484,0.25457445041889215,1,4,1,1,1,1,179.0220372773489,60.56978887445685,197.60184417890022,291.6932294959151,728.886899826621,0.24561017260693332,0.0830990224805309,0.27110083090518355,0.4001899740073524,0.11278018469429102
19.25999999999968,-0.10125707257951883,-0.07119390208496129,0.378388659854599,5.308740831591561,-17.074045921357772,0.12378031524219431,0.0038391103815861036,46.75223922729492,0.25458790719575336,1,4,1,1,1,1,179.02957070354248,60.56173415922875,197.60086405781823,291.69724463506753,728.889413555657,0.24561966105421013,0.08308768522758128,0.27109855127938376,0.4001941024388248,0.11278555477704136
19.279999999999678,-0.10125490843596766,-0.07119346539495759,0.3783831770819351,5.307595319725952,-17.074279633149217,0.12377829372438133,0.0038312184867128865,46.75332260131836,0.2546013003742134,1,4,1,1,1,1,179.03701091378053,60.553680868148675,197.59990950277592,291.7012428451637,728.8918441298688,0.24562904957114734,0.08307635948435671,0.2710963376722445,0.4001982532722515,0.11279093239248442
19.299999999999677,-0.10125275902067132,-0.07119302642518893,0.3783777213140451,5.306456722937802,-17.07451117506981,0.12377628294982762,0.0038230271225767535,46.754390716552734,0.25461453483757773,1,4,1,1,1,1,179.04442270449996,60.545734469528966,197.5989913770335,291.70522728738035,728.8943758384428,0.24563836495314736,0.08306516894149935,0.27109413644430524,0.4002023296610481,0.11279623675986404
19.319999999999677,-0.10125062370949037,-0.07119258511973175,0.37837229219405016,5.305324988799873,-17.074740556931726,0.12377428237558505,0.0038146420585764137,46.755435943603516,0.2546275592047617,1,4,1,1,1,1,179.05161554207137,60.53798314130175,197.5980506477047,291.7091782821439,728.8968276132218,0.2456474068193948,0.08305425520856474,0.2710919339500228,0.4002064040220175,0.11280144087991581
19.339999999999677,-0.10124850213037019,-0.07119214189380398,0.3783668897379393,5.304200089615381,-17.074967790002244,0.12377229193592197,0.0038060571258299687,46.75648498535156,0.2546405602474295,1,4,1,1,1,1,179.0589934171635,60.53015188657366,197.59717682149346,291.7131180946737,728.8994402199044,0.24565664827941494,0.0830432135718366,0.2710897634410031,0.40021037470774523,0.11280665763866375
19.359999999999676,-0.10124639375408433,-0.07119169677274705,0.37836151366568704,5.303081948405369,-17.075192922518383,0.12377031121230102,0.0037971177020017033,46.75751495361328,0.25465337239277375,1,4,1,1,1,1,179.06601163111026,60.5225100392699,197.59629706180786,291.7170361320948,728.9018548642828,0.24566546296476538,0.08303245441807641,0.2710876584318737,0.4002144241852846,0.1128118035273986
19.379999999999676,-0.10124429821470914,-0.07119124994470681,0.3783561638024578,5.301970520209878,-17.07541594717499,0.12376834001342456,0.0037880493423753762,46.75852966308594,0.2546659877378413,1,4,1,1,1,1,179.0731315322749,60.51488277778615,197.59543359087778,291.7208939713197,728.9043418722586,0.24567439270880034,0.08302170710404612,0.2710855488709747,0.40021835131617883,0.11281690323287756
19.399999999999675,-0.10124221521176965,-0.07119080154725103,0.3783508406512555,5.3008657706179125,-17.07563694865472,0.12376637817245184,0.00377893844734106,46.759544372558594,0.25467859565075723,1,4,1,1,1,1,179.08016710219567,60.50741772406627,197.59459203119414,291.72474481084487,728.9069216683009,0.24568317542152324,0.08301117183189681,0.2710834348766306,0.4002222178699494,0.11282190575788162
19.419999999999675,-0.10124014462598836,-0.07119035150510007,0.3783455441481207,5.299767629831547,-17.075855979915143,0.1237644255483406,0.0037694325315729116,46.760536193847656,0.2546909113698716,1,4,1,1,1,1,179.08700350522744,60.4999729493278,197.5937574316642,291.72857769980436,728.9093115860237,0.24569174883437078,0.08300068607669003,0.27108140106170775,0.40022616402723155,0.11282692243877747
19.439999999999674,-0.10123808596027171,-0.07118990003971837,0.37834027404078074,5.2986760845063925,-17.076073038715034,0.12376248186168723,0.003760020479218183,46.761531829833984,0.2547033032417604,1,4,1,1,1,1,179.09389343642488,60.4925138232432,197.59294927417105,291.7323942235984,728.9117507574376,0.24570037902437733,0.08299017509373846,0.27107938521891756,0.40023006066296657,0.11283193249670091
19.459999999999674,-0.10123603902939932,-0.07118944720989744,0.37833503048285744,5.297591087848388,-17.076288175089292,0.12376054699464137,0.003750308313041985,46.76251220703125,0.25471548711974595,1,4,1,1,1,1,179.10063584424205,60.485239450474246,197.59215986692834,291.7361828852812,728.9142180469258,0.24570879729048167,0.08297991444389735,0.27107738465626663,0.40023390360935435,0.11283683500691942
19.479999999999674,-0.10123400363868229,-0.07118899325547769,0.37832981368220464,5.296512588372047,-17.076501443817143,0.12375862092575687,0.003740205381679823,46.763465881347656,0.25472743752777555,1,4,1,1,1,1,179.10741353328993,60.47793774831714,197.59139110439338,291.73992376752426,728.9166661535247,0.2457172703684158,0.0829696185538708,0.2710754195634986,0.40023769151421473,0.1128417335922691
19.499999999999673,-0.10123197953695645,-0.07118853817006834,0.3783246238303246,5.295440535745845,-17.076712913183496,0.12375670344576106,0.003729995983606777,46.76442337036133,0.25473934358330436,1,4,1,1,1,1,179.11398037105948,60.470790714887144,197.59064877748926,291.7436529493024,728.9190728127382,0.24572546809606458,0.08295953963935074,0.27107350616445036,0.4002414861001343,0.11284655934956035
19.519999999999673,-0.10122996655406802,-0.071188082013564,0.3783194609044809,5.294374887131098,-17.07692261294923,0.1237547944497814,0.003719762303098552,46.76536560058594,0.2547510981291939,1,4,1,1,1,1,179.12056123009282,60.463662237504565,197.58987790084524,291.7473381064758,728.9214394749184,0.24573369848899362,0.0829494907998039,0.27107156848504815,0.4002452422261543,0.11285135994156592
19.539999999999672,-0.10122796447585708,-0.07118762489885415,0.3783143246643736,5.293315598010633,-17.07713056833015,0.1237528938274388,0.0037091728304256637,46.76630401611328,0.25476277789837504,1,4,1,1,1,1,179.12697975243387,60.456556431953295,197.5891533043218,291.75102042309595,728.923709911805,0.24574173856151157,0.08293948407751497,0.2710697300931929,0.4002490472677805,0.11285616786627252
19.559999999999672,-0.10122597317175083,-0.07118716681751658,0.3783092150884024,5.292262627322544,-17.077336781060378,0.12375100146694956,0.003698521753354312,46.76723098754883,0.254774291515431,1,4,1,1,1,1,179.13340918769342,60.449583162203844,197.5884704920115,291.7546911221541,728.9261539640629,0.24574973502257536,0.08292963948880903,0.27106788447290764,0.4002527410157079,0.11286087901994075
19.57999999999967,-0.10122399229922671,-0.0711867078566602,0.37830413213864295,5.291215927703144,-17.0775413010078,0.12374911713811698,0.0036877394130671644,46.768150329589844,0.25478574715992547,1,4,1,1,1,1,179.13974452722744,60.442607978287235,197.58776870424379,291.7583228782253,728.9284440879837,0.24575765423911042,0.08291980985035019,0.27106607007421757,0.4002564658363218,0.11286559736251749
19.59999999999967,-0.10122202167418924,-0.07118624817305358,0.3782990757907157,5.29017546391656,-17.077744154011402,0.12374724078041341,0.0036767601193557478,46.76905059814453,0.25479699398056177,1,4,1,1,1,1,179.1460003043779,60.4357220720034,197.58710725862926,291.76193487270825,728.9307645077188,0.24576545404193995,0.08291009930527282,0.27106429976524465,0.40026014688754263,0.1128702604330639
19.61999999999967,-0.10122006112413248,-0.07118578785771487,0.3782940462256284,5.2891411824147525,-17.077945387444878,0.1237453723049743,0.0036655044314845,46.76994323730469,0.2548081348984334,1,4,1,1,1,1,179.15224842810193,60.42891439083497,197.58643840452038,291.7655118902542,728.9331131137114,0.24577323379210336,0.08290049293097244,0.2710625088226682,0.40026376445425604,0.11287486323486434
19.63999999999967,-0.1012181106967204,-0.07118532702912868,0.3782890437521744,5.288113045170088,-17.078145073846574,0.12374351181883252,0.0036543395892360726,46.77082824707031,0.2548191680112923,1,4,1,1,1,1,179.15841094434603,60.42216756282,197.58577830490492,291.76906372541794,728.9354205374889,0.24578090993608395,0.0828909747838389,0.2710607452155539,0.40026737006452323,0.11287943183415419
19.65999999999967,-0.10121617023037266,-0.07118486573582947,0.3782840681788583,5.287091023157469,-17.07834323073693,0.12374165921762907,0.0036429070575410144,46.77170944213867,0.25483015382635643,1,4,1,1,1,1,179.16447947820984,60.415416191637895,197.58518218018804,291.77259641543924,728.937674265475,0.24578847520639896,0.08288145656968052,0.2710590893512092,0.40027097887271124,0.1128840077635266
19.67999999999967,-0.10121423952257338,-0.07118440408569875,0.37827911927432417,5.286075078142988,-17.078539859694985,0.12373981439766628,0.0036314954001063723,46.772579193115234,0.2548409925257226,1,4,1,1,1,1,179.17050482929181,60.40874921653458,197.5845693260554,291.7760901393631,728.9399135112449,0.2457959860727641,0.08287205584003557,0.27105741593200244,0.40027454215519787,0.11288852492384277
19.69999999999967,-0.10121231833641381,-0.07118394196632934,0.37827419711605637,5.2850651448409725,-17.078735011893222,0.12373797710039271,0.0036196931345692375,46.77342987060547,0.2548516774245219,1,4,1,1,1,1,179.17642008789983,60.40216676309474,197.58399387912553,291.77957081281613,728.9421515429362,0.24580334627191053,0.08286277125728395,0.2710557942916372,0.4002780881791683,0.11289299734078517
19.71999999999967,-0.101210406624268,-0.07118347936249976,0.3782693017372753,5.284061191876928,-17.078928702582772,0.1237361472779927,0.0036079418695563613,46.7742805480957,0.25486227353525664,1,4,1,1,1,1,179.18233677500754,60.395631698059454,197.583415229584,291.783061773056,728.944445475707,0.2458106895348845,0.08285354538732433,0.271054147481214,0.4002816175965772,0.11289744165100128
19.739999999999668,-0.1012085042886107,-0.07118301645874807,0.37826443304295765,5.2830631969844335,-17.079120963980586,0.12373432495675615,0.0035960031536474324,46.775115966796875,0.2548727492549296,1,4,1,1,1,1,179.18815738112622,60.38911091134325,197.5828671839825,291.78649884025066,728.9466343167026,0.24581793638308377,0.08284435110664937,0.27105258174240976,0.4002851307678572,0.112901873701221
19.759999999999668,-0.10120661101957834,-0.0711825532311646,0.3782595902814012,5.2820711131351885,-17.079311753195984,0.12373250986937838,0.0035839989219350653,46.77595138549805,0.2548831446385292,1,4,1,1,1,1,179.19385400210993,60.38263006196165,197.58231657023236,291.7899371188248,728.9487377531287,0.2458250419013649,0.08283522137383999,0.27105104424660803,0.4002886924781871,0.112906300797314
19.779999999999667,-0.10120472676011129,-0.07118208971347476,0.3782547734669544,5.281084875268765,-17.079501082039176,0.12373070198849578,0.0035716253346720155,46.77676773071289,0.2548933621430643,1,4,1,1,1,1,179.19954878034866,60.37630341755472,197.58182419529118,291.7933666872941,728.9510430804887,0.24583207676480676,0.08282628029779518,0.2710495115835574,0.4002921313538406,0.11291061822073269
19.799999999999667,-0.10120285133905176,-0.07118162603897155,0.3782499823681042,5.280104450531756,-17.07968897986146,0.12372890125070295,0.0035594217217170005,46.777587890625,0.2549035362873375,1,4,1,1,1,1,179.20517907802883,60.36991460644904,197.5813251600151,291.7967658135601,728.953184658053,0.24583907835191468,0.08281727259997933,0.2710480306807345,0.40029561836737154,0.11291497919434655
19.819999999999666,-0.10120098457344474,-0.07118116242214956,0.3782452171649275,5.279129820563352,-17.07987546902692,0.12372710762966634,0.0035473496297770872,46.77839660644531,0.2549136939478565,1,4,1,1,1,1,179.21085565391618,60.36362378564061,197.58083637981602,291.80011421464854,728.9554300340214,0.2458461083766838,0.08280838758938026,0.2710465252595685,0.4002989787743673,0.11291925137260755
19.839999999999666,-0.10119912636090553,-0.07118069873195462,0.37824047773622305,5.278160935308962,-17.080060588021652,0.12372532096616201,0.0035347836812866223,46.779197692871094,0.25492365761168356,1,4,1,1,1,1,179.21630651059832,60.357425755859296,197.5803773693185,291.80346253879793,728.9575721745741,0.24585286352945487,0.08279964165240145,0.2710450990719677,0.4003023957461759,0.11292349726082224
19.859999999999665,-0.10119727675907068,-0.07118023503692711,0.3782357641155248,5.277197731834327,-17.08024435101408,0.12372354134668201,0.003522385738649912,46.77997970581055,0.2549334897798806,1,4,1,1,1,1,179.22183184010333,60.351266702464265,197.57991691902689,291.806776707415,728.9597921690095,0.24585969454752962,0.08279094039314559,0.27104364196978636,0.40030572308953843,0.11292769479258609
19.879999999999665,-0.10119543566428926,-0.07117977143384233,0.37823107632796427,5.276240212154229,-17.080426804105365,0.12372176874204209,0.0035097245521402893,46.780765533447266,0.2549432370143329,1,4,1,1,1,1,179.22726968160043,60.34510199260983,197.5794795848886,291.8100777782307,728.9619290373296,0.2458664335437775,0.08278224086723135,0.2710422474954391,0.40030907809355204,0.11293190479003871
19.899999999999665,-0.10119360286624438,-0.07117930807805677,0.37822641393216283,5.275288328976607,-17.080607923874556,0.12372000306952025,0.0034970506809709626,46.78153991699219,0.25495292703485223,1,4,1,1,1,1,179.2326641199555,60.338949128453876,197.57908408659603,291.81334936681753,728.964046701823,0.2458731194369442,0.08277355982295112,0.2710409175603885,0.40031240317971606,0.11293610162268132
19.919999999999664,-0.10119177833384183,-0.0711788449560889,0.3782217770708367,5.274342057160914,-17.08078774183279,0.12371824429585283,0.0034842116207295304,46.78229904174805,0.2549624701293711,1,4,1,1,1,1,179.2380050927746,60.33293989823653,197.5786909670221,291.8166012293997,728.966237187433,0.24587970738442946,0.08276506759904112,0.27103956382032046,0.4003156611962089,0.11294020616347619
19.939999999999664,-0.10118996198534586,-0.07117838197665516,0.378217165467174,5.273401326902999,-17.080966272865965,0.123716492301594,0.0034713883909845812,46.78306579589844,0.25497198178664127,1,4,1,1,1,1,179.24323830966534,60.32692725979315,197.57832279097363,291.81985821587756,728.9683465763096,0.24588617482707373,0.08275657995731373,0.271038274458589,0.40031897075702366,0.11294433038755604
19.959999999999663,-0.10118815373840417,-0.0711779191237511,0.3782125790744044,5.272466105936984,-17.081143529979407,0.12371474701010454,0.0034582990504299954,46.7838134765625,0.25498133013198765,1,4,1,1,1,1,179.24847665834946,60.32099608367726,197.57794729220646,291.8230894899261,728.9705095241593,0.24589263120582913,0.08274819803485908,0.2710369551453829,0.40032221561392883,0.11294839278168968
19.979999999999663,-0.10118635355550525,-0.07117745645664256,0.3782080179907224,5.271536374592135,-17.08131955213558,0.12371300842472854,0.0034453192410062593,46.78455352783203,0.2549906062268848,1,4,1,1,1,1,179.25365313655305,60.315101070907524,197.57759112608028,291.82628130497903,728.9726266385198,0.2458990181334212,0.08273987097298284,0.2710356794015179,0.40032543149207817,0.1129524280123798
19.999999999999662,-0.10118456137599603,-0.07117699423359393,0.37820348177013063,5.2706120966227,-17.081494328188587,0.12371127664437778,0.0034323984277578254,46.78529357910156,0.254999840085906,1,4,1,1,1,1,179.25880412873227,60.30915410012989,197.57726233574334,291.829459544136,728.9746801087415,0.2459053915315579,0.08273147990700246,0.27103446488192245,0.4003286636795172,0.11295649546302061
20.019999999999662,-0.10118277709477187,-0.07117653237482723,0.37819897029028693,5.269693222376392,-17.081667861381927,0.12370955153711907,0.003419290432925473,46.78602600097656,0.2550089903500284,1,4,1,1,1,1,179.26387312568238,60.30337004973411,197.57696519148777,291.83262644478646,728.9768348116907,0.24591161826423447,0.08272330089242368,0.27103325614253004,0.4003318247008119,0.11296046245410038
20.03999999999966,-0.10118100071377394,-0.07117607092006492,0.37819448341290346,5.268779708559054,-17.081840170367688,0.12370783312732801,0.0034061545563359072,46.7867546081543,0.2550180232719374,1,4,1,1,1,1,179.26890051834016,60.29756633800951,197.57667383363207,291.83577813025954,728.9789188202412,0.2459178117365367,0.08271510297663118,0.27103208163191406,0.40033500365491814,0.11296444442260717
20.05999999999966,-0.10117923216753398,-0.07117560978611223,0.3781900211113027,5.267871529973742,-17.08201126573227,0.12370612131352537,0.0033929310237056486,46.78745651245117,0.25502686902274224,1,4,1,1,1,1,179.27387945174252,60.291890848701854,197.57637014790166,291.83889044758,728.9810308959261,0.2459239292295615,0.08270707781600631,0.2710308797817112,0.4003381131727209,0.11296833886371882
20.07999999999966,-0.1011774713707946,-0.0711751490772313,0.3781855834104224,5.266968666322207,-17.082181190028745,0.12370441608590237,0.0033796320953566497,46.788169860839844,0.2550357229759644,1,4,1,1,1,1,179.27884082597416,60.28615630690065,197.57611209639504,291.8419936839398,728.9831029132097,0.24593003611404488,0.08269897623961542,0.27102975543168084,0.4003412322146588,0.11297226858243134
20.09999999999966,-0.10117571826590117,-0.07117468893991717,0.3781811700387448,5.266071080447117,-17.082349926128998,0.12370271748152899,0.003366249309610383,46.78887176513672,0.2550445093993601,1,4,1,1,1,1,179.28376155366308,60.28047992013077,197.57587138968134,291.8450817297525,728.9851945932278,0.24593608057253213,0.08269095225420477,0.2710286475707209,0.4003443196025421,0.1129761604876474
20.11999999999966,-0.10117397274281807,-0.07117422931570727,0.3781767810403356,5.26517871742263,-17.082517517018207,0.1237010253767097,0.0033527591229809135,46.78955841064453,0.25505313850625794,1,4,1,1,1,1,179.28860775692576,60.274890953146226,197.57560921040255,291.8481325635098,728.9872404839844,0.24594203821440505,0.08268305342783355,0.2710275272846058,0.4003473810731556,0.11297999774666759
20.13999999999966,-0.10117223483972179,-0.0711737701408565,0.37817241620434905,5.2642915493081786,-17.08268395614287,0.12369933976593123,0.00333941652771326,46.790245056152344,0.2550617191687712,1,4,1,1,1,1,179.29341114969216,60.26934992080729,197.57541580106846,291.8511710244153,728.9893478959832,0.24594791634085011,0.08267521342356692,0.2710264784681871,0.40035039176739584,0.1129838004828703
20.15999999999966,-0.10117050461864067,-0.07117331130519938,0.3781680753525614,5.263409558454385,-17.082849256638713,0.12369766063647775,0.003325976921647662,46.79093551635742,0.25507031146605735,1,4,1,1,1,1,179.29810340486378,60.26382649829511,197.57522247601787,291.8542115279147,728.9913639070915,0.24595367281705546,0.08266740798588612,0.27102546375460007,0.4003534554424584,0.11298761082903806
20.17999999999966,-0.10116878191640956,-0.0711728531903024,0.3781637582419197,5.2625327118684115,-17.083013407211602,0.12369598807438492,0.003312589876874396,46.79160690307617,0.25507873211360454,1,4,1,1,1,1,179.30294837978062,60.25823533630964,197.575025047859,291.85720597353225,728.9934147374815,0.24595962700753554,0.0826595057213367,0.27102443047308994,0.40035643679803773,0.11299142711138055
20.19999999999966,-0.10116706658708376,-0.07117239586265896,0.3781594647415324,5.26166097455376,-17.083176426649334,0.1236943219984914,0.0032991412874373454,46.792274475097656,0.2550870577242537,1,4,1,1,1,1,179.3075985965859,60.252799389356824,197.57485097440698,291.86017964750283,728.9954286078525,0.24596532647537434,0.0826518206080117,0.27102344297509734,0.4003594099415166,0.11299516477348891
20.219999999999658,-0.10116535849427181,-0.07117193920325997,0.3781551947501508,5.260794292531156,-17.083338323025682,0.12369266222871536,0.003285468637129982,46.792938232421875,0.2550953567608593,1,4,1,1,1,1,179.31226603660852,60.24738326775618,197.57470238049396,291.86315095642226,728.9975026412809,0.2459710292380014,0.08264415591201581,0.2710224680669652,0.4003623467830176,0.11299888345634851
20.239999999999657,-0.10116365777589617,-0.07117148318620932,0.3781509484486608,5.259932635992824,-17.08349914373273,0.12369100886290608,0.0032720552072241704,46.79359436035156,0.2551035382209143,1,4,1,1,1,1,179.31686100569436,60.24205234748874,197.57454384768806,291.8660830191591,728.9995402200302,0.24597664485710385,0.08263661226632076,0.27102149308359663,0.4003652497929788,0.1130025469370805
20.259999999999657,-0.10116196442596108,-0.0711710278584927,0.37814672549919764,5.259075985311239,-17.08365886981675,0.12368936192314099,0.00325831617303309,46.794246673583984,0.25511166929507634,1,4,1,1,1,1,179.32146678173808,60.23664707496872,197.5744128806506,291.8690215248545,729.0015482622118,0.24598228523547472,0.08262897001873366,0.2710205668995175,0.4003681778462742,0.11300625740473941
20.279999999999657,-0.10116027817442659,-0.07117057319132074,0.378142525518794,5.258224297268899,-17.083817503739198,0.12368772117194378,0.003244510783337071,46.794883728027344,0.2551196536776151,1,4,1,1,1,1,179.3258892077954,60.23139106292925,197.574307026784,291.8719231544047,729.0035104519134,0.24598768954710556,0.0826215377558216,0.2710196922156199,0.4003710804814529,0.11300988625380884
20.299999999999656,-0.10115859922524324,-0.07117011916642543,0.37813834885038533,5.2573775446376985,-17.08397507441233,0.12368608676555572,0.003231093940102525,46.79552459716797,0.25512767530896,1,4,1,1,1,1,179.33050445193118,60.22610665390576,197.5741962224451,291.8748434129317,729.0056507412137,0.245993298226972,0.08261404639685728,0.2710187445345071,0.4003739108416637,0.11301350782799698
20.319999999999656,-0.10115692761152616,-0.07116966589065343,0.37813419508505774,5.256535708693629,-17.084131582863954,0.12368445879248847,0.0032173918847427357,46.796165466308594,0.2551355934068013,1,4,1,1,1,1,179.33491764991493,60.22082446845656,197.57410508490074,291.8777336915434,729.0075808948156,0.24599870063050847,0.0826065819432754,0.27101790195705466,0.4003768154691615,0.11301715095360557
20.339999999999655,-0.1011552632182845,-0.07116921341997809,0.3781300638942401,5.255698737995538,-17.084287010898407,0.12368283719085203,0.0032037951000271634,46.79679489135742,0.2551434258632233,1,4,1,1,1,1,179.33933989540577,60.2156252126119,197.5740424227111,291.8805873221331,729.0095948528619,0.24600408713633232,0.08259922179044213,0.27101706728920083,0.4003796237840247,0.11302072401958325
20.359999999999655,-0.101153605837111,-0.07116876175407455,0.37812595535723864,5.254866608305018,-17.084441397439264,0.12368122178996228,0.0031899294934572904,46.79740524291992,0.2551511071300262,1,4,1,1,1,1,179.34370713634823,60.21048649482343,197.5739737963889,291.88339962174257,729.0115670493032,0.24600941225424916,0.08259194945085334,0.2710162399700675,0.40038239832482997,0.11302425430812346
20.379999999999654,-0.1011519553616598,-0.07116831090224085,0.37812186953304455,5.254039292007316,-17.084594757777616,0.12367961250814635,0.003176231783831361,46.79802322387695,0.25515882789989974,1,4,1,1,1,1,179.34809220694052,60.20536223958135,197.57393133769267,291.886215431722,729.0136012159365,0.24601474088796452,0.08258468996897123,0.2710154255121648,0.40038514363089944,0.11302777076599267
20.399999999999654,-0.10115031195609427,-0.07116786076192466,0.37811780603578926,5.253216741638095,-17.08474709110196,0.12367800942060753,0.0031624485194626877,46.79862594604492,0.2551663762509551,1,4,1,1,1,1,179.35231870961525,60.200289387638776,197.5738821492994,291.88901124301117,729.0155014895646,0.24601989716700498,0.0825775162045721,0.2710146516028885,0.4003879350255344,0.11303127430276395
20.419999999999654,-0.10114867549949672,-0.07116741145578921,0.3781137649240858,5.252398934656329,-17.084898403273293,0.12367641249898902,0.003148751806503927,46.79924011230469,0.25517398448402123,1,4,1,1,1,1,179.3566648192583,60.19521347115603,197.57387455659187,291.8917967558401,729.0175496028463,0.24602516759297235,0.08257032152922675,0.2710138797951106,0.4003906310826903,0.11303475304854661
20.439999999999653,-0.10114704603638514,-0.071166963021938,0.3781097459671876,5.251585859860503,-17.08504870697722,0.12367482180157975,0.003135101493819658,46.79983139038086,0.25518143829181605,1,4,1,1,1,1,179.36088228423512,60.19018327171311,197.5738598660409,291.89455603452996,729.0194814565191,0.24603030076217894,0.08256320277128704,0.27101314147504685,0.4003933549914872,0.11303821579281685
20.459999999999653,-0.10114542348024333,-0.0711665155072245,0.37810574882249554,5.250777467242866,-17.085197988349595,0.12367323728453858,0.003121182468162455,46.8004264831543,0.25518878966865893,1,4,1,1,1,1,179.3650664505904,60.18518072446156,197.57385954614705,291.8972916113737,729.0213983325727,0.24603539328315538,0.08255612367773825,0.2710124284390562,0.4003960546000501,0.11304165737949425
20.479999999999652,-0.10114380793736816,-0.07116606913335227,0.3781017736128441,5.249973747824601,-17.085346261583346,0.12367165916233312,0.0031076898568737433,46.8010139465332,0.25519616705785336,1,4,1,1,1,1,179.36937054351654,60.180166590111355,197.57389530430066,291.9000055670171,729.0234380049457,0.24604060883746195,0.08254901482289942,0.2710117192459323,0.4003986570937063,0.11304507686805701
20.499999999999652,-0.10114219930696805,-0.07116562361402082,0.3780978201862289,5.249174661017734,-17.085493558442824,0.12367008718773884,0.003093806294568273,46.80159378051758,0.25520338752719623,1,4,1,1,1,1,179.3734397905454,60.175274909318944,197.57391323936474,291.9027020753207,729.0253300145498,0.24604555206190915,0.08254209069541928,0.2710110405017362,0.4004013167409354,0.11304845083804667
20.51999999999965,-0.10114059759234116,-0.0711651788895035,0.37809388811860145,5.2483801616334596,-17.08563983978684,0.12366852132903879,0.003080269152807586,46.802181243896484,0.2552107156904074,1,4,1,1,1,1,179.3775274774721,60.17035007045921,197.57397954324415,291.90542391968665,729.0272810108621,0.24605050064621586,0.08253511444321752,0.2710104061802598,0.4004039787303068,0.11305184698342823
20.53999999999965,-0.10113900273141332,-0.07116473516152179,0.37808997745008843,5.247590227316186,-17.08578512915875,0.12366696165150322,0.0030665243831202653,46.80275344848633,0.25521780532072164,1,4,1,1,1,1,179.38168717057653,60.16545944449565,197.57403851708196,291.90807650427126,729.0292616364254,0.2460555379737776,0.08252818180362807,0.27100975079325995,0.40040652942933436,0.11305518828656988
20.55999999999965,-0.10113741457666445,-0.07116429239711022,0.37808608795021414,5.2468048269042225,-17.085929434816933,0.12366540801547334,0.0030526659029990588,46.80331802368164,0.2552248738168729,1,4,1,1,1,1,179.38567263991806,60.16064021454149,197.5740928922848,291.9107392501415,729.0311449968858,0.24606036912275447,0.08252135814416883,0.27100912525915305,0.4004091474739237,0.11305851489086306
20.57999999999965,-0.10113583314224198,-0.07116385067805132,0.37808221980239887,5.246023952142447,-17.086072780877757,0.12366386047954106,0.003039058868194491,46.80388641357422,0.25523194888213524,1,4,1,1,1,1,179.38975820644873,60.155823198778485,197.5741628687916,291.91337557862335,729.0331198526421,0.24606530666632592,0.08251452720136727,0.27100848711609543,0.40041167901621144,0.11306181398420354
20.59999999999965,-0.10113425843613297,-0.07116340995161828,0.37807837298492153,5.245247557180916,-17.086215193737257,0.12366231901985592,0.0030253578191574283,46.80443572998047,0.2552388562362844,1,4,1,1,1,1,179.39374807824063,60.15108101465049,197.5742473160848,291.9159781836146,729.0350545925905,0.2460701264611918,0.08250780348040321,0.2710078837381777,0.40041418632022724,0.11306506802116545
20.61999999999965,-0.1011326905276754,-0.07116297013668939,0.37807454722246114,5.244475600901482,-17.08635667198665,0.12366078364640065,0.0030115570344605735,46.804988861083984,0.2552457348309822,1,4,1,1,1,1,179.3976496265379,60.14635236776218,197.57434531648923,291.91858665995596,729.0369339707453,0.24607484376605912,0.08250110462877554,0.27100731953371443,0.4004167320714509,0.11306832841592675
20.63999999999965,-0.10113112932962695,-0.07116253136241604,0.37807074251030603,5.243708086002187,-17.08649722603569,0.12365925436210821,0.002997898412057033,46.8055305480957,0.2552525064157863,1,4,1,1,1,1,179.40162066437068,60.14162583937735,197.57446097528953,291.92115337761965,729.0388608566573,0.24607964032749197,0.08249440334182997,0.27100676189350126,0.40041919443717666,0.11307156166798836
20.65999999999965,-0.10112957485282477,-0.07116209362021608,0.3780669589006141,5.24294496671881,-17.08663688485091,0.12365773117086326,0.0029842578131929797,46.80608367919922,0.25525939375882006,1,4,1,1,1,1,179.40553149380258,60.13694282618149,197.5745658951308,291.92373198767,729.0407722027849,0.24608435952317412,0.08248776353684402,0.27100619530257886,0.40042168163740305,0.11307478073485969
20.679999999999648,-0.10112802718490181,-0.07116165682094974,0.3780631962139294,5.242186222737354,-17.08677564965325,0.123656214092996,0.002970686061728613,46.80662536621094,0.25526608273871476,1,4,1,1,1,1,179.40937478443578,60.132319870853486,197.57469148945617,291.9262779578121,729.0426641025575,0.24608899261785522,0.08248120834584576,0.27100566430178424,0.40042413473451477,0.11307795958916778
20.699999999999648,-0.10112648635929838,-0.07116122102627011,0.3780594542528979,5.24143182055607,-17.086913519723407,0.12365470319129405,0.0029568806976530823,46.807151794433594,0.2552726788285288,1,4,1,1,1,1,179.41325395674255,60.12766744901485,197.5748192015455,291.9288002951207,729.0445409024236,0.2460936800029554,0.08247461447909316,0.2710051418216287,0.4004265636963228,0.11308114473496275
20.719999999999647,-0.10112495220819916,-0.07116078641544228,0.37805573279336047,5.240681760843826,-17.08705049193244,0.1236531984316409,0.002943250564364174,46.80767822265625,0.25527931027626954,1,4,1,1,1,1,179.41706487113925,60.123028192087446,197.57500290249445,291.9312892830424,729.0463852487635,0.24609828469270714,0.0824680423750711,0.2710047082053337,0.40042896472688816,0.11308431744010165
20.739999999999647,-0.10112342478853943,-0.07116035290592414,0.3780520316236452,5.239936003099278,-17.0871865535916,0.12365169981305982,0.002929809465709122,46.80821228027344,0.25528587912641526,1,4,1,1,1,1,179.42086864597667,60.11845444120464,197.57518009934864,291.9337920906521,729.0482952771821,0.24610285739405147,0.08246155272655535,0.27100424125432065,0.4004313486250725,0.11308745270267133
20.759999999999646,-0.1011219040811219,-0.07115992046186416,0.378048350984832,5.2391944997003215,-17.087321751510327,0.12365020729918107,0.0029160608086960995,46.80872344970703,0.2552923159877804,1,4,1,1,1,1,179.42466885933175,60.11394576968717,197.57531892005218,291.9362573470395,729.0501908961106,0.24610743005058713,0.08245515400770725,0.27100372702351655,0.40043368891818903,0.11309053765656638
20.779999999999646,-0.10112039007260248,-0.07115948911050271,0.3780446908654343,5.238457214938285,-17.08745611511603,0.1236487208947308,0.0029024732086417437,46.80923843383789,0.2552987018197264,1,4,1,1,1,1,179.42841803120638,60.109434003556146,197.57551660675722,291.93869421582264,729.0520628573424,0.24611194065891576,0.08244875375288264,0.27100330233263176,0.4004360032555698,0.11309361930364119
20.799999999999645,-0.10111888279214497,-0.0711590588562326,0.3780410510381533,5.2377241691101535,-17.087589636438885,0.12364724062605006,0.0028888178689548943,46.809749603271484,0.25530508383801104,1,4,1,1,1,1,179.43210963630392,60.10490330512091,197.575694108726,291.9411474348337,729.0538544849844,0.24611639940242508,0.08244233664683111,0.27100287981920995,0.400438384131534,0.11309672992927616
20.819999999999645,-0.10111738216979739,-0.0711586295399039,0.3780374311495326,5.236995314537251,-17.08772228488914,0.12364576634430369,0.0028753731709991997,46.81025695800781,0.2553114087929714,1,4,1,1,1,1,179.43578600220008,60.100462355333576,197.57589645825777,291.94356972601025,729.0557145418018,0.24612081412045744,0.08243603493747473,0.2710024659534157,0.40044068498865204,0.11309977204502056
20.839999999999645,-0.10111588804963233,-0.07115820125682834,0.3780338310616283,5.236270612944022,-17.08785408053048,0.1236442979767893,0.0028618363748855132,46.81076431274414,0.25531771297019257,1,4,1,1,1,1,179.43944973734995,60.09599839489975,197.57610621039595,291.9459836981457,729.0575380407913,0.24612522383289612,0.08242970583144472,0.27100207583251323,0.40044299450314597,0.11310282839349062
20.859999999999644,-0.10111440020697438,-0.07115777404875717,0.3780302502862233,5.23555004252939,-17.087984987060143,0.12364283536376121,0.0028482297210027244,46.81126022338867,0.2553239261248407,1,4,1,1,1,1,179.4430154576218,60.09157123519549,197.57632976930864,291.94838080940985,729.0592972715358,0.24612952077996592,0.08242343449988894,0.2710017285407746,0.40044531617937057,0.11310587040049788
20.879999999999644,-0.10111291883666679,-0.07115734809116327,0.3780266887136205,5.2348335727650674,-17.08811499824528,0.12364137876551419,0.0028347862664577176,46.81175994873047,0.25533008049639466,1,4,1,1,1,1,179.44669325054923,60.087187223159184,197.57656716398265,291.9507466446663,729.0611942823574,0.24613392491310063,0.0824172068056719,0.2710013490135965,0.4004475192676309,0.11310885445618918
20.899999999999643,-0.1011114439605807,-0.07115692324190236,0.37802314649257107,5.234121182733844,-17.08824415332706,0.12363992811809474,0.002821330794615749,46.81224822998047,0.2553361690850032,1,4,1,1,1,1,179.45025894262213,60.082871114352564,197.57680639373842,291.9531160429293,729.0630524936424,0.24613818836222945,0.08241107666730443,0.27100098642766063,0.40044974854280546,0.11311181313247737
20.919999999999643,-0.1011099755343467,-0.07115649945538394,0.37801962355138286,5.233412833760786,-17.088372471297564,0.12363848335894549,0.0028078804306884237,46.81272888183594,0.25534218516151,1,4,1,1,1,1,179.45379125905458,60.07854820054378,197.57704415174362,291.95545600394075,729.0648396152827,0.24614243001178032,0.08240494526144805,0.27100064824961556,0.4004519764771561,0.11311477320825411
20.939999999999642,-0.10110851354345606,-0.07115607688499627,0.3780161199384259,5.232708530148259,-17.088499956984407,0.12363704456444571,0.002794605910784997,46.81321334838867,0.2553482117912974,1,4,1,1,1,1,179.45742383205453,60.07422209957367,197.57728912312854,291.9577770106765,729.0667120654332,0.2461467803455939,0.08239879987029507,0.2710002882498853,0.4004541315342258,0.11311771234970111
20.959999999999642,-0.10110705807768566,-0.07115565563672432,0.37801263549668646,5.232008245601933,-17.088626631248463,0.1236356118689781,0.002781371216731591,46.813697814941406,0.2553541968083561,1,4,1,1,1,1,179.46091654275594,60.06990837143087,197.57755819144504,291.9600800692763,729.0684631749082,0.24615097978761719,0.08239268519425687,0.27100000640686733,0.4004563286112585,0.11312065905622003
20.97999999999964,-0.10110560917824672,-0.07115523564225629,0.3780091699416064,5.231311966144804,-17.088752462966934,0.1236341852668969,0.002767997094404404,46.814170837402344,0.25536009218047734,1,4,1,1,1,1,179.46440857700026,60.06564136946386,197.57784793025678,291.96237171367477,729.0702695903957,0.24615515960872533,0.08238662838797388,0.2709997323594877,0.40045847964381304,0.11312356960055159
20.99999999999964,-0.10110416668534673,-0.07115481674289649,0.3780057232863136,5.230619618654957,-17.088877484580077,0.12363276453615991,0.002754661743413527,46.81464767456055,0.2553659653736554,1,4,1,1,1,1,179.46786508164251,60.061476241871084,197.57814132006382,291.9646177202655,729.072100363843,0.24615928245242025,0.08238070859095752,0.27099945426722893,0.4004605546893932,0.1131264044782551
21.01999999999964,-0.10110273066300177,-0.07115439893029363,0.37800229557655524,5.229931201839313,-17.089001722190932,0.12363134972427847,0.0027413593934715163,46.81510925292969,0.25537175326259465,1,4,1,1,1,1,179.47132599653105,60.05724429239672,197.57838740128597,291.96687602381314,729.0738337140269,0.24616344421836317,0.0823747081779836,0.2709991475003126,0.40046270010334056,0.11312929100901482
21.03999999999964,-0.10110130085519346,-0.07115398227944857,0.37799888637771173,5.22924668804901,-17.089125139692126,0.12362994066502023,0.0027279682793077483,46.815574645996094,0.25537752555613624,1,4,1,1,1,1,179.47471767616656,60.0530401022954,197.5786891218135,291.96912401841496,729.0755709186905,0.2461675097000093,0.08236874543282806,0.2709989156170044,0.4004648292501582,0.11313216252245961
21.05999999999964,-0.1010998774465012,-0.07115356678952044,0.3779954955445609,5.228566059388051,-17.089247731992835,0.12362853750881432,0.0027149921629279965,46.816036224365234,0.2553832587978491,1,4,1,1,1,1,179.47808893818518,60.04891727021333,197.5790296563754,291.97137656898815,729.0774124337621,0.24617151193734324,0.08236288252266885,0.2709986981997276,0.4004669073402603,0.11313498133599104
21.07999999999964,-0.101098460321223,-0.07115315254968574,0.3779921233102242,5.227889300962626,-17.08936954442536,0.12362714021233667,0.0027016822169638856,46.81648635864258,0.25538889702948603,1,4,1,1,1,1,179.481548110965,60.04477926018913,197.5793272553232,291.97354956564664,729.0792041921239,0.24617565153273632,0.08235700444470005,0.27099844038790866,0.400468903634655,0.11313777558765796
21.09999999999964,-0.10109704927237607,-0.07115273947885684,0.37798876933786885,5.227216370256424,-17.08949058025217,0.12362574855962373,0.0026883787250882667,46.81693649291992,0.255394544627276,1,4,1,1,1,1,179.48478075653188,60.040670261743834,197.57965123453312,291.9757622278726,729.0808644806814,0.24617952479712588,0.08235118103738785,0.27099826762737433,0.40047102653811206,0.11314059793142174
21.11999999999964,-0.10109564451601798,-0.07115232764861537,0.377985433776135,5.226547252139212,-17.08961083409422,0.12362436276852953,0.002675508410738452,46.81739044189453,0.25540012159100783,1,4,1,1,1,1,179.488236487187,60.03660237910751,197.57996258060086,291.97793181641924,729.0827332633146,0.24618363362387197,0.08234539050237631,0.27099800004349184,0.4004729758302599,0.1131433440366224
21.139999999999638,-0.10109424612121036,-0.07115191710076672,0.37798211646371144,5.2258819512307335,-17.089730329858543,0.12362298291956167,0.002662422534589844,46.81782913208008,0.25540562032302244,1,4,1,1,1,1,179.4915188170995,60.03250904341472,197.5803043579063,291.9800932093694,729.0844254277899,0.2461875642341186,0.08233958503254363,0.2709978398482126,0.40047501088512516,0.11314613072560012
21.159999999999638,-0.1010928539520262,-0.07115150777744866,0.3779788172655373,5.225220411201735,-17.089849067277594,0.1236216088682316,0.0026492866728675085,46.818267822265625,0.2554111095126977,1,4,1,1,1,1,179.49480681151715,60.02849472424658,197.5806492643249,291.98221937255204,729.0861701726407,0.2461914848405566,0.08233388202937987,0.27099766440164363,0.40047696872841987,0.1131488532101359
21.179999999999637,-0.1010914680949462,-0.07115109967662055,0.37797553630036296,5.224562604630763,-17.089967070200093,0.12362024068405593,0.002636540793302382,46.81871795654297,0.25541664550801907,1,4,1,1,1,1,179.4980933916571,60.02448380069911,197.5809987096278,291.98437701875895,729.087952920743,0.2461953906556591,0.08232817941956064,0.27099748105576815,0.40047894886901214,0.11315158276890365
21.199999999999637,-0.10109008852791578,-0.07115069282244992,0.37797227368032615,5.223908529848376,-17.090084364682646,0.12361887836287981,0.0026234216997135656,46.81914520263672,0.2554219702789358,1,4,1,1,1,1,179.50137735939495,60.020520936617096,197.58134427615119,291.9864554356084,729.0896980077716,0.2461993055859659,0.08232254700707253,0.2709973063891037,0.40048084101785786,0.11315425744228978
21.219999999999636,-0.10108871536510244,-0.07115028731212945,0.3779690291955767,5.223258176284296,-17.09020095878619,0.12361752205397611,0.0026107623441583984,46.819580078125,0.2554273678610392,1,4,1,1,1,1,179.5046320625795,60.01647079196156,197.58172038663537,291.9885585734853,729.0913818146618,0.24620320105252647,0.08231680182885225,0.2709971963937732,0.4004828007248481,0.11315699956426134
21.239999999999636,-0.10108734848229954,-0.07114988303226664,0.3779658024997653,5.222611495034066,-17.090316826215687,0.1236161715904804,0.0025978078328635595,46.820011138916016,0.2554326972205028,1,4,1,1,1,1,179.50779056256545,60.01257348379461,197.58208579877896,291.99060832812137,729.0930581732604,0.246206967067169,0.0823112671435329,0.27099707449391996,0.40048469129537817,0.1131596413009135
21.259999999999636,-0.10108598768769185,-0.07114947983991292,0.3779625934323447,5.221968468262784,-17.090431969619473,0.12361482673322954,0.0025847444458423547,46.82042694091797,0.2554379078232865,1,4,1,1,1,1,179.51095930531085,60.00862641116551,197.58245285394565,291.9926944884781,729.0947330589001,0.24621074761050152,0.08230566439480463,0.27099695539562196,0.40048663259907186,0.11316232517343504
21.279999999999635,-0.10108463302831684,-0.0711490777441693,0.37795940177554327,5.221329090645968,-17.09054636184478,0.12361348752589796,0.0025719121957786376,46.82084655761719,0.25544311672792935,1,4,1,1,1,1,179.51413317227195,60.004722845047425,197.58282823350245,291.99475582709596,729.0964400779178,0.24621452431325472,0.0823001177164365,0.2709968357716669,0.4004885221986419,0.1131649711373284
21.299999999999635,-0.10108328433063163,-0.07114867683872839,0.3779562272222981,5.220693295112436,-17.090660013635524,0.12361215388047052,0.0025591942894012945,46.82126998901367,0.25544836053115266,1,4,1,1,1,1,179.51724368707931,60.00083217395106,197.58320206452694,291.99680679789526,729.0980847234525,0.24621823517088287,0.08229459579050934,0.2709967372078208,0.40049043183078703,0.11316761616324084
21.319999999999634,-0.10108194174489736,-0.07114827731394999,0.3779530699589976,5.220061091809398,-17.09077292942128,0.12361082602936345,0.002546555313408726,46.821685791015625,0.2554535327475506,1,4,1,1,1,1,179.52043541961558,59.997003463004866,197.5836185361726,291.9988073545014,729.0998647732945,0.24622201167934035,0.08228914358893794,0.27099664680037905,0.40049219793134266,0.11317018751525201
21.339999999999634,-0.10108060525645064,-0.0711478792083613,0.377949929835024,5.219432475839588,-17.090885132477553,0.12360950398273575,0.002533759801595394,46.82209396362305,0.255458586176089,1,4,1,1,1,1,179.52354862260123,59.99310108949277,197.58403373305202,292.0008345320918,729.1015179772378,0.2462257232993525,0.08228360469737182,0.27099660179176926,0.40049407021150646,0.11317282897580634
21.359999999999634,-0.1010792748511354,-0.07114748235210722,0.37794680675228665,5.218807407210326,-17.090996612355745,0.12360818763121956,0.002521225233805148,46.82250213623047,0.25546367079126414,1,4,1,1,1,1,179.5266203798215,59.98934767110993,197.5844215915929,292.0028162851371,729.1032059276614,0.24622936632325465,0.08227826620894303,0.2709965063727842,0.40049586109501817,0.11317536740695362
21.379999999999633,-0.10107795058980812,-0.07114708665788085,0.37794370055644877,5.218185860896677,-17.091107383015895,0.12360687697429985,0.002508637228633062,46.822906494140625,0.2554686588493264,1,4,1,1,1,1,179.52968054216817,59.985514982226505,197.58483985364012,292.0048141619959,729.1048495400307,0.24623300840123033,0.08227282402533666,0.2709964691337469,0.4004976984396861,0.11317796245058927
21.399999999999633,-0.10107663231764835,-0.07114669211840008,0.3779406112508813,5.217567796508554,-17.091217449377325,0.12360557188115545,0.00249597440950307,46.823307037353516,0.25547364421351937,1,4,1,1,1,1,179.53272742222376,59.98180878128251,197.58523861505608,292.00676360090483,729.1065384194671,0.24623661695780266,0.0822675502421211,0.2709963883239544,0.4004994444761219,0.11318046304903208
21.419999999999632,-0.10107532018412255,-0.0711462988658143,0.37793753901122323,5.216953224219234,-17.091326844064422,0.12360427255004844,0.0024836791020166615,46.82370376586914,0.25547858288298025,1,4,1,1,1,1,179.53581128538957,59.97802962960472,197.58567550338546,292.0087117644684,729.108228182848,0.246240275922884,0.08226217632886629,0.2709963594785194,0.4005011882697304,0.11318300203322984
21.439999999999632,-0.10107401413928932,-0.07114590698755337,0.3779344833619258,5.216342138354865,-17.091435540868808,0.12360297899043879,0.002471012039401093,46.82410430908203,0.255483511178955,1,4,1,1,1,1,179.53879002844144,59.97424983312339,197.58611678231927,292.0106361513743,729.1097927952584,0.24624383296255878,0.08225681567544764,0.2709963831713388,0.4005029681906548,0.11318555143947133
21.45999999999963,-0.10107271389153014,-0.07114551636533671,0.37793144397423106,5.215734478591445,-17.091543518116378,0.12360169089575394,0.0024585649844872776,46.82448959350586,0.2554883604170148,1,4,1,1,1,1,179.54176397038725,59.9705547887373,197.58653705362497,292.01255441976343,729.111410232513,0.24624736556122684,0.08225156532609021,0.27099635841745334,0.4005047106952295,0.11318804553598731
21.47999999999963,-0.10107141936834323,-0.07114512707410946,0.37792842127898846,5.215130220166476,-17.091650823081473,0.12360040824982209,0.002446024260569071,46.82487869262695,0.25549319647605295,1,4,1,1,1,1,179.5447957684702,59.96691499369325,197.58696355269086,292.01445439587667,729.113128710731,0.24625094337000067,0.08224637937837022,0.2709963046503881,0.4005063726012411,0.11319048729888498
21.49999999999963,-0.10107013105444941,-0.07114473914849442,0.37792541556125425,5.214529367394781,-17.09175750727718,0.12359913146891807,0.002434034894276767,46.82526397705078,0.25549797754460374,1,4,1,1,1,1,179.54781889137956,59.963259928924536,197.58740219387602,292.0163261025584,729.1148071167386,0.2462545227978509,0.08224117703225278,0.2709962824307864,0.4005080177391099,0.11319293105431245
21.51999999999963,-0.10106884878696298,-0.07114435248078646,0.37792242660169567,5.213931914592869,-17.091863572564154,0.12359786035782487,0.0024215469633417676,46.82564926147461,0.2555027522825956,1,4,1,1,1,1,179.55073353531589,59.95958511874486,197.5878429898558,292.01819877295145,729.116360416868,0.2462579956821416,0.08223596173930772,0.2709963096656974,0.40050973291285324,0.11319540610259562
21.53999999999963,-0.10106757247029073,-0.07114396706664707,0.377919454045788,5.213337826674812,-17.09196899803992,0.12359659483585149,0.0024092596840955575,46.826026916503906,0.255507436564517,1,4,1,1,1,1,179.55365593417818,59.9559129054716,197.58830096995484,292.0200592354439,729.1179290450485,0.24626147401058418,0.08223074830157856,0.27099635477177636,0.4005114229160609,0.11319787291943857
21.55999999999963,-0.1010663020582257,-0.07114358290119462,0.37791649742118466,5.212747058058746,-17.092073744158338,0.12359533486237928,0.0023968955700458877,46.82640075683594,0.25551207310957114,1,4,1,1,1,1,179.55649942540305,59.95234967381404,197.58875609055963,292.0218838194721,729.1194890092488,0.2462648470271865,0.08222568533352365,0.2709963991760111,0.4005130684632788,0.11320027008153093
21.57999999999963,-0.10106503742826882,-0.07114319999351022,0.37791355660335635,5.212159615154557,-17.09217780445739,0.12359408034244185,0.002384803087577149,46.826778411865234,0.2555167644086983,1,4,1,1,1,1,179.55944361915348,59.94868792802084,197.58922742636298,292.02374128853444,729.1211002620718,0.24626834082104263,0.08222048148993792,0.27099644675670814,0.40051473093231127,0.11320272425578977
21.59999999999963,-0.10106377851358754,-0.07114281842905527,0.3779106317021344,5.211575479041449,-17.09228119571532,0.12359283127055956,0.0023726095417865496,46.827152252197266,0.2555213528821569,1,4,1,1,1,1,179.5623494459107,59.945143762784554,197.58968779801216,292.02556788560275,729.1227488923103,0.24627176935393036,0.08221543471775328,0.2709964654074944,0.40051633052082186,0.11320509856424776
21.619999999999628,-0.10106252542759331,-0.07114243799696406,0.37790772273414697,5.210994614063102,-17.092383940379502,0.12359158761806897,0.002360591542839051,46.8275146484375,0.2555259392288203,1,4,1,1,1,1,179.56513992740082,59.94166793685406,197.59016027960746,292.0273717681011,729.1243399119635,0.24627505913337364,0.08221048819202989,0.27099652207943714,0.4005179305951592,0.11320743883166233
21.639999999999628,-0.1010612782440089,-0.07114205885278956,0.3779048297855223,5.2104170125272855,-17.092486069926483,0.12359034953477055,0.0023486056557091733,46.827880859375,0.25553046840746746,1,4,1,1,1,1,179.56805938937592,59.93807743936402,197.5906196236467,292.02916289352123,729.125919345908,0.24627852970919584,0.08220538572148678,0.27099656503900366,0.40051951953031356,0.11320983109371943
21.659999999999627,-0.10106003688814907,-0.0711416811394287,0.3779019525210765,5.2098426553078765,-17.092587560267063,0.12358911704182612,0.0023367017068280627,46.828250885009766,0.255535007005973,1,4,1,1,1,1,179.57087370552586,59.9345468996826,197.59110860077323,292.03094397995454,729.1274731859362,0.24628186470726107,0.08220036839072525,0.27099665815278523,0.4005211087492285,0.11321219537989871
21.679999999999627,-0.10105880128616324,-0.07114130477825831,0.37789909055572746,5.209271516639891,-17.09268838803309,0.12358789003356788,0.002324800046582515,46.82862091064453,0.25553955533144496,1,4,1,1,1,1,179.5736272384156,59.931041885420036,197.59160302492387,292.0327270645984,729.1289992133579,0.24628512572144826,0.08219538922478517,0.2709967690739243,0.4005227159798423,0.11321455297997114
21.699999999999626,-0.10105757159170663,-0.07114092978211135,0.3778962441944175,5.208703579706367,-17.092788567982147,0.12358666864300619,0.0023129794271235437,46.8289680480957,0.2555439193264089,1,4,1,1,1,1,179.57654768420682,59.92759797056323,197.59208031929094,292.0344767251596,729.1307026992206,0.2462885556998487,0.08219047387349485,0.2709967905449748,0.4005241798816817,0.1132168337967435
21.719999999999626,-0.10105634777307139,-0.07114055601140827,0.3778934137998331,5.2081388314584265,-17.092888191990138,0.1235854527638438,0.00230088504877084,46.829322814941406,0.2555483055379096,1,4,1,1,1,1,179.57924342500843,59.92420161785131,197.5925748598495,292.03619692109584,729.132216823805,0.24629174144475335,0.08218564512056392,0.270996906048931,0.4005257073857518,0.11321911006177632
21.739999999999625,-0.1010551296463268,-0.07114018351473879,0.3778905989851169,5.207577260805992,-17.092987222896205,0.12358424227362738,0.0022891004331695598,46.82967758178711,0.2555526855116176,1,4,1,1,1,1,179.58201748474366,59.92070862260829,197.5930684536195,292.0379047142817,729.1336992752531,0.24629504528901247,0.08218068741325286,0.27099703202584624,0.4005272352718885,0.11322143379125671
21.759999999999625,-0.10105391722897442,-0.07113981241130855,0.3778877996175523,5.207018843741094,-17.09308565463864,0.12358303725526648,0.0022775612945922087,46.830020904541016,0.25555699568233153,1,4,1,1,1,1,179.58483372400516,59.91727028479049,197.59355963203967,292.0395836454379,729.1352472862732,0.24629838482283184,0.08217579729932568,0.27099713032314904,0.40052868755469356,0.11322370580600902
21.779999999999625,-0.10105271040813989,-0.0711394425010793,0.3778850154802356,5.206463546734748,-17.09318348969261,0.12358183750129204,0.0022656358910553374,46.83037185668945,0.25556130647260716,1,4,1,1,1,1,179.58748544586723,59.913888272464604,197.59406727405292,292.0413001813289,729.1367411737136,0.24630151699224453,0.08217099055524124,0.2709972713156379,0.40053022113687636,0.11322597765750025
21.799999999999624,-0.10105150931919463,-0.07113907384500792,0.37788224633037615,5.205911359043475,-17.09328069229619,0.12358064315746527,0.0022541576101326633,46.83072280883789,0.2555656256822147,1,4,1,1,1,1,179.59024302814566,59.910471777644645,197.59458867457218,292.04298952972715,729.1382930100897,0.24630477475918347,0.08216613000850254,0.27099740963932323,0.4005316855929907,0.11322824535526878
21.819999999999624,-0.1010503137899654,-0.07113870650661414,0.37787949210682165,5.205362253451469,-17.093377285913146,0.12357945411954471,0.0022424460227141356,46.831050872802734,0.255569794255364,1,4,1,1,1,1,179.59293256882825,59.9071304809631,197.59507489560286,292.0446470544083,729.1397849998025,0.24630795941120795,0.08216137935880062,0.27099752195754395,0.4005331392724475,0.11323046817224741
21.839999999999623,-0.10104912389679291,-0.07113834052473973,0.3778767529649192,5.204816230779736,-17.093473290284756,0.12357827047229311,0.002230965840359222,46.831398010253906,0.2555740359442247,1,4,1,1,1,1,179.5956440211497,59.903782378413865,197.59561309010257,292.0463125712968,729.141352060963,0.24631114874161442,0.08215661093571519,0.2709976776541152,0.4005345626685552,0.11323268951684257
21.859999999999623,-0.10104793952620328,-0.07113797586143968,0.3778740286257942,5.204273268645491,-17.093568694417478,0.12357709210106058,0.002219356950155929,46.83173370361328,0.2555782084973569,1,4,1,1,1,1,179.59831063796727,59.90043181840831,197.59610859285067,292.04795846009847,729.1428095093247,0.24631431359630032,0.08215185151276222,0.2709978155388004,0.40053601935213706,0.11323491799644744
21.879999999999622,-0.10104676054733254,-0.07113761238196331,0.37787131901932336,5.203733318378271,-17.09366351467386,0.12357591882125102,0.002207703463088343,46.83207321166992,0.25558235528824536,1,4,1,1,1,1,179.60090435582939,59.89717392145525,197.59662845937822,292.04959255889645,729.1442992955592,0.24631736753526756,0.08214721555023209,0.2709979748182633,0.40053744209623715,0.11323709137111052
21.899999999999622,-0.10104558722643679,-0.07113725014801776,0.37786862420252987,5.2031963878296725,-17.093757748469994,0.1235747508860815,0.0021966061844054478,46.832401275634766,0.2555864746378424,1,4,1,1,1,1,179.60360587607468,59.893885524256234,197.59713227108978,292.0512017528401,729.1458254242607,0.24632055703201833,0.08214253368234864,0.2709980985711822,0.400538810714451,0.11323926105161418
21.91999999999962,-0.10104441935857511,-0.07113688923173281,0.3778659440317404,5.20266245995638,-17.093851413634244,0.12357358816947661,0.0021851038830524054,46.83272933959961,0.25559054120765123,1,4,1,1,1,1,179.60620323829463,59.89058690246975,197.59766107504433,292.0528196532215,729.1472708690302,0.24632363092332768,0.08213784690037923,0.27099828658693137,0.4005402355893617,0.11324145520050935
21.93999999999962,-0.101043256943446,-0.07113652976444954,0.3778632781339982,5.202131521630427,-17.093944469574993,0.12357243074677969,0.0021736384013155267,46.83306121826172,0.25559459920487454,1,4,1,1,1,1,179.60880513554181,59.887301452340445,197.59820431426317,292.05441263665705,729.1487235388024,0.24632670858126207,0.08213317738758062,0.2709984917140814,0.40054162231707596,0.11324363106590138
21.95999999999962,-0.10104209992401314,-0.07113617160369841,0.37786062658441727,5.201603543951794,-17.09403693104181,0.12357127848932002,0.0021625948135174395,46.83338928222656,0.25559866780924617,1,4,1,1,1,1,179.6114336348606,59.88409443256278,197.59872617422354,292.0560019995501,729.150256241197,0.24632979567306987,0.08212860644288605,0.27099863777440614,0.400542960109638,0.11324575135690702
21.97999999999962,-0.10104094840731948,-0.07113581484174013,0.3778579895620602,5.201078524996006,-17.09412883626559,0.12357013153771801,0.0021513328083345535,46.83370590209961,0.2556026194576465,1,4,1,1,1,1,179.61404524041856,59.88086201119202,197.5992769856789,292.0575520030126,729.1517362403021,0.24633287738784765,0.08212400661617221,0.2709988431277044,0.40054427286827576,0.11324787685537349
21.99999999999962,-0.10103980240060104,-0.0711354594328239,0.3778553669123532,5.2005564323115765,-17.09422018596235,0.12356898987153467,0.0021401008193441926,46.83403396606445,0.2556066649242193,1,4,1,1,1,1,179.61660570566204,59.87764078406678,197.59982614181456,292.0591315192064,729.1532041507498,0.2463358930375446,0.08211942352198358,0.2709990507028774,0.40054563273759436,0.11325001247815393
22.01999999999962,-0.10103866181672956,-0.07113510528243808,0.37785275862317036,5.200037248840759,-17.09431098652419,0.12356785336510057,0.0021289013553820353,46.834346771240234,0.2556105377490509,1,4,1,1,1,1,179.61915840957724,59.87448934973186,197.60036518452878,292.06066468182826,729.1546776256662,0.24633889615090726,0.08211493553699763,0.2709992423390486,0.4005469259730464,0.11325209010200245
22.03999999999962,-0.10103752671753599,-0.07113475238464201,0.37785016477252104,5.199520954469385,-17.094401266694152,0.12356672206553483,0.0021179097730196416,46.83466339111328,0.2556144897002295,1,4,1,1,1,1,179.62170529104208,59.871340583074144,197.60089046239978,292.0621751732197,729.1561115097356,0.24634190464252015,0.08211045568706687,0.2709994298110761,0.400548209859337,0.11325416139759505
22.05999999999962,-0.10103639711326452,-0.0711344008164585,0.3778475853264952,5.199007555598364,-17.094491023938684,0.1235655960255356,0.0021067422092251238,46.8349723815918,0.25561825852102554,1,4,1,1,1,1,179.62427081060545,59.868152653758884,197.60143467132144,292.06368962341935,729.1575477591051,0.24634493788432768,0.08210592187895417,0.2709996423661843,0.40054949787053384,0.11325625505437083
22.079999999999618,-0.10103527285708545,-0.07113405056691835,0.37784501994261105,5.1984970125225285,-17.094580248921087,0.12356447511871123,0.002095807207875928,46.835289001464844,0.25562219857260166,1,4,1,1,1,1,179.6267468097809,59.864978024275686,197.60197431053433,292.06522566322906,729.15892480782,0.24634786834313802,0.0821014129945045,0.27099987065592746,0.40055084800643004,0.11325836170797929
22.099999999999618,-0.10103415405202171,-0.0711337015845773,0.3778424682632492,5.197989331921891,-17.094668903763047,0.1235633593996673,0.002084759279984935,46.83559036254883,0.2556259293784409,1,4,1,1,1,1,179.6292002254703,59.86187862787959,197.60254592746423,292.06670814460915,729.1603329254233,0.24635075732217915,0.08209700380670888,0.27100013125326516,0.4005521076178468,0.11326040319065182
22.119999999999617,-0.10103304041158075,-0.07113335386882903,0.3778399303567938,5.197484470677446,-17.094757000537538,0.12356224863378039,0.0020737310754598277,46.83589553833008,0.25562973660525334,1,4,1,1,1,1,179.63173614448328,59.85879006801979,197.60308765430105,292.0682072084171,729.1618210752213,0.2463537323986581,0.08209260048716222,0.27100032111241884,0.4005533460017608,0.11326243150062482
22.139999999999617,-0.10103193201555823,-0.07113300742096325,0.37783740620679485,5.196982420886375,-17.09484456647022,0.1235611428870225,0.0020628340616740746,46.83620071411133,0.25563345723653186,1,4,1,1,1,1,179.63415416783795,59.85568899320276,197.6036481830713,292.06969726708974,729.1631886112018,0.2463565865276023,0.08208819360067628,0.2710005815837144,0.40055463828800697,0.11326448331990668
22.159999999999616,-0.1010308289002549,-0.0711326623326567,0.3778348958691603,5.196483169601078,-17.094931597623898,0.12356004224183617,0.0020521213530709484,46.83650207519531,0.2556372374427302,1,4,1,1,1,1,179.63668267544887,59.85264581187782,197.60420902601928,292.0711386092451,729.1646761225911,0.2463595516319929,0.08208385262181168,0.2710007978949284,0.4005557978512669,0.11326646369679416
22.179999999999616,-0.10102973109147917,-0.07113231856942213,0.3778323991885345,5.195986699512887,-17.095018117219603,0.12355894669945333,0.002041349425413789,46.83680725097656,0.25564094643957114,1,4,1,1,1,1,179.63909578131484,59.8495545333371,197.6047707031474,292.0725958145074,729.1660168323067,0.24636240805861384,0.08207946222362318,0.27100106990942296,0.4005570598083401,0.1132684998992573
22.199999999999616,-0.10102863848521118,-0.07113197614833792,0.3778299159924088,5.19549299494479,-17.095104101469342,0.12355785618463606,0.002030501435859222,46.837100982666016,0.2556445930615329,1,4,1,1,1,1,179.64155738661992,59.84650264223436,197.6053036804071,292.07403615159893,729.1673998608603,0.24636531668982886,0.0820751210951755,0.27100128683497665,0.40055827538001904,0.11327049948253938
22.219999999999615,-0.10102755107371407,-0.07113163498662325,0.37782744599730783,5.1950020223897955,-17.095189538491926,0.12355677064338526,0.002019875449569429,46.8373908996582,0.2556482210875207,1,4,1,1,1,1,179.6439384027007,59.843479535577714,197.60586927133022,292.075463239917,729.1687504495256,0.24636812574860334,0.08207082311013024,0.2710015605434381,0.4005594905978283,0.11327248641641134
22.239999999999615,-0.10102646873143091,-0.07113129501167072,0.3778249894397771,5.194513789154214,-17.095274449829756,0.12355568993122137,0.002009435368209939,46.83769226074219,0.25565195523607726,1,4,1,1,1,1,179.64636275273992,59.840512281634446,197.60642555769482,292.0768946836705,729.1701952757396,0.24637096238527095,0.08206659113241105,0.2710017864662843,0.4005606600160338,0.1132744312578274
22.259999999999614,-0.10102539177911556,-0.07113095631296529,0.37782254662779985,5.1940282758317835,-17.095358878540317,0.1235546143619119,0.001999338400448089,46.83797836303711,0.25565548045690084,1,4,1,1,1,1,179.6488255112606,59.83753386448636,197.60702064001742,292.0783058036844,729.1716858194488,0.24637383623771658,0.08206233871689693,0.27100204860251137,0.40056177644287505,0.11327636747354419
22.279999999999614,-0.10102432116837133,-0.07113061916147066,0.37782011810842486,5.193545524707495,-17.095442874582503,0.1235535448695197,0.0019903661728922777,46.8382682800293,0.25565904640933457,1,4,1,1,1,1,179.65142919798495,59.83449770390275,197.607559800407,292.07966688435647,729.1731535866511,0.24637691104549989,0.08205800969164773,0.2710022425104606,0.40056283675239185,0.11327830869555136
22.299999999999613,-0.10102325749763898,-0.0711302834841651,0.37781770417760974,5.193065529027768,-17.09552649730596,0.12355248190130362,0.0019812316850729324,46.83854675292969,0.25566255389647424,1,4,1,1,1,1,179.65393675060147,59.83145706836049,197.608137272978,292.08100213573863,729.1745332276787,0.2463798837781215,0.08205368446360511,0.2710025217121461,0.4005639100461271,0.11328025762501343
22.319999999999613,-0.10102220091119067,-0.07112994918033892,0.37781530436634453,5.19258826220228,-17.09560970959509,0.1235514255172257,0.0019723853446145675,46.83884048461914,0.25566611339188666,1,4,1,1,1,1,179.65641069194044,59.82837692294052,197.60869264546554,292.08233943611265,729.1758196964591,0.24638284188678622,0.08204931555169484,0.27100280523252396,0.40056503732899496,0.11328224103206462
22.339999999999613,-0.10102115142982936,-0.07112961618815658,0.37781291868980105,5.192113690371065,-17.095692517323563,0.12355037569867193,0.0019633767907812328,46.8391227722168,0.25566956767664456,1,4,1,1,1,1,179.65892399405436,59.82537456863706,197.60924730424514,292.08362229045656,729.1771681573931,0.2463858330178475,0.08204504636344255,0.27100306473335867,0.4005660558853513,0.11328415000243572
22.359999999999612,-0.10102010924951345,-0.07112928436939009,0.37781054718983237,5.191641796825891,-17.095774934812468,0.12354933252626335,0.0019543213965419093,46.839393615722656,0.2556729507731343,1,4,1,1,1,1,179.66136560050901,59.82236690498058,197.60981805176667,292.0849276908703,729.1784782481266,0.24638873877922302,0.08204077422677866,0.27100336055793944,0.40056712643605885,0.11328607973608626
22.37999999999961,-0.10101907416269215,-0.07112895362475623,0.37780818971002583,5.191172577562144,-17.095856962005477,0.12354829577311141,0.0019454586490156285,46.83966827392578,0.25567637514867136,1,4,1,1,1,1,179.66380998958198,59.819373750869076,197.61035117998375,292.08619666010395,729.1797315805388,0.24639166752502895,0.0820365283895195,0.27100362588473487,0.40056817820071655,0.11328799191185629
22.39999999999961,-0.10101804621206474,-0.07112862392982382,0.3778058460736137,5.190706011435932,-17.09593858716575,0.12354726546003822,0.0019364336252092982,46.83993911743164,0.2556797039474705,1,4,1,1,1,1,179.66622428881053,59.81636476600032,197.61090183658706,292.08747414406184,729.1809650354597,0.2463945617122266,0.082032263092731,0.27100392263664935,0.40056925255839304,0.11328992056789075
22.41999999999961,-0.10101702516162955,-0.0711282952432095,0.37780351563811276,5.190242078171199,-17.096019752552795,0.12354624137022735,0.0019277057662886125,46.8402099609375,0.2556830567182037,1,4,1,1,1,1,179.66857084101804,59.81340928641052,197.61146366674117,292.088731343988,729.1821751381577,0.24639737087234248,0.08202807381444521,0.2710042433899318,0.4005703119232805,0.11329181788215599
22.43999999999961,-0.10101601090861294,-0.07112796753825375,0.3778011987565299,5.189780747108259,-17.096100494746516,0.12354522340427365,0.0019187948884670455,46.840484619140625,0.25568640324618935,1,4,1,1,1,1,179.6710021487815,59.81047775266149,197.61199794695688,292.09001376691947,729.1834916153193,0.246400260311388,0.08202390542353982,0.2710044868256659,0.40057134743940626,0.11329369533596478
22.45999999999961,-0.10101500324173314,-0.07112764095807955,0.3777988950062438,5.18932199638087,-17.096180802665067,0.12354421147179998,0.0019099905607166227,46.84074783325195,0.25568964971779823,1,4,1,1,1,1,179.6733166156585,59.80753790767643,197.61254209450146,292.0912630626471,729.1846596804835,0.24640303965581,0.0820197423432949,0.2710047989505045,0.4005724190503906,0.11329558689967612
22.47999999999961,-0.10101400206453853,-0.07112731560153672,0.3777966039608662,5.188865838803955,-17.096260630937717,0.12354320555083231,0.0019011853859498638,46.84100341796875,0.255692831772616,1,4,1,1,1,1,179.6756772150402,59.804615163332905,197.6130957583654,292.0924659631164,729.1858540998549,0.24640587335150824,0.0820155997638748,0.2710051143302956,0.40057341255432144,0.11329744465933331
22.49999999999961,-0.10101300719773408,-0.07112699147123165,0.3777943255092454,5.188412255129453,-17.096339972869885,0.12354220549625192,0.0018925540661443325,46.841278076171875,0.2556961277624467,1,4,1,1,1,1,179.6780325614199,59.80168695857745,197.61366214673905,292.0936980588202,729.1870797255566,0.24640868928868728,0.0820114461999038,0.27100543556135787,0.40057442895005113,0.1132993145359112
22.51999999999961,-0.10101201853873981,-0.07112666852304687,0.3777920595242366,5.18796120336155,-17.096418829943083,0.12354121119876599,0.0018839020508146947,46.841529846191406,0.2556993031868059,1,4,1,1,1,1,179.6803396530145,59.79883687341822,197.61420200291724,292.0949084843875,729.1882870137374,0.24641144523709202,0.08200740184447264,0.2710057272206216,0.4005754256978138,0.1133011365349835
22.53999999999961,-0.10101103616706496,-0.07112634690728536,0.3777898063636001,5.187512684377673,-17.096497244194033,0.12354022280989947,0.0018753114355901145,46.84178924560547,0.255702463214545,1,4,1,1,1,1,179.68275180393653,59.795953600949176,197.61475672216557,292.09609752574534,729.1895596527966,0.24641432316926262,0.08200330464059442,0.271006014974021,0.400576357216122,0.1133029553316918
22.559999999999608,-0.10101005978909834,-0.07112602642060092,0.37778756591289403,5.187066660940618,-17.09657523551533,0.12353923997249312,0.0018667425369042758,46.842044830322266,0.2557056267192517,1,4,1,1,1,1,179.6849593826675,59.79317358221624,197.61529333490728,292.0972701679049,729.190696467696,0.24641696644387695,0.081999364325221,0.27100632837498345,0.4005773408559186,0.11330473636131817
22.579999999999607,-0.10100908934607403,-0.07112570673802292,0.37778533787359103,5.186623121755747,-17.096652767647708,0.12353826245138144,0.0018579875071137817,46.84229278564453,0.2557086745023182,1,4,1,1,1,1,179.68714416448148,59.7903993951004,197.6158472400956,292.09850071184303,729.1918915115205,0.24641955876938412,0.08199542547183655,0.27100664384852596,0.4005783719102535,0.11330653312443699
22.599999999999607,-0.10100812491991569,-0.07112538826588384,0.37778312210927284,5.186182069781643,-17.096729827272206,0.12353729054747,0.001849451125976083,46.84254455566406,0.2557117842152742,1,4,1,1,1,1,179.68950477094796,59.78750949037078,197.6164015003841,292.09968533132525,729.1931010930281,0.24642238729576757,0.08199132630403655,0.27100695440503464,0.4005793319951612,0.11330836366661376
22.619999999999607,-0.101007166353991,-0.07112507104332559,0.37778091832840266,5.185743500225336,-17.096806418222272,0.1235363241552092,0.0018409221454642433,46.8427848815918,0.2557147610869687,1,4,1,1,1,1,179.691691516367,59.784739536221196,197.61692725740855,292.10083902082266,729.1941973308194,0.24642501568734346,0.08198740439112158,0.27100726799633884,0.4005803119251961,0.113310136841577
22.639999999999606,-0.1010062135456478,-0.07112475483130544,0.37777872661534767,5.185307364869072,-17.096882538237335,0.12353536305302346,0.001832423462307445,46.84303283691406,0.25571780788990356,1,4,1,1,1,1,179.6938994164078,59.78203079191263,197.61749011761074,292.10201870800984,729.195439033941,0.246427623922705,0.08198355007693627,0.2710075784064421,0.40058124759391656,0.11331187028841046
22.659999999999606,-0.1010052664050643,-0.071124439851592,0.3777765470198733,5.184873659921036,-17.096958213475713,0.12353440729513676,0.0018239958071150318,46.8432731628418,0.2557208073212226,1,4,1,1,1,1,179.69616888820116,59.77924545532014,197.61801601490538,292.1031475673137,729.1965779257404,0.24643035133182015,0.08197960229787024,0.27100787633568724,0.40058217003462243,0.11331363249413942
22.679999999999605,-0.10100432493003589,-0.07112412622810255,0.3777743795956078,5.184442409685393,-17.097033454547233,0.12353345695107594,0.0018155005285883665,46.84351348876953,0.2557237408910955,1,4,1,1,1,1,179.69837720176707,59.77650074924861,197.61857366759105,292.1042803222987,729.1977319409054,0.2464329897508923,0.08197570855046615,0.27100821219176,0.4005830895068815,0.1133153761677631
22.699999999999605,-0.10100338894604474,-0.07112381386870632,0.37777222416195055,5.184013559969039,-17.097108259097197,0.1235325118250915,0.0018071238303080208,46.843753814697266,0.2557267455306337,1,4,1,1,1,1,179.70055940913886,59.77378249880809,197.6191333227606,292.10540491320353,729.1988801439111,0.24643559432465673,0.08197185174915715,0.27100855295301535,0.4005840009731708,0.11331710400320553
22.719999999999605,-0.10100245846356862,-0.07112350250796765,0.37777008061976275,5.183587081168852,-17.09718263238849,0.12353157177291069,0.0017986120569112604,46.84397888183594,0.25572954504336126,1,4,1,1,1,1,179.70264612367845,59.77114577588949,197.61967032691194,292.10651731038445,729.1999795368644,0.2464380844302995,0.081968112250705,0.27100888079073426,0.40058492252826117,0.11331879202943246
22.739999999999604,-0.101001533333632,-0.07112319225159972,0.377767948894597,5.183162985477769,-17.09725656774524,0.1235306367335763,0.0017902530319090528,46.84421920776367,0.2557324611246132,1,4,1,1,1,1,179.70483594985492,59.7684206488975,197.6202098785578,292.10764495922643,729.2011114365366,0.2464407049460386,0.08196424787553169,0.27100920003981227,0.4005858471386175,0.11332052596295698
22.759999999999604,-0.10100061348057691,-0.07112288315083201,0.3777658288991548,5.182741262267838,-17.097330062858443,0.12352970667470962,0.0017820414795428085,46.844444274902344,0.25573531638931296,1,4,1,1,1,1,179.70696723761353,59.7657718307895,197.6207568734872,292.10874394676244,729.2022398886527,0.24644324634144613,0.08196048854692983,0.2710095307766243,0.4005867343349997,0.11332220970214514
22.779999999999603,-0.10099969897934802,-0.0711225751666686,0.37776372033082584,5.182321899891523,-17.09740310179382,0.12352878163512072,0.001773637014856545,46.84467697143555,0.25573810629794397,1,4,1,1,1,1,179.70906158655743,59.76310148541959,197.62131817946047,292.10984795152,729.2033292029575,0.24644575029983085,0.0819567041071282,0.2710098956836454,0.4005876499093955,0.11332391407746066
22.799999999999603,-0.10099878976337599,-0.0711222683986843,0.37776162329013346,5.1819048709962825,-17.097475693119723,0.12352786161769785,0.001765396839576813,46.844905853271484,0.25574097187532613,1,4,1,1,1,1,179.71122926037737,59.76046347976873,197.62186213444798,292.11093205540965,729.2044869300037,0.24644833168398736,0.08195295633926226,0.271010211369445,0.4005885006073055,0.11332558043959677
22.819999999999602,-0.10099788561813995,-0.07112196277294444,0.3777595377364151,5.181490148347331,-17.09754786797897,0.1235269464044626,0.0017570673313901033,46.84512710571289,0.2557436887703558,1,4,1,1,1,1,179.71323862688217,59.757888948464284,197.6224011761526,292.11199773653686,729.205526488036,0.24645073590213762,0.08194930890920055,0.27101056423410824,0.40058939095455354,0.11332722590934474
22.839999999999602,-0.1009969864775249,-0.0711216582591609,0.37775746362914714,5.181077721856287,-17.097619619741845,0.12352603592390642,0.0017488461500363287,46.8453483581543,0.25574642508917983,1,4,1,1,1,1,179.71533819284141,59.75531365722802,197.62292021778683,292.1130671374012,729.2066392052575,0.24645323908283157,0.08194565222603255,0.271010862480861,0.4005902462102749,0.11332885986653843
22.8599999999996,-0.10099609231073535,-0.07112135483652926,0.3777554009508632,5.1806675846962,-17.0976909570792,0.12352513013885912,0.0017405986278993396,46.84556198120117,0.25574907501985517,1,4,1,1,1,1,179.71737692516822,59.752730869175224,197.62346890025847,292.1141249733891,729.2077016679909,0.2464556758164819,0.08194199092041503,0.2710112200518648,0.40059111321123836,0.11333050272982514
22.8799999999996,-0.10099520311536903,-0.07112105256114448,0.3777533495421756,5.180259739228001,-17.097761864952783,0.12352422907964138,0.0017325108690054913,46.84578323364258,0.2557518239286202,1,4,1,1,1,1,179.7194238510698,59.750154665597464,197.62402442688222,292.11517744148136,729.2087803850309,0.24645811828565176,0.08193833682864964,0.27101158096661204,0.4005919639190865,0.11333213763725937
22.8999999999996,-0.10099431885687025,-0.07112075149346782,0.37775130921025774,5.1798541795253215,-17.097832333290423,0.12352333275279932,0.0017243634079727394,46.84600067138672,0.25575453257200614,1,4,1,1,1,1,179.72147731211442,59.74756473747784,197.6245797529454,292.1162397994369,729.2098616019746,0.24646056886462128,0.08193466364568985,0.2710119406761603,0.40059282681352854,0.11333378357237238
22.9199999999996,-0.10099343950191222,-0.0711204516007485,0.37774927976037703,5.179450851439156,-17.097902361874997,0.12352244111221578,0.0017161442703994194,46.84621047973633,0.2557571115629987,1,4,1,1,1,1,179.7234463412591,59.74507478807483,197.625117845111,292.11726590083777,729.2109048752827,0.2464629164754431,0.08193113184215622,0.27101229085282386,0.40059366082957676,0.1133353678829513
22.9399999999996,-0.10099256505011248,-0.07112015288586716,0.3777472614357679,5.179049753880104,-17.097971976013554,0.12352155415922486,0.0017081389483116353,46.8464241027832,0.25575975615830815,1,4,1,1,1,1,179.72549436158246,59.74256039120751,197.6256678413523,292.1182939174503,729.2120165115925,0.24646534929766245,0.08192755884222015,0.27101263194585684,0.40059445991426057,0.11333695479683888
22.9599999999996,-0.10099169547856017,-0.07111985539869493,0.37774525439298723,5.17865089825073,-17.098041204391343,0.12352067190379717,0.001699987587066129,46.84663391113281,0.25576232434586643,1,4,1,1,1,1,179.7275193513807,59.74004009846293,197.62622995757522,292.11930830673884,729.2130977141577,0.24646776081610045,0.08192398118701959,0.2710130009692204,0.4005952570276596,0.11333854426300981
22.9799999999996,-0.10099083046011155,-0.07111955903141341,0.37774325863420627,5.178254251384858,-17.098110069531618,0.12351979401636683,0.0016918558955992932,46.84683609008789,0.2557649053138803,1,4,1,1,1,1,179.72948864763285,59.737578042381,197.62671641452164,292.12029030482176,729.2140734093573,0.2464701316135166,0.08192049525742799,0.271013305448893,0.4005960676801623,0.11334010156598445
22.9999999999996,-0.10098997000336016,-0.0711192636983511,0.3777412735791411,5.177859799793109,-17.098178514030984,0.12351892045462179,0.0016838888884228363,46.847042083740234,0.2557674170228025,1,4,1,1,1,1,179.73137391875755,59.73507433784243,197.62727991867825,292.12131567068695,729.2150438459652,0.24647238895516105,0.08191695281379918,0.271013717539848,0.40059694069119184,0.11334170642516499
23.019999999999598,-0.10098911430536035,-0.07111896945673789,0.37773929907835696,5.177467532895141,-17.0982465119591,0.12351805141261563,0.00167609254838892,46.847251892089844,0.2557700118014982,1,4,1,1,1,1,179.73333661269373,59.732641013727644,197.6278562396426,292.12232115213453,729.2161550181985,0.24647470489488574,0.08191349108583167,0.2710140949012718,0.4005977091180108,0.11334324457223242
23.039999999999598,-0.10098826320790923,-0.07111867635355504,0.3777373352777546,5.177077428881102,-17.09831411240266,0.1235171867880404,0.0016681234894709593,46.84745407104492,0.25577248118871504,1,4,1,1,1,1,179.73528079562985,59.73020426360298,197.6283743755389,292.1232935487669,729.2171529835387,0.24647703370697754,0.0819100373862864,0.2710144345438898,0.4005984943628463,0.11334478349987824
23.059999999999597,-0.10098741666757491,-0.07111838449225538,0.3777353821399941,5.17668948836394,-17.09838130537687,0.12351632660494181,0.00166010258318117,46.84764862060547,0.2557749117657075,1,4,1,1,1,1,179.73723986044632,59.727757590080856,197.6289277213537,292.1242756315386,729.2182008034194,0.24647936606960716,0.08190656448820878,0.2710148039415571,0.400599265500627,0.11334632623011982
23.079999999999597,-0.10098657471918494,-0.07111809390695976,0.3777334397462978,5.176303702274054,-17.098448113954458,0.12351547091143146,0.0016521902680822942,46.847843170166016,0.2557773673944919,1,4,1,1,1,1,179.73917967047623,59.72532168820321,197.6294752109165,292.1252535524195,729.2192301220155,0.2464816782744493,0.08190310844958075,0.2710151721833343,0.40060004109263564,0.11334786431123947
23.099999999999596,-0.10098573732639578,-0.07111780444447262,0.3777315079068793,5.175920055914314,-17.098514528508524,0.12351461958957755,0.0016442931504540587,46.848045349121094,0.2557798407763232,1,4,1,1,1,1,179.74103200178345,59.72293973784995,197.63002598281884,292.1262182531188,729.220215975571,0.24648388520238831,0.08189973128755207,0.27101556107906843,0.4006008224309912,0.11334937684966136
23.119999999999596,-0.10098490435976167,-0.0711175160067364,0.37772958668432144,5.175538526833066,-17.09858056028568,0.12351377247707487,0.0016364159193067351,46.84823989868164,0.255782240359588,1,4,1,1,1,1,179.74292840083223,59.720591152404175,197.6305536330148,292.12715463628433,729.2212278225355,0.2464861437694937,0.08189639696958723,0.27101590860587305,0.40060155065504605,0.11335085356058205
23.139999999999596,-0.10098407581468771,-0.07111722858869164,0.37772767586454814,5.17515910247182,-17.098646199239507,0.12351292956724334,0.0016285819391980445,46.84842300415039,0.25578455430037933,1,4,1,1,1,1,179.74478413818892,59.71819246730017,197.63111010108057,292.12812802011604,729.2222147266857,0.2464883550010304,0.08189299675913288,0.27101630492037765,0.40060234331945904,0.1133523787521045
23.159999999999595,-0.10098325163521292,-0.07111694230885449,0.37772577543992636,5.174781773888571,-17.098711451168022,0.12351209088255964,0.0016208021873340146,46.8486213684082,0.25578697702356984,1,4,1,1,1,1,179.74665405327136,59.715833485969654,197.63165413783432,292.1290690855798,729.2232107626551,0.24649058258209317,0.08188964997907307,0.27101668079262325,0.4006030866462106,0.1133538666893158
23.179999999999595,-0.10098243181003441,-0.07111665713755025,0.377723885346428,5.17440653359756,-17.098776319877896,0.12351125639668688,0.0016130800766370483,46.848812103271484,0.25578932988100594,1,4,1,1,1,1,179.74848988005328,59.71350183298435,197.6322001824152,292.1300141082404,729.2242060036932,0.24649276367979334,0.08188634077333676,0.27101705971265344,0.4006038358342165,0.11335534316048947
23.199999999999594,-0.10098161635754864,-0.07111637305968323,0.3777220059597195,5.174033357812452,-17.098840844319522,0.12351042611596469,0.0016052507447956398,46.848995208740234,0.25579163661050947,1,4,1,1,1,1,179.7503759540087,59.711226175517936,197.63272562538532,292.1309353224982,729.2252630774101,0.24649499277554168,0.08188310142126735,0.2710173874000932,0.40060451840309785,0.11335676887589247
23.219999999999594,-0.10098080516224549,-0.0711160900575682,0.3777201370323062,5.173662246024833,-17.098905039206738,0.12350959993576019,0.0015975515333266652,46.849178314208984,0.2557938790403745,1,4,1,1,1,1,179.75212223686395,59.708898910138856,197.63325464360366,292.13182259833127,729.2260983889378,0.24649710512828069,0.08187981620796668,0.27101780240755263,0.40060527625619996,0.11335824156738518
23.239999999999593,-0.10097999816847365,-0.07111580816949613,0.3777182777125412,5.173293185867482,-17.098968802905453,0.12350877783261202,0.0015899809689899989,46.849369049072266,0.2557962381355131,1,4,1,1,1,1,179.7538974073424,59.70651790679426,197.63383079871338,292.1327729955658,729.2270191084158,0.24649922821992695,0.08187644772103207,0.27101825031160937,0.4006060737474317,0.1133597597581846
23.259999999999593,-0.10097919526255941,-0.07111552743294813,0.377716428087735,5.17292615066822,-17.09903213649613,0.12350795973515431,0.0015822326963136689,46.849544525146484,0.2557984557532802,1,4,1,1,1,1,179.75573127383106,59.70427923310369,197.63437970523654,292.1336820199464,729.2280722321177,0.24650138704014912,0.08187325955561878,0.2710186116399648,0.4006067417642672,0.11336116381417348
23.279999999999593,-0.10097839647102225,-0.07111524792227686,0.37771458858224805,5.172561135005421,-17.09909510761049,0.12350714570787336,0.001574603586768009,46.8497200012207,0.2558006471432656,1,4,1,1,1,1,179.75756063793267,59.70202329919264,197.6349041576853,292.1345624405575,729.2290505353681,0.24650356497175,0.08187005613032287,0.27101896724025243,0.4006074116576747,0.11336257375518458
23.299999999999592,-0.10097760182951354,-0.07111496952052782,0.3777127593968028,5.172198133976741,-17.09915774731213,0.12350633571256729,0.0015670585437206443,46.84990310668945,0.2558029517030001,1,4,1,1,1,1,179.75933118835,59.69979417388785,197.6354530509656,292.1354514318779,729.2300298450814,0.24650566190552836,0.08186688936352574,0.2710193559814748,0.40060809274947107,0.11336397600045242
23.31999999999959,-0.10097681132344259,-0.0711146921738302,0.3777109405026716,5.171837136209753,-17.099220062415068,0.12350552970627975,0.001559545210433827,46.85008239746094,0.2558051041765666,1,4,1,1,1,1,179.76109343097454,59.697544123426496,197.6359967105845,292.13632979846284,729.2309640634484,0.2465077626837223,0.08186369897237712,0.2710197543029573,0.40060878404094324,0.11336539082318377
23.33999999999959,-0.10097602492627997,-0.07111441598505139,0.37770913150158164,5.1714781300993655,-17.099282018987264,0.12350472772654351,0.0015517889298654853,46.85025405883789,0.2558072647153133,1,4,1,1,1,1,179.76286427691855,59.695233985340636,197.63655764079604,292.1372269420997,729.2318828451549,0.24650988047253192,0.08186042792374222,0.27102018204374395,0.40060950955998187,0.11336684816928791
23.35999999999959,-0.10097524260720898,-0.07111414096995683,0.3777073321586207,5.171121118290254,-17.099343599993848,0.12350392975723325,0.0015443954527037448,46.85042953491211,0.2558094161948597,1,4,1,1,1,1,179.7645989680217,59.69300587856972,197.6370906774123,292.13810173535023,729.2327972593539,0.2465119501531249,0.08185726986349424,0.27102057315603983,0.40061020682734105,0.11336825292589077
23.37999999999959,-0.10097446430869712,-0.07111386707693146,0.3777055421488606,5.1707660587226565,-17.09940478240486,0.1235031357215833,0.0015369322298575275,46.85060119628906,0.25581155078979184,1,4,1,1,1,1,179.7663119010826,59.690792828717036,197.63765362429982,292.1389357626807,729.2336941167802,0.2465139959266537,0.08185413442944683,0.2710210118083901,0.4006108578355093,0.1133696363320735
23.39999999999959,-0.10097368983625538,-0.07111359420802722,0.3777037618557584,5.170412933846723,-17.09946559863115,0.12350234540417548,0.0015294226520725727,46.85077667236328,0.255813682342234,1,4,1,1,1,1,179.76805653684846,59.68865032399656,197.6381741385876,292.1398232351461,729.2347042345787,0.24651604688169237,0.0818510830290875,0.2710213501783807,0.40061151991083954,0.11337098758169649
23.41999999999959,-0.10097291930436417,-0.07111332244707139,0.3777019916583364,5.170061751604471,-17.09952610740945,0.1235015589468683,0.001521999251037487,46.8509407043457,0.2558157601872511,1,4,1,1,1,1,179.76977794621638,59.68649509316752,197.63872300290868,292.1406522539888,729.2356482962814,0.24651808831097854,0.08184802159989507,0.27102175197366374,0.4006121381154626,0.11337233100787082
23.43999999999959,-0.10097215261434449,-0.0711130517839523,0.37770023060215385,5.169712509998956,-17.099586239263413,0.12350077626315373,0.0015146395774330564,46.851112365722656,0.2558178670934517,1,4,1,1,1,1,179.77139755209396,59.68422324764792,197.63927291668412,292.14151009438797,729.236403810814,0.2465200538709421,0.08184482142656693,0.2710222252809498,0.40061289942154116,0.1133737773187109
23.45999999999959,-0.10097138977595746,-0.07111278216079545,0.37769847857993316,5.169365188046944,-17.099645943095204,0.12349999732768044,0.0015073371888523481,46.851280212402344,0.25581994341612674,1,4,1,1,1,1,179.77312988649953,59.68209883248073,197.63981595029622,292.1423768552348,729.2374215245113,0.24652208537333947,0.08184179400408716,0.2710225917056193,0.40061352891695395,0.11337511035138345
23.47999999999959,-0.1009706309243224,-0.07111251362477199,0.377696735893353,5.169019774265519,-17.099705282429586,0.12349922227807393,0.0015001352762835324,46.8514518737793,0.2558220489265263,1,4,1,1,1,1,179.77482776344516,59.679932431596825,197.64037482718786,292.14323385376264,729.2383688759925,0.2465240934052059,0.08183871691170633,0.27102300600532,0.4006141836777678,0.11337647260672855
23.499999999999588,-0.10096987605020577,-0.07111224625331286,0.377695002702767,5.168676259976273,-17.09976426948415,0.12349845115136354,0.0014926904900127212,46.85160827636719,0.25582401962838053,1,4,1,1,1,1,179.77654619305426,59.67782798958791,197.6409210596808,292.1440555916189,729.2393508339419,0.24652611791651918,0.08183572090746567,0.2710233901032124,0.4006147710728027,0.11337778090987043
23.519999999999587,-0.10096912497762899,-0.07111198002410578,0.3776932789178018,5.168334622114347,-17.099822939281143,0.12349768379081803,0.0014853501373327926,46.85177230834961,0.2558260487239812,1,4,1,1,1,1,179.77816146676997,59.675668131777456,197.64145986325855,292.14486794920117,729.2401574110072,0.24652806025525165,0.08183266860075512,0.2710238291935777,0.40061544195041543,0.11337914100862459
23.539999999999587,-0.10096837766290727,-0.07111171488806255,0.37769156428481965,5.167994873956179,-17.099881238595255,0.12349692013244933,0.0014781432395815006,46.8519287109375,0.2558279996497787,1,4,1,1,1,1,179.7797936994151,59.67358522531518,197.64200234402526,292.1456782241922,729.2410594929477,0.24652999355853428,0.08182971110651274,0.27102423783083296,0.4006160575041201,0.11338044624810159
23.559999999999587,-0.10096763403589842,-0.07111145082262635,0.37768985894248935,5.167656971319674,-17.09993920614592,0.12349616010591552,0.0014708669799649748,46.852088928222656,0.2558299765867697,1,4,1,1,1,1,179.78146129832604,59.671483268284874,197.64254117164828,292.14647717911447,729.2419629173737,0.2465319749004845,0.08182672734515405,0.27102464095863066,0.40061665679573066,0.11338175521804011
23.579999999999586,-0.10096689411460016,-0.07111118771033743,0.3776881629613644,5.16732091911399,-17.09999684661002,0.12349540365828894,0.0014637273164924722,46.85224533081055,0.25583194533479464,1,4,1,1,1,1,179.78302286012848,59.669477840314414,197.64309587919485,292.1472720071453,729.2428685867831,0.24653381007144334,0.08182387570817018,0.27102506502698076,0.40061724919340574,0.11338301500711986
23.599999999999586,-0.10096615789546527,-0.07111092557840448,0.377686476219613,5.16698672080453,-17.100054165327098,0.12349465080232991,0.0014565757304177735,46.85240173339844,0.2558338694551247,1,4,1,1,1,1,179.78464798384994,59.66737992380449,197.64362831872637,292.14806339613693,729.2437196225178,0.24653575086928797,0.08182090338013527,0.2710254788632718,0.4006178668873049,0.11338432668255478
23.619999999999585,-0.10096542546453316,-0.07111066454491899,0.3776847985362595,5.166654344769242,-17.10011114421892,0.12349390167637508,0.0014494602394453395,46.85255813598633,0.2558357963600788,1,4,1,1,1,1,179.78628811184,59.66526194097059,197.64417995943126,292.1488772240483,729.2446072362902,0.24653769987165028,0.08181789943855947,0.2710259054344854,0.40061849525530474,0.11338565416725946
23.639999999999585,-0.10096469662520362,-0.07111040468889938,0.3776831298852175,5.166323803321384,-17.100167792908945,0.12349315616518369,0.0014422856187720195,46.85271072387695,0.25583767331990453,1,4,1,1,1,1,179.78788815866315,59.66322535363301,197.64471690054248,292.1496347172356,729.2454651300742,0.24653960395433477,0.08181501045466356,0.27102632289292183,0.40061906269807984,0.11338691872478424
23.659999999999584,-0.10096397143540249,-0.07111014579075994,0.3776814702676318,5.165995061592551,-17.100224114699607,0.12349241418966553,0.0014352012631493871,46.85285949707031,0.2558395744929039,1,4,1,1,1,1,179.7894397424473,59.66121569277669,197.6452602259177,292.1504391757633,729.2463548369051,0.2465414308209425,0.08181215483225808,0.27102673728156074,0.4006196770652386,0.11338818695402003
23.679999999999584,-0.10096324990578529,-0.0711098879222932,0.37767981953168184,5.165668108466365,-17.100280109697582,0.12349167579986577,0.00142812152894324,46.85300827026367,0.2558414175534928,1,4,1,1,1,1,179.7910105495848,59.65918903326573,197.64580223623528,292.1512009881727,729.2472028072585,0.24654329815386883,0.08180928058908685,0.2710271653773809,0.40062025587966343,0.11338945062116293
23.699999999999584,-0.10096253201939467,-0.0711096311732627,0.37767817772164425,5.165342940259619,-17.100335783037448,0.12349094103360274,0.0014210501262219987,46.8531608581543,0.2558432867936136,1,4,1,1,1,1,179.7926094643879,59.65716412358989,197.64634172570598,292.1519475965083,729.2480629101921,0.2465451999240067,0.08180640739108382,0.27102758550631406,0.40062080717859544,0.1133907041445816
23.719999999999583,-0.10096181766776847,-0.07110937549653491,0.37767654476930057,5.1650195705912685,-17.100391132804543,0.12349020977505434,0.0014141543328250654,46.853309631347656,0.2558451474076202,1,4,1,1,1,1,179.79416266417763,59.655135862477565,197.6468906501918,292.15273209574735,729.2489212725943,0.24654703959029967,0.08180352979936516,0.2710280192191208,0.40062141139121443,0.11339197798489227
23.739999999999583,-0.10096110701026317,-0.0711091208746956,0.37767492063976665,5.164697974202522,-17.100446150960185,0.12348948214447204,0.0014071326097748948,46.853450775146484,0.2558469052331544,1,4,1,1,1,1,179.79573551963125,59.65317247623823,197.6474300370483,292.1534796451125,729.2498176780302,0.24654889334372454,0.08180073690820668,0.27102842571338326,0.4006219440346856,0.11339319529247173
23.759999999999582,-0.10096039996471311,-0.07110886727040437,0.37767330503816987,5.164378120945332,-17.10050084807383,0.1234887580531719,0.0014002418359471379,46.85360336303711,0.25584877618815655,1,4,1,1,1,1,179.79721097924974,59.65114715773395,197.6479686333825,292.1542366930051,729.2505634633712,0.24655066445935025,0.08179787599263214,0.2710288871011753,0.4006225724468424,0.11339447281446328
23.779999999999582,-0.10095969622430832,-0.07110861468264297,0.3776716979287913,5.164060017840561,-17.100555198359032,0.12348803724972392,0.0013932804861952386,46.85375213623047,0.25585060309165203,1,4,1,1,1,1,179.79876077559103,59.649215042678605,197.64849313872082,292.154956958151,729.2514259151415,0.2465524980632854,0.08179512980427085,0.271029285805908,0.4006230863265357,0.11339566638897994
23.79999999999958,-0.10095899581356721,-0.07110836313647266,0.377670099613103,5.163743649501276,-17.1006092467483,0.1234873197685995,0.001386356637194117,46.8538818359375,0.25585228233421764,1,4,1,1,1,1,179.80030492674746,59.64725326097843,197.64904501645577,292.15570807602296,729.2523112802046,0.24655431617502518,0.08179234037156152,0.27102971352875427,0.40062362992465905,0.1133968873442746
23.81999999999958,-0.10095829887925854,-0.07110811268050495,0.3776685099804693,5.163429008630131,-17.100662991961403,0.1234866057577788,0.0013795134683311277,46.854026794433594,0.2558540660314212,1,4,1,1,1,1,179.80181796840282,59.64529915769134,197.64959127725044,292.1564386642434,729.253147067588,0.2465561083848687,0.08178956703516749,0.2710301519740059,0.40062417260595795,0.11339810273209201
23.83999999999958,-0.10095760561257551,-0.07110786315635353,0.3776669290108042,5.163116085263299,-17.1007164313658,0.12348589528236428,0.0013725919402739508,46.854164123535156,0.2558557624241078,1,4,1,1,1,1,179.8032933435901,59.64340735165388,197.65012832798863,292.15717202624944,729.254001049482,0.24655784278842774,0.0817868770905885,0.27103057102675737,0.4006247090942265,0.11339928468980502
23.85999999999958,-0.10095691590389343,-0.07110761466487196,0.37766535661414574,5.162804871947413,-17.100769578979193,0.12348518831079995,0.0013659611313985758,46.85430908203125,0.2558575442993863,1,4,1,1,1,1,179.8047774817834,59.64145559574112,197.65066374336664,292.1578811762817,729.2547779971728,0.246559615249419,0.08178411358447396,0.27103101646614497,0.40062525469996213,0.1134004979010464
23.87999999999958,-0.10095622963600356,-0.07110736717090477,0.37766379249037085,5.162495356530776,-17.10082239493695,0.12348448472701073,0.0013591909325885302,46.85444259643555,0.2558592366631503,1,4,1,1,1,1,179.80624731811312,59.639556296828204,197.65118904528612,292.15858890155266,729.2555815617801,0.2465613590958584,0.08178141903158781,0.2710314381440792,0.40062578372847457,0.11340167916362538
23.89999999999958,-0.10095554687784206,-0.07110712082664507,0.3776622369939659,5.162187553323721,-17.100874922575226,0.12348378467498988,0.0013524047484494315,46.854583740234375,0.2558609469502543,1,4,1,1,1,1,179.807794657553,59.63759905530736,197.6517494338059,292.15932644653094,729.2564695931972,0.24656318065694446,0.08177863555818043,0.2710318765414072,0.4006263072434679,0.11340289176925876
23.91999999999958,-0.10095486739924309,-0.07110687553654348,0.3776606897490142,5.161881424019957,-17.100927141288675,0.12348308791153645,0.0013455674247237503,46.854713439941406,0.2558625590463864,1,4,1,1,1,1,179.80923894723014,59.63570183664027,197.65225738575487,292.1600081920643,729.2572063616896,0.24656491204839762,0.0817759513603802,0.2710322992512539,0.40062683733996834,0.11340406971177885
23.93999999999958,-0.10095419111556656,-0.07110663132051297,0.37765915074306794,5.161576959039558,-17.100979057775,0.12348239437891416,0.0013389547130828628,46.8548469543457,0.2558642634959002,1,4,1,1,1,1,179.810668602129,59.63382604344261,197.65281164505996,292.1607008092696,729.2580070999011,0.24656660173975536,0.08177328937476222,0.2710327616848278,0.40062734720065474,0.11340523486616291
23.959999999999578,-0.10095351818533499,-0.07110638812847722,0.37765761988715074,5.1612741445624275,-17.101030657559104,0.12348170417788382,0.0013323138441552096,46.854984283447266,0.2558659176225877,1,4,1,1,1,1,179.8121469697707,59.631940390456826,197.65335275824583,292.1613969759075,729.2588370943809,0.24656834833322613,0.08177061059424535,0.2710331952174417,0.4006278458550869,0.11340640076842437
23.979999999999578,-0.10095284856927669,-0.07110614595272569,0.3776560975526003,5.160972983075624,-17.101081983193627,0.12348101727189342,0.0013256005345819587,46.8551139831543,0.2558675427555219,1,4,1,1,1,1,179.81360998741695,59.63012352583174,197.65388840015802,292.162079824798,729.2597017382047,0.24657006215869012,0.0817680222610713,0.27103360836893375,0.4006283072113048,0.11340752005699133
23.999999999999577,-0.10095218218634623,-0.07110590468936964,0.3776545831490512,5.1606734593520045,-17.101133002154167,0.1234803335348547,0.001319050551548397,46.855247497558594,0.2558691678666339,1,4,1,1,1,1,179.81494289172593,59.62824169868542,197.6544105265884,292.162777471565,729.2603725885647,0.24657166308579093,0.0817653665823504,0.2710340750108211,0.4006288953210376,0.1134087097541071
24.019999999999577,-0.1009515192197554,-0.07110566439583968,0.37765307679951743,5.160375569367541,-17.101183701809777,0.12347965314961987,0.0013124431229791502,46.855369567871094,0.25587072900305846,1,4,1,1,1,1,179.8164016710609,59.626434134930605,197.65498533301468,292.16345862173023,729.2612797607364,0.24657335671250352,0.08176278624650614,0.2710345260588405,0.4006293309821498,0.11340981947610247
24.039999999999576,-0.10095085960878569,-0.07110542496700052,0.3776515784576635,5.160079293730266,-17.10123410909958,0.12347897600600072,0.0013059101892268468,46.855499267578125,0.2558723029143939,1,4,1,1,1,1,179.8178015295201,59.62460410346728,197.65548123311163,292.16414048236743,729.2620273484664,0.24657502349782567,0.08176019299984283,0.2710349282160897,0.40062985528624184,0.11341096136628591
24.059999999999576,-0.10095020325805155,-0.0711051867654661,0.37765008817545564,5.159784644791705,-17.10128422243469,0.12347830223482074,0.0012994299032526382,46.85563278198242,0.25587394948589537,1,4,1,1,1,1,179.81927766939103,59.62271742347998,197.65605006087907,292.16479438089203,729.2628395346421,0.24657677303856243,0.0817575148372108,0.27103540636597845,0.40063030575824826,0.11341211314315819
24.079999999999576,-0.10094955016703512,-0.07110494960587135,0.3776486060197958,5.159491594973927,-17.101334065070713,0.12347763172890969,0.0012927756565609652,46.855751037597656,0.25587544242213667,1,4,1,1,1,1,179.82061465939964,59.62098283704511,197.6565808991849,292.1654461720177,729.2636245676474,0.2465783409477038,0.08175504828228902,0.27103584251356005,0.400630768256447,0.11341318986889025
24.099999999999575,-0.10094890027508312,-0.07110471333160802,0.37764713176719894,5.159200123718473,-17.101383623871385,0.12347696434849227,0.0012863522480779628,46.85588073730469,0.2558770348932952,1,4,1,1,1,1,179.82197956574308,59.61916444390215,197.65710080759757,292.1661056450345,729.2643504622773,0.24657996712955288,0.08175247344273696,0.2710362856518403,0.4006312737758698,0.11341432093307126
24.119999999999575,-0.10094825345566497,-0.07110447812737529,0.37764566552666345,5.15891025255178,-17.10143290417137,0.12347630009647828,0.0012799482802452113,46.85600280761719,0.2558785894294192,1,4,1,1,1,1,179.82342872262612,59.617337934005505,197.65763478267428,292.16675475997295,729.2651561992789,0.24658168183958537,0.08174987852801578,0.2710367184040566,0.40063172122834223,0.11341543902375884
24.139999999999574,-0.100947609907785,-0.07110424389236054,0.3776442074544108,5.158621969423392,-17.101481924093925,0.12347563907750639,0.0012735756723346468,46.85612869262695,0.25588012850607794,1,4,1,1,1,1,179.82481773090285,59.61558721575731,197.6581712718251,292.1674107394708,729.2659869579561,0.24658330560708047,0.08174738474289256,0.2710371453032274,0.40063216434679955,0.11341651859378903
24.159999999999574,-0.10094696954509796,-0.07110401057209,0.3776427570874791,5.1583352477421345,-17.101530669780605,0.12347498118961113,0.0012670419367238242,46.85624694824219,0.2558816068952022,1,4,1,1,1,1,179.82612456001587,59.613776590644875,197.65868341289257,292.16804359532796,729.2666281588813,0.24658488077811527,0.08174483006461822,0.2710376092649474,0.40063267989231904,0.11341764689016691
24.179999999999573,-0.10094633225627546,-0.07110377829684081,0.3776413142300032,5.158050077535571,-17.101579101237697,0.12347432641679261,0.0012607586769023038,46.85636901855469,0.2558831359541168,1,4,1,1,1,1,179.8274941589881,59.61200689911039,197.65923752989167,292.1686798048922,729.2674183928823,0.24658649162646207,0.08174231481570905,0.27103807539555486,0.4006331181622741,0.11341873474720882
24.199999999999573,-0.10094569811994861,-0.07110354712953108,0.37763987883229244,5.1577664652057935,-17.101627222529725,0.12347367485956366,0.001254510034051711,46.85648727416992,0.25588459090238797,1,4,1,1,1,1,179.82888065989113,59.610204445621434,197.65977881915816,292.16932470257564,729.2681886272463,0.2465881324103769,0.08173975688947846,0.27103853136831224,0.4006335793318324,0.11341984534960783
24.219999999999573,-0.10094506712977745,-0.07110331705488372,0.37763845091757375,5.157484387911168,-17.101675045781857,0.1234730265039397,0.0012482691803156487,46.85660934448242,0.25588608027790316,1,4,1,1,1,1,179.83024959962566,59.60847499374458,197.66029687327574,292.16993367712604,729.268955143772,0.2465897503674388,0.08173729948780425,0.27103895686099505,0.4006339932837619,0.11342090176046092
24.239999999999572,-0.10094443922216502,-0.07110308789683173,0.37763703075585153,5.15720383091043,-17.101722603135002,0.12347238119653296,0.0012419098250841692,46.85672378540039,0.2558875404852723,1,4,1,1,1,1,179.83157228216277,59.60677934228974,197.66084023026087,292.17056474403483,729.2697565987482,0.24659129307772454,0.0817348845237881,0.27103940406377763,0.4006344183347097,0.11342194769917782
24.25999999999957,-0.10094381441572584,-0.07110285964039421,0.37763561834814535,5.156924803559209,-17.101769904115066,0.1234717389439304,0.0012357552156706346,46.85684585571289,0.25588904238438365,1,4,1,1,1,1,179.83288917743735,59.60504854385013,197.6613717252537,292.17117456529695,729.2704840118381,0.24659285288518293,0.08173242966855433,0.2710398625183425,0.4006348549279203,0.11342301266790655
24.27999999999957,-0.1009431926535761,-0.07110263228583029,0.37763421348082543,5.156647282420581,-17.101816935866477,0.12347109969977174,0.001229433716082803,46.85695266723633,0.25589038543336323,1,4,1,1,1,1,179.83417045656614,59.6033555518194,197.66189622969802,292.17178254611713,729.2712047842007,0.24659436609701468,0.08173002740380608,0.27104031385441624,0.400635292644763,0.11342405853375062
24.29999999999957,-0.10094257398684055,-0.07110240594771618,0.3776328162096421,5.156371266286523,-17.101863705659092,0.12347046357183002,0.001223251341133721,46.85707092285156,0.25589182983565084,1,4,1,1,1,1,179.83552546360977,59.60161345360349,197.66241888674244,292.17240057046945,729.2719583744251,0.24659596930680014,0.08172755413009127,0.27104075045932036,0.4006357261037882,0.11342512797293697
24.31999999999957,-0.1009419584432612,-0.07110218059362397,0.37763142644908443,5.1560967509742,-17.101910210569898,0.1234698305641074,0.0012170714286351705,46.85718536376953,0.25589322747356497,1,4,1,1,1,1,179.83681962862656,59.59994898699838,197.6629448654187,292.17298853025386,729.2727020112975,0.2465974924505547,0.08172518842762756,0.2710411953172993,0.4006361238045184,0.11342614663578723
24.33999999999957,-0.10094134604248134,-0.0711019560206451,0.3776300439695965,5.155823718260755,-17.101956437610223,0.12346920057581046,0.00121088612684736,46.85729217529297,0.2558945617485569,1,4,1,1,1,1,179.83805680114543,59.59827492121134,197.66346206026404,292.17358790658136,729.2733816892022,0.24659895906880616,0.08172281673460367,0.2710416519007178,0.40063657229587235,0.11342718536015957
24.35999999999957,-0.10094073660926688,-0.07110173247977478,0.37762866869673656,5.155552168477664,-17.10200238240339,0.12346857360821355,0.0012048846923119827,46.8574104309082,0.2558960455151064,1,4,1,1,1,1,179.83940090731764,59.59652385573537,197.66398744520092,292.17418108901717,729.2740932972711,0.24660056151756157,0.08172033588397645,0.27104210784658705,0.400636994751875,0.11342825488772781
24.37999999999957,-0.10094013009950825,-0.07110150987772768,0.3776273009057027,5.155282091019781,-17.10204806382098,0.12346794957153155,0.001198650914692678,46.85750961303711,0.25589732763554407,1,4,1,1,1,1,179.8406980181918,59.59493352264799,197.6644999060262,292.17477768700525,729.2749091338712,0.2466020642774903,0.08171806375928435,0.2710425073320895,0.40063736463113586,0.11342922768177235
24.39999999999957,-0.10093952650375339,-0.07110128832754424,0.37762594076695033,5.155013471686088,-17.102093530411498,0.12346732852313,0.0011926649011822792,46.85763168334961,0.25589881425031624,1,4,1,1,1,1,179.84199470772285,59.59322674781872,197.6650204489626,292.1753614095571,729.2756033140613,0.24660360759425295,0.08171564560367583,0.27104296311395804,0.4006377836881132,0.11343027328169895
24.41999999999957,-0.10093892580247527,-0.07110106783261627,0.3776245880124995,5.154746325026213,-17.10213874725586,0.12346671044899474,0.0011865198380365456,46.85773468017578,0.25590009319237955,1,4,1,1,1,1,179.84326008751162,59.59155893219693,197.66555399747534,292.1759348074455,729.2763078246294,0.24660510448223544,0.08171327971692047,0.2710434328890997,0.40063818291174447,0.1134312939160995
24.439999999999568,-0.10093832803737567,-0.07110084813841579,0.3776232423537176,5.154480617299772,-17.102183704479366,0.12346609523663944,0.0011804408257248505,46.85783767700195,0.25590134101575773,1,4,1,1,1,1,179.84441914516412,59.58996363503009,197.6660759815694,292.176495703975,729.2769544657385,0.246606475144846,0.08171101975748725,0.27104390831378694,0.4006385967838799,0.113432281340171
24.459999999999567,-0.10093773325261265,-0.07110062926455056,0.3776219035138977,5.154216346881942,-17.102228350801468,0.1234654829334525,0.0011746313805658288,46.85795593261719,0.255902799106597,1,4,1,1,1,1,179.8457134346989,59.58828902891203,197.6666090495785,292.1770964765376,729.277707989727,0.24660799509482922,0.0817086390768322,0.27104435921187237,0.4006390066164663,0.11343330995312038
24.479999999999567,-0.10093714129672642,-0.07110041137908724,0.3776205719618193,5.153953514063114,-17.102272749355542,0.12346487351239117,0.0011685584657825957,46.858062744140625,0.2559041039939824,1,4,1,1,1,1,179.84700567326934,59.5866924812651,197.66712888309303,292.17767096837747,729.278498006005,0.24660949988928435,0.0817063613478077,0.27104477839886265,0.40063936036404524,0.11343428041220757
24.499999999999567,-0.10093655224436046,-0.07110019459501939,0.3776192474875216,5.153692104348604,-17.10231690705021,0.12346426709954639,0.0011627845876812032,46.8581657409668,0.2559053965369302,1,4,1,1,1,1,179.84824304962387,59.58501419274533,197.66763084125884,292.1782069135454,729.2790949971734,0.246610994725306,0.08170399316461453,0.27104524481402414,0.4006397672960554,0.11343530435206223
24.519999999999566,-0.1009359660944692,-0.0710999787468304,0.3776179301594554,5.15343210793877,-17.102360802259412,0.12346366359874297,0.0011568066688452327,46.85826110839844,0.25590665986873706,1,4,1,1,1,1,179.84945051423713,59.583476006068835,197.66819025231285,292.1787854980429,729.2799022706618,0.2466123774345952,0.08170179353709282,0.2710457118547484,0.4006401171735635,0.11343624770638243
24.539999999999566,-0.10093538269331703,-0.07109976376221327,0.37761661970984484,5.1531735054539585,-17.102404454606422,0.12346306284265307,0.0011509034030482183,46.858367919921875,0.25590791421709974,1,4,1,1,1,1,179.8506237141131,59.5818638290294,197.66866707254513,292.1793143387463,729.2804689544339,0.24661379451442617,0.08169951941048366,0.2710461550628688,0.40064053101222147,0.1134372385736129
24.559999999999565,-0.10093480222250868,-0.07109954970361819,0.37761531624023914,5.152916298976523,-17.10244783860376,0.12346246501570515,0.0011450908449255072,46.85846710205078,0.25590917654864925,1,4,1,1,1,1,179.85190275006647,59.580278428013244,197.6692028670517,292.17987917123617,729.2812632163675,0.2466152797575809,0.08169725650875061,0.27104659455429614,0.4006408691793724,0.11343819948241692
24.579999999999565,-0.10093422465074964,-0.07109933662935906,0.37761401955132373,5.152660499180343,-17.102490971331974,0.12346187012589319,0.0011393274061039923,46.85857009887695,0.2559104899105903,1,4,1,1,1,1,179.8530819526894,59.57867234437455,197.6697307038575,292.1803907349305,729.2818757358519,0.2466166895635738,0.08169498561068604,0.27104709068000216,0.40064123414573805,0.11343917545224369
24.599999999999564,-0.10093364977479717,-0.0710991244270888,0.37761272993179557,5.15240606562726,-17.102533864021954,0.12346127794235758,0.00113334188939411,46.85866928100586,0.25591165339493765,1,4,1,1,1,1,179.8543293282389,59.577131582910255,197.67024940519377,292.18095987844856,729.2826701947915,0.24661813132101407,0.08169278390640654,0.2710475066580096,0.40064157811456974,0.11344011483851782
24.619999999999564,-0.1009330777595398,-0.07109891301152606,0.3776114471265443,5.1521530091613625,-17.102576510837437,0.1234606885507847,0.0011277519864439651,46.85877990722656,0.25591302409211286,1,4,1,1,1,1,179.85547002563288,59.57552910386596,197.67077142386034,292.1815332784811,729.2833038318403,0.2466194811819034,0.08169051559365333,0.2710479869554777,0.4006420162689655,0.11344111387529103
24.639999999999564,-0.10093250854095466,-0.07109870253753789,0.3776101711181248,5.15190131112431,-17.10261891274714,0.12346010198801548,0.0011220169258831483,46.85887145996094,0.2559141976073798,1,4,1,1,1,1,179.85669631679266,59.57400947118091,197.6712608185185,292.18200255056894,729.2839691570609,0.24662093769136195,0.08168835733498875,0.27104841074046343,0.400642294233186,0.11344201550265352
24.659999999999563,-0.10093194196158031,-0.07109849302041407,0.3776089020554422,5.151650974211656,-17.102661094279245,0.12345951813412234,0.0011161774647328693,46.85896301269531,0.25591532393248284,1,4,1,1,1,1,179.8578577998813,59.57247332843184,197.67176606923786,292.18252407681285,729.2846212743639,0.24662230979942334,0.08168617792095208,0.27104886117552157,0.400642651104103,0.11344295304514
24.679999999999563,-0.10093137809359463,-0.07109828450867398,0.3776076395378564,5.151401994101161,-17.102703007806024,0.12345893707605174,0.001110482949590342,46.859066009521484,0.25591656866276963,1,4,1,1,1,1,179.85906360938563,59.570877398934044,197.67227424476476,292.18305745368224,729.2852727067666,0.2466237429172712,0.08168391660760507,0.2710493158748394,0.40064302460028445,0.11344392623667099
24.699999999999562,-0.10093081712218764,-0.07109807694643464,0.37760638403371244,5.151154368073517,-17.102744699994318,0.12345835893301688,0.0011049219970634733,46.85916519165039,0.25591782562362486,1,4,1,1,1,1,179.8602727777286,59.56940925182132,197.67279874268976,292.18357642215904,729.2860571943987,0.2466251356424671,0.08168181561154196,0.2710497435027721,0.40064330524321884,0.11344480819036278
24.719999999999562,-0.10093025880259072,-0.07109787040275736,0.3776051349784515,5.150908058263117,-17.102786156039258,0.12345778354468066,0.001099255982184765,46.85926055908203,0.255918992457666,1,4,1,1,1,1,179.86137057635142,59.56780024061209,197.67330837633781,292.18407256109833,729.2865517543996,0.24662647370045426,0.08167955393845329,0.2710502585037491,0.4006437138573434,0.11344579669368494
24.73999999999956,-0.10092970310257615,-0.07109766529700536,0.3776038922666562,5.1506630204344965,-17.102827346471983,0.1234572111262002,0.0010936233129129518,46.859352111816406,0.25592014816720404,1,4,1,1,1,1,179.8625380137179,59.566360253488405,197.67383475656948,292.18451922734766,729.2872522511234,0.24662783760243748,0.08167750097046435,0.2710507199274372,0.4006439414996611,0.11344664503501226
24.75999999999956,-0.10092914991884394,-0.07109746171579567,0.3776026559031731,5.150419270046755,-17.102868304196775,0.12345664164300561,0.001087963754395056,46.85944366455078,0.25592126945513377,1,4,1,1,1,1,179.86365038609028,59.5648537776591,197.67437295542715,292.184950481358,729.2878276005345,0.24662916831872606,0.08167537085273498,0.27105124406889564,0.4006442167596434,0.11344754096471464
24.77999999999956,-0.10092859929856017,-0.07109725969920938,0.37760142597940377,5.15017680824444,-17.102909011027293,0.123456075156738,0.001082536447294441,46.85954284667969,0.2559225139575182,1,4,1,1,1,1,179.86486995665868,59.56334814653452,197.67490968690043,292.18542413620185,729.2885519262954,0.24663059564225337,0.08167322521271966,0.27105171082800456,0.40064446831702244,0.11344843141193943
24.79999999999956,-0.10092805131567581,-0.07109705916173405,0.3776002025781992,5.149935636036074,-17.102949498344643,0.12345551167860754,0.0010769592625452615,46.85963439941406,0.2559236705073459,1,4,1,1,1,1,179.8659796934329,59.56189217066562,197.6754345527585,292.1858518901595,729.2891583070166,0.24663191224585956,0.08167116087250433,0.27105220515226824,0.40064472172936777,0.11344929442687353
24.81999999999956,-0.10092750570765953,-0.0710968601147666,0.3775989855202249,5.14969574164883,-17.102989761725475,0.12345495100055055,0.0010714566130536078,46.8597297668457,0.25592485208154075,1,4,1,1,1,1,179.86712244210864,59.56038614153674,197.67596314578637,292.1862567009201,729.2897284303518,0.24663328637472534,0.08166903196309701,0.27105271806205716,0.4006449636001206,0.11345017800422086
24.83999999999956,-0.10092696243302963,-0.07109666245413492,0.37759777459780386,5.14945711373502,-17.10302977613626,0.1234543930286621,0.0010659217835271803,46.85981750488281,0.2559259080553899,1,4,1,1,1,1,179.8682004430469,59.55894481561158,197.67651551180168,292.18666793297933,729.2903287034394,0.2466345615234245,0.08166698840158457,0.2710532523627986,0.4006451977121925,0.11345102908163628
24.85999999999956,-0.10092642160084865,-0.07109646609146751,0.3775965700728306,5.149219741940248,-17.103069555585908,0.12345383780120989,0.0010604439421539815,46.85991287231445,0.2559270992849751,1,4,1,1,1,1,179.86934465333337,59.557517012010486,197.6770502501409,292.1871336641231,729.291045579608,0.2466358880224304,0.08166495032813248,0.2710537191541081,0.4006454424953289,0.11345187816014907
24.87999999999956,-0.10092588321002613,-0.07109627101775885,0.37759537157136414,5.148983611785636,-17.103109094022173,0.12345328531211493,0.001055014180258932,46.8599967956543,0.25592815811166564,1,4,1,1,1,1,179.870402136434,59.556082425163225,197.67755912957404,292.1875227093866,729.2915664005578,0.24663716190246132,0.08166292491095736,0.27105422335434104,0.40064568983224036,0.11345272552443406
24.899999999999558,-0.10092534727559621,-0.07109607725375026,0.3775941792399755,5.148748723460861,-17.103148397172227,0.12345273558561155,0.0010495526342555494,46.860084533691406,0.25592923878135126,1,4,1,1,1,1,179.8715273007253,59.55465933880685,197.67809956795406,292.18795440188933,729.2922406093755,0.24663847671055686,0.08166089809079101,0.2710547138178516,0.4006459113808005,0.11345356391507513
24.919999999999558,-0.10092481381605724,-0.07109588484387587,0.37759299301387284,5.148515080829701,-17.103187467672758,0.12345218866241083,0.0010442532583258748,46.86017608642578,0.2559303528736265,1,4,1,1,1,1,179.8726198543422,59.55322215317542,197.67863282771518,292.18834513820195,729.2928199734347,0.2466397788763288,0.08165886256132991,0.27105522968800905,0.4006461288743323,0.11345440546997496
24.939999999999557,-0.10092428266376822,-0.07109569369680403,0.37759181303278205,5.1482826566136435,-17.103226328844972,0.12345164435286379,0.0010387534169736638,46.86025619506836,0.25593143865956103,1,4,1,1,1,1,179.87369954185107,59.551853421125905,197.6791465214476,292.1887517602387,729.2934512446633,0.24664104584357094,0.08165691508608852,0.2710556994363168,0.40064633963402374,0.11345521025413459
24.959999999999557,-0.1009237538807333,-0.07109550371010576,0.37759063908800256,5.14805146301375,-17.10326496902832,0.12345110264867014,0.0010334910220693324,46.860355377197266,0.2559325595035097,1,4,1,1,1,1,179.874693251981,59.55043367433592,197.6796879580036,292.1891658872371,729.2939807715576,0.2466422293266185,0.08165490905510348,0.27105624503971376,0.4006466165785643,0.11345606287334531
24.979999999999556,-0.10092322764865164,-0.07109531507092617,0.3775894711858572,5.147821494289854,-17.103303358855918,0.12345056380614802,0.0010281204400826387,46.86043167114258,0.25593355626760017,1,4,1,1,1,1,179.87589548366694,59.5490092006586,197.68021778209174,292.1895792153379,729.2947016817552,0.24664363400539277,0.0816528751180263,0.27105670358805667,0.4006467872885242,0.11345688491125797
24.999999999999556,-0.10092270383395835,-0.07109512774008542,0.37758830949327854,5.1475927578834435,-17.103341550711676,0.12345002769354058,0.001022767259967087,46.860511779785156,0.25593460719669553,1,4,1,1,1,1,179.8769247335072,59.54764249459982,197.68073715273385,292.18997312158444,729.2952775024253,0.24664485055973642,0.08165093663917465,0.27105720172728864,0.4006470110738003,0.11345769239267904
25.019999999999555,-0.100922182365017,-0.07109494159950183,0.37758715400012854,5.14736521971317,-17.103379553869317,0.12344949418427896,0.0010175607625779435,46.860599517822266,0.25593568714630816,1,4,1,1,1,1,179.87797693811996,59.54628004167394,197.68124078019144,292.1903426630273,729.2958404230126,0.24664610295019035,0.08164900543945977,0.2710576830734845,0.40064720853686553,0.11345848739882455
25.039999999999555,-0.10092166322725216,-0.07109475665049156,0.37758600422950817,5.147138873267041,-17.103417323764635,0.12344896326720413,0.001012352863179307,46.86069107055664,0.2559367557779159,1,4,1,1,1,1,179.87898298294766,59.5448418762061,197.68176188414213,292.1907516875794,729.2963384308753,0.24664731399854284,0.08164697769403366,0.27105821250860285,0.40064749579882064,0.11345935057046942
25.059999999999555,-0.10092114644776572,-0.07109457289223702,0.37758486001735486,5.14691371836425,-17.10345481924664,0.12344843496400015,0.0010071893534119775,46.86076736450195,0.2559377621056529,1,4,1,1,1,1,179.88004498937045,59.54352123885231,197.68228783778565,292.1911337656917,729.2969878317001,0.24664855057769877,0.08164509415551455,0.2710586923244016,0.4006476629423851,0.1134601178912133
25.079999999999554,-0.10092063196100262,-0.07109439038602387,0.3775837216729422,5.146689755674283,-17.103492092046757,0.12344790925636816,0.0010019865451268135,46.8608512878418,0.25593880307888045,1,4,1,1,1,1,179.88112774604622,59.542150910426756,197.682799979816,292.1915291560355,729.2976077923245,0.24664982556376264,0.08164314578059337,0.2710591641431907,0.4006478645124532,0.11346092004296024
25.099999999999554,-0.1009201199104651,-0.07109420904405873,0.3775825896901151,5.146466975049245,-17.103529191312198,0.1234473862110615,0.0009967374480135966,46.860923767089844,0.25593973423176347,1,4,1,1,1,1,179.88218734207175,59.5408595103621,197.68332006803865,292.1919132570018,729.2982801774742,0.24665105106006494,0.08164129976540307,0.2710596273721262,0.40064802180240583,0.11346166949868589
25.119999999999553,-0.10091961027244568,-0.07109402884184958,0.3775814639874968,5.146245371615489,-17.103566141407793,0.12344686579459223,0.0009916130211344556,46.86100769042969,0.255940806574857,1,4,1,1,1,1,179.88316791940258,59.539498497277606,197.6838229279574,292.1922777420323,729.2987670866698,0.246652230934082,0.08163937906424835,0.27106013591335837,0.40064825408831134,0.11346247399926564
25.139999999999553,-0.10091910298041899,-0.07109384987733774,0.37758034413404096,5.146024944335645,-17.10360288160603,0.12344634800897858,0.0009864459146842956,46.861087799072266,0.2559417474407912,1,4,1,1,1,1,179.88420345053277,59.538126491217284,197.68435511239093,292.19264992478196,729.2993349789228,0.2466534587690684,0.08163743422711056,0.27106065456388234,0.4006484524399388,0.11346327631115775
25.159999999999553,-0.10091859799323089,-0.07109367195382742,0.3775792301038819,5.145805662389202,-17.1036394199843,0.12344583270729625,0.0009813521606350229,46.86117172241211,0.2559428282775112,1,4,1,1,1,1,179.88517795459148,59.53684507951637,197.68485745362693,292.1930259408085,729.2999064285433,0.24665460172003548,0.08163561321579545,0.27106113097108436,0.40064865409308476,0.11346403245600772
25.179999999999552,-0.1009180953795278,-0.07109349511886882,0.37757812187270895,5.145587544934409,-17.10367575193768,0.12344531997304756,0.0009762079159890983,46.86124801635742,0.25594377428570375,1,4,1,1,1,1,179.88618529313874,59.535518826055736,197.6853795254107,292.19340844740634,729.3004920920115,0.24665578488385767,0.08163372913033012,0.271061629148702,0.4006488568371102,0.11346481308100285
25.19999999999955,-0.10091759502600486,-0.07109331941527833,0.3775770193473308,5.145370576193185,-17.10371187204876,0.12344480973826122,0.0009710969267180043,46.86132049560547,0.25594472698447573,1,4,1,1,1,1,179.88720110161955,59.53421107888967,197.68588019382545,292.19376306387585,729.3010554382105,0.24665698720747342,0.08163187292128314,0.27106210627248195,0.40064903359876153,0.11346557362852405
25.21999999999955,-0.10091709690363151,-0.07109314478803057,0.37757592283568653,5.145154744880012,-17.103747824408252,0.12344430194751328,0.0009661147298305829,46.86140441894531,0.2559457446229791,1,4,1,1,1,1,179.88818789215145,59.53293943740651,197.68639323400095,292.19412648702274,729.3016470505817,0.24665814018060908,0.08163006305849949,0.2710625898535646,0.40064920690732686,0.11346631650613695
25.23999999999955,-0.10091660122164742,-0.07109297125641294,0.3775748321675347,5.144940055727637,-17.103783584069642,0.12344379678296583,0.0009611055305396584,46.861473083496094,0.2559466543462971,1,4,1,1,1,1,179.88919768335288,59.53162812872546,197.68690436848658,292.19449951853625,729.3022296991012,0.24665932772147478,0.08162819981132827,0.27106307415246644,0.40064939831473045,0.11346708497995037
25.25999999999955,-0.10091610801033567,-0.07109279874143819,0.3775737474203749,5.144726502538798,-17.10381917603529,0.1234432942238839,0.0009561470921507806,46.861549377441406,0.25594760679462497,1,4,1,1,1,1,179.8901563184203,59.53035495944623,197.68738862610525,292.19486636803526,729.302766272007,0.2466604606999762,0.08162639401979627,0.27106353872292055,0.400649606557307,0.1134678372193159
25.27999999999955,-0.10091561714159357,-0.07109262731170417,0.3775726682330797,5.14451406575891,-17.103854566914933,0.12344279420504689,0.0009510051622154786,46.86162185668945,0.2559485180732686,1,4,1,1,1,1,179.89111888126982,59.52905514314032,197.68791290552326,292.1952188657886,729.303305795722,0.24666159806446475,0.08162455136301605,0.2710640570727039,0.40064979349981517,0.1134685985340084
25.29999999999955,-0.10091512845901304,-0.07109245690578071,0.3775715945282169,5.144302738803361,-17.10388975601553,0.12344229656320961,0.0009460663285222979,46.8616943359375,0.2559494631162135,1,4,1,1,1,1,179.89204613338336,59.52780244976359,197.6884004875286,292.19555692272485,729.3038059934004,0.24666270031094728,0.08162277772385884,0.27106453971984007,0.40064998224535386,0.11346933345047215
25.31999999999955,-0.10091464193237683,-0.07109228797179941,0.3775705262931941,5.14409249989432,-17.103924739547484,0.12344180153175456,0.0009412439866935678,46.861778259277344,0.2559504754100889,1,4,1,1,1,1,179.89306211857206,59.526511652769074,197.6889492270219,292.19586782948,729.304390827843,0.24666389559834279,0.08162094236838441,0.2710650747661379,0.40065008726713497,0.11347006522645967
25.33999999999955,-0.10091415765031289,-0.07109212066951713,0.3775694639738739,5.14388333853712,-17.103959570978247,0.12344130927514253,0.0009363744294991062,46.86184310913086,0.2559513131036005,1,4,1,1,1,1,179.89406604439662,59.52533562858977,197.68941671402374,292.1961421949739,729.304960581984,0.24666507944885155,0.08161926607641427,0.27106550400571516,0.40065015046901903,0.11347071929255662
25.35999999999955,-0.10091367546322363,-0.07109195499557698,0.3775684072943748,5.143675241261882,-17.10399426289501,0.12344081966914335,0.0009314017925416045,46.8619270324707,0.2559523238029054,1,4,1,1,1,1,179.8949092364441,59.52406831642292,197.6899556743325,292.1964160340126,729.3053492612121,0.24666610414784157,0.0816174848802644,0.27106609854787556,0.40065031242401855,0.11347145390040202
25.379999999999548,-0.10091319531035167,-0.07109179097886852,0.3775673556648128,5.1434682139666,-17.104028719944157,0.12344033268072602,0.0009265929206712266,46.86199188232422,0.25595317777174564,1,4,1,1,1,1,179.89585225191212,59.522833397215535,197.6904878795813,292.19669242348834,729.3058659521973,0.24666722242393627,0.08161573377652907,0.27106663624797855,0.400650407551556,0.1134721518437925
25.399999999999547,-0.10091271732629284,-0.07109162855736602,0.37756630954307974,5.143262236672285,-17.104063003557194,0.12343984838420202,0.0009217369933086598,46.86206817626953,0.2559540916788356,1,4,1,1,1,1,179.89681558524455,59.52166205865488,197.6910145923012,292.19696496308904,729.3064571992898,0.24666834334100252,0.0816140615115794,0.2710671387052868,0.40065045644213115,0.1134728035435913
25.419999999999547,-0.1009122415768282,-0.0710914676642261,0.37756526885807706,5.143057322054677,-17.10409710910041,0.1234393667948513,0.0009168719367505921,46.86212921142578,0.25595491915516705,1,4,1,1,1,1,179.8976978067796,59.52047528798748,197.69154312557475,292.1972237350437,729.3069399553856,0.2466693897329218,0.08161238022995992,0.2710676839818202,0.40065054605529804,0.11347347464461471
25.439999999999547,-0.10091176801390288,-0.07109130825465078,0.3775642337728391,5.1428534474151695,-17.10413105979076,0.12343888784758848,0.0009121105038011339,46.86219787597656,0.2559557918539248,1,4,1,1,1,1,179.89863415133772,59.519313968108364,197.69204693533038,292.19746636330046,729.3074614180769,0.24667049724342596,0.08161072951643478,0.2710681809712119,0.40065059226892746,0.11347411731646967
25.459999999999546,-0.10091129664555311,-0.07109115038179327,0.3775632043230293,5.142650629541255,-17.10416486415364,0.12343841157959529,0.0009073516160532987,46.862274169921875,0.2559567460585327,1,4,1,1,1,1,179.89956067456998,59.518099883152416,197.69255847464802,292.1977386925142,729.3079577248845,0.24667159979410666,0.08160900927068221,0.27106869790830285,0.40065069302690837,0.1134748048552749
25.479999999999546,-0.10091082745951804,-0.07109099400793092,0.37756218033466293,5.14244885156851,-17.104198514287763,0.12343793795912297,0.0009026424601118027,46.862342834472656,0.255957601233614,1,4,1,1,1,1,179.900411468387,59.51696959589367,197.69308933103517,292.1979547934671,729.3084251887828,0.24667260826147655,0.08160740715491883,0.2710692520518489,0.4006507325317558,0.1134754306614981
25.499999999999545,-0.1009103603553701,-0.07109083910002494,0.37756116176958854,5.142248103415171,-17.104232012875087,0.1234374668850438,0.0008978517518625982,46.86241149902344,0.2559584676019125,1,4,1,1,1,1,179.90132222065773,59.51576619748609,197.69359951946865,292.1982012564898,729.3088891941022,0.24667370011004736,0.08160570518104057,0.27106977914107583,0.4006508155678363,0.11347610610040389
25.519999999999545,-0.10090989534835876,-0.07109068567591799,0.37756014853743325,5.142048397789624,-17.104265340782888,0.12343699838010032,0.0008931492686423281,46.86247634887695,0.25595934909582657,1,4,1,1,1,1,179.90221278449854,59.51462274100246,197.69412535634012,292.19843746219715,729.3093983440383,0.24667474900636477,0.08160408034797809,0.2710703109067594,0.4006508597388977,0.11347674055880067
25.539999999999544,-0.10090943241469336,-0.07109053368332867,0.3775591405956879,5.1418497236215925,-17.104298501827177,0.12343653239473334,0.0008884098428941027,46.862545013427734,0.2559601907184272,1,4,1,1,1,1,179.90309844397814,59.51343780251872,197.69464171386932,292.19869186369556,729.3098698240617,0.24667580391771998,0.08160240285363986,0.27107084367521456,0.4006509495534256,0.1134774097109149
25.559999999999544,-0.10090897146769293,-0.07109038315301433,0.37755813777627517,5.141652082172149,-17.10433148126523,0.12343606887579517,0.0008838388988327551,46.862613677978516,0.2559610880342149,1,4,1,1,1,1,179.90398699595085,59.51228086316078,197.69516317140307,292.1989238785983,729.310354909113,0.24667685819210747,0.08160076223047351,0.27107137837915374,0.40065100119826524,0.11347805261554991
25.579999999999544,-0.1009085125379034,-0.07109023398559539,0.37755714033785054,5.141455435116623,-17.10436431698395,0.12343560779102157,0.0008792488263712899,46.8626823425293,0.25596194447195575,1,4,1,1,1,1,179.90484890625146,59.51119519502859,197.69567299414442,292.19914123902475,729.3108583344492,0.2466778697318534,0.08159921728155294,0.2710718903124909,0.40065102267410274,0.11347864927355147
25.599999999999543,-0.10090805558487254,-0.07109008621668265,0.3775561480087355,5.141259798631956,-17.104396984935345,0.12343514912785215,0.0008746175650789596,46.862754821777344,0.255962804503482,1,4,1,1,1,1,179.90571253470566,59.510004506273944,197.6961851288096,292.19938951113244,729.3112916809216,0.24667890732921158,0.08159753617569102,0.2710724314622335,0.40065112503286393,0.11347932446047583
25.619999999999543,-0.10090760077116223,-0.0710899397332657,0.3775551609184971,5.141065162848725,-17.104429482906472,0.1234346929540946,0.0008700265589869434,46.862815856933594,0.25596363737334693,1,4,1,1,1,1,179.90656818067657,59.5089579755696,197.69670108185613,292.1996308284198,729.3118580665221,0.24667988898141147,0.08159603785043855,0.27107292839851754,0.4006511447696325,0.11347990277636882
25.639999999999542,-0.10090714807926048,-0.07108979455243539,0.3775541786526327,5.14087151535877,-17.104461804391583,0.12343423926527547,0.000865396730942828,46.86288070678711,0.25596446224039104,1,4,1,1,1,1,179.90738420484698,59.50777267448906,197.69720612820967,292.1998683867309,729.3122313942765,0.2466808816038991,0.08159437085090969,0.27107348213570787,0.4006512654094834,0.11348057972053069
25.659999999999542,-0.10090669756423279,-0.07108965079306159,0.37755320159235056,5.14067887166163,-17.104493958707685,0.12343378817487125,0.0008608835241228646,46.86294174194336,0.25596528624136083,1,4,1,1,1,1,179.90833583194274,59.506704211472574,197.6977053310502,292.2000770227372,729.3128223972027,0.24668198653164497,0.08159283970337722,0.2710739469535597,0.4006512268114182,0.11348114847028051
25.67999999999954,-0.10090624921241319,-0.07108950832450522,0.3775522299404617,5.14048721661757,-17.104525997955417,0.12343333959647018,0.0008564332203912079,46.86301040649414,0.2559661413606085,1,4,1,1,1,1,179.90914684401216,59.50559446745074,197.6982164867894,292.2002954167518,729.3132532150041,0.24668295283395092,0.08159126987633157,0.2710744876982336,0.4006512895914839,0.11348176975960557
25.69999999999954,-0.10090580291980172,-0.07108936708807977,0.37755126331555106,5.14029654316576,-17.104557878057943,0.12343289341125252,0.0008518830776975974,46.863067626953125,0.25596691883361994,1,4,1,1,1,1,179.90993962668188,59.50451855602286,197.69870348215946,292.20049787386904,729.3136595387332,0.2466839024247386,0.08158974918097311,0.27107500441880844,0.4006513439754799,0.11348236904573257
25.71999999999954,-0.10090535870482374,-0.07108922704763557,0.3775503018838604,5.140106837170483,-17.10458961892192,0.12343244961346035,0.0008474002686268345,46.86313247680664,0.25596771893199227,1,4,1,1,1,1,179.91078706110824,59.5034366991365,197.6991941280506,292.2007211646057,729.314139052901,0.24668490219419473,0.08158821214738632,0.2710754989403961,0.40065138671802275,0.1134829691372517
25.73999999999954,-0.10090491653678296,-0.07108908834061292,0.37754934561693104,5.1399181127511655,-17.104621209913944,0.1234320082571559,0.0008428578690921264,46.863197326660156,0.25596856436494275,1,4,1,1,1,1,179.91165524590258,59.502320078329014,197.69972872175563,292.2009531384998,729.314657184487,0.24668591735212067,0.08158662312922273,0.27107603936684027,0.4006514201518163,0.11348358744986775
25.75999999999954,-0.1009044764186655,-0.07108895081474564,0.3775483940957402,5.139730351327545,-17.10465263963676,0.1234315692570841,0.0008385734076730678,46.86325454711914,0.2559693314309059,1,4,1,1,1,1,179.91234749950894,59.50128759574072,197.7002073813358,292.20114539644135,729.3149878730268,0.24668675468223278,0.08158517044777894,0.2710765727685213,0.400651502101467,0.11348417225844147
25.77999999999954,-0.10090403815854526,-0.07108881452876929,0.37754744729850725,5.139543531594708,-17.10468388721835,0.12343113249017412,0.0008341119085079964,46.86333084106445,0.2559702187978787,1,4,1,1,1,1,179.91321320641907,59.50018929517165,197.7007100535519,292.2013887956098,729.3155013507524,0.24668776801426132,0.08158360707399254,0.2710770711542452,0.40065155375750106,0.11348478517506767
25.79999999999954,-0.10090360184598914,-0.07108867946695378,0.37754650545273305,5.139357670792772,-17.104714972711317,0.12343069802058643,0.0008295650137863929,46.863380432128906,0.25597092474632094,1,4,1,1,1,1,179.91402468723845,59.499198227518825,197.70120581051722,292.20159021961086,729.3160189448854,0.24668870560052047,0.08158219027411105,0.27107755852742016,0.4006515455979483,0.11348532390577347
25.81999999999954,-0.10090316761686215,-0.07108854559839334,0.3775455688511611,5.139172757109537,-17.104745955887445,0.12343026594158917,0.000825332854019941,46.863441467285156,0.255971745191187,1,4,1,1,1,1,179.91484271886858,59.49811719118135,197.70168413803833,292.2018072729645,729.3164513210528,0.24668968099235727,0.0815806596483721,0.27107805367605503,0.40065160568321556,0.11348592760570753
25.839999999999538,-0.10090273543357904,-0.07108841301227747,0.37754463711231734,5.138988807651825,-17.104776788048923,0.12342983627382395,0.000820833011768704,46.86351013183594,0.2559725242811988,1,4,1,1,1,1,179.91565482640283,59.49701052328054,197.7021940543704,292.2020271598392,729.3168865638929,0.24669064729058765,0.08157909355917294,0.2710785910714689,0.40065166807877056,0.11348654726241718
25.859999999999538,-0.10090230523641465,-0.07108828160096817,0.3775437103997432,5.138805795883982,-17.104807481069052,0.12342940890647229,0.0008165677715673399,46.86355972290039,0.2559732575158194,1,4,1,1,1,1,179.91647303018482,59.49604042308342,197.7026573159903,292.2021891935897,729.3173599628483,0.24669160904019868,0.08157771045805652,0.2710790503136541,0.40065163018809063,0.11348706215440146
25.879999999999537,-0.10090187696140751,-0.07108815126849424,0.37754278869694435,5.138623714240064,-17.10483806000285,0.12342898373197173,0.0008122111725936363,46.863616943359375,0.2559740156496048,1,4,1,1,1,1,179.91717374395137,59.49501018306808,197.70315712809906,292.20239299023837,729.3177340453569,0.24669244328667614,0.08157625600719046,0.2710795965860933,0.40065170412004,0.11348764560346625
25.899999999999537,-0.10090145065222232,-0.0710880221804614,0.3775418717833542,5.138442576555093,-17.104868474181703,0.1234285608813966,0.0008080624195615516,46.863685607910156,0.25597491048783744,1,4,1,1,1,1,179.91804894526484,59.493927126182186,197.7036495577604,292.20260388058387,729.3182295097913,0.24669347572210848,0.08157471556164285,0.27108008761915386,0.4006517210970948,0.11348823805189003
25.919999999999536,-0.10090102638076968,-0.07108789414923791,0.3775409596438116,5.138262354063002,-17.10489875279396,0.12342814030546694,0.0008037281845561502,46.86373519897461,0.2559755708915858,1,4,1,1,1,1,179.9187453194575,59.49295492851985,197.70413338957442,292.2027996923724,729.3186333299242,0.24669429395761386,0.08157333737229065,0.2710806009259582,0.4006517677441373,0.11348878274545451
25.939999999999536,-0.10090060397928335,-0.0710877671523933,0.37754005203746804,5.138083035837271,-17.104928866921632,0.12342772185411614,0.0007994667633616251,46.86379623413086,0.2559763927279542,1,4,1,1,1,1,179.91949904451678,59.49194016252438,197.70460527703437,292.2029955632422,729.3190400473177,0.24669518984838754,0.08157190049318415,0.2710810967779032,0.4006518128805252,0.11348934734058101
25.959999999999535,-0.10090018356592934,-0.07108764133829157,0.3775391493115849,5.137904640550835,-17.104958836275323,0.12342730570939242,0.0007952374377934019,46.86385726928711,0.2559771096091369,1,4,1,1,1,1,179.92035461715457,59.49092427697963,197.7050940917746,292.20321779835933,729.3195907842681,0.24669617667020108,0.08157044597280944,0.2710815623081974,0.4006518150487921,0.11348990215570139
25.979999999999535,-0.1008997651912004,-0.07108751654560577,0.3775382513490697,5.137727148769782,-17.104988684532945,0.12342689181965635,0.0007910009845785584,46.863914489746094,0.2559778528489491,1,4,1,1,1,1,179.921008616806,59.48995728995605,197.70557399445283,292.20338746889684,729.3199273701117,0.2466969595436552,0.08156908245257144,0.27108209521624954,0.4006518627875238,0.11349044294805492
25.999999999999535,-0.10089934869283669,-0.07108739285561183,0.3775373580276784,5.137550566827908,-17.105018379703584,0.12342648009907249,0.0007867327031802596,46.86396789550781,0.2559785863313803,1,4,1,1,1,1,179.921819422202,59.48893928334895,197.70604438710387,292.20358306797925,729.320386160634,0.24669791608234837,0.08156763531116544,0.27108256966172173,0.4006518789447645,0.11349100031059853
26.019999999999534,-0.10089893405507486,-0.0710872703016659,0.3775364692644108,5.137374893912928,-17.105047930516317,0.12342607055396544,0.0007827546998086858,46.86402893066406,0.2559793694763367,1,4,1,1,1,1,179.92256052579012,59.487935631442255,197.70651088903298,292.2037624105785,729.3207694568439,0.24669880258557025,0.0815662162970423,0.2710830668325453,0.40065191428484215,0.11349155517219857
26.039999999999534,-0.10089852131839698,-0.07108714865954383,0.3775355852848636,5.137200083094112,-17.10507735730516,0.12342566308828604,0.0007784948737075725,46.864078521728516,0.25598006760144043,1,4,1,1,1,1,179.92328277321843,59.48704864199464,197.70697802193365,292.2039403445558,729.3212497817026,0.24669963041262313,0.08156494639337611,0.27108352880313097,0.4006518943908697,0.1134920351756344
26.059999999999533,-0.10089811050656036,-0.07108702803088812,0.3775347060847933,5.137026168895053,-17.105106664853853,0.12342525777999551,0.0007745248418909558,46.864139556884766,0.2559808709261257,1,4,1,1,1,1,179.92400907251243,59.48602885233075,197.70745855554614,292.2041499591969,729.3216464395862,0.24670049209545375,0.08156350376096826,0.27108404024577837,0.40065196389779967,0.11349261098970612
26.079999999999533,-0.10089770160928851,-0.07108690849417285,0.3775338316409369,5.136853149740379,-17.105135843770544,0.12342485466588943,0.000770361158390999,46.86419677734375,0.2559815677574832,1,4,1,1,1,1,179.9247803939181,59.48507520407368,197.70793446709195,292.2043318124772,729.3221218775609,0.24670138886055068,0.08156214300882002,0.27108451606831047,0.4006519520623189,0.11349312752459129
26.099999999999532,-0.1008972947036939,-0.07108679004773691,0.3775329620547019,5.136681026688957,-17.105164919960053,0.12342445380804844,0.0007661282833164227,46.86424255371094,0.2559822065829344,1,4,1,1,1,1,179.92552516406064,59.48410774658241,197.70837856337977,292.20449982124984,729.3225112952726,0.24670227831650765,0.08156077294383657,0.27108498024043,0.4006519684992258,0.1134936564130465
26.119999999999532,-0.10089688975326568,-0.07108667255818579,0.37753209685929745,5.1365097718108474,-17.105193854654953,0.12342405509979557,0.000762247238844227,46.86429977416992,0.25598298501995953,1,4,1,1,1,1,179.9262020528706,59.483116832337664,197.70885157836543,292.2046839879632,729.3228544515368,0.24670309034560303,0.0815593758913122,0.27108550125862413,0.40065203250446074,0.1134942143067721
26.13999999999953,-0.10089648671585322,-0.07108655601353978,0.37753123588440546,5.136339389470769,-17.10522261704285,0.12342365849977253,0.0007581578696797925,46.864356994628906,0.25598370698234985,1,4,1,1,1,1,179.9268995360707,59.48217782197422,197.70933638199068,292.2048853656318,729.3232991056674,0.2467038962785174,0.08155803865708697,0.2710860007138559,0.40065206435053974,0.11349473838021532
26.15999999999953,-0.10089608555979071,-0.07108644041333534,0.37753037925619104,5.136169862582248,-17.10525122541361,0.12342326398182508,0.0007540834323618736,46.86440658569336,0.2559843252654618,1,4,1,1,1,1,179.92765376343115,59.48124522675711,197.70977786545592,292.2050596458457,729.32373650149,0.2467047824694837,0.08155671103217356,0.27108644346865024,0.40065206302969236,0.11349524466924935
26.17999999999953,-0.10089568625059084,-0.07108632585988749,0.37752952705972503,5.136001209877496,-17.105279693530115,0.12342287157668863,0.0007500063893454644,46.86445999145508,0.25598504812143485,1,4,1,1,1,1,179.9283781412329,59.48028681358301,197.7102538212466,292.2052410438304,729.3241598198929,0.2467056324936039,0.08155534958319728,0.27108693872155737,0.4006520792016416,0.11349577201787131
26.19999999999953,-0.10089528873157928,-0.07108621224739291,0.37752867932608997,5.135833408545597,-17.10530803388313,0.12342248117709409,0.000746207874636297,46.86451721191406,0.25598580986267333,1,4,1,1,1,1,179.92905698445486,59.479371146100036,197.71069234767776,292.20541349725556,729.3245339754883,0.24670643671299017,0.08155405224322135,0.27108740092695494,0.40065211011683344,0.11349627927305986
26.21999999999953,-0.10089489291363382,-0.07108609961592642,0.37752783607303375,5.135666459696819,-17.105336248992504,0.12342209273326656,0.000742230526909086,46.864566802978516,0.2559864769708828,1,4,1,1,1,1,179.92978062541448,59.47843242655685,197.71115595395125,292.20558529878895,729.3249543047116,0.24670728673605746,0.08155271813407168,0.2710878803570289,0.40065211477284185,0.11349679192838441
26.23999999999953,-0.10089449885688595,-0.07108598796188557,0.3775269972434845,5.135500369672452,-17.105364328216258,0.12342170629228678,0.0007382281532855807,46.864620208740234,0.25598717045292874,1,4,1,1,1,1,179.93048993482876,59.4775066364084,197.71161195310253,292.20575443667633,729.325362961016,0.24670812105631712,0.08155140305958014,0.2710883536949895,0.4006521221891132,0.11349729827161567
26.25999999999953,-0.10089410664560923,-0.07108587726491192,0.3775261629197492,5.13533513086793,-17.10539228091398,0.12342132191132005,0.0007344389697091784,46.86467742919922,0.2559879394731221,1,4,1,1,1,1,179.93119953384863,59.476601711465285,197.71208019736946,292.20594066392675,729.3258221066101,0.24670893869372276,0.0815501109499606,0.27108882505529697,0.40065212530101973,0.11349779469820032
26.27999999999953,-0.10089371626830931,-0.07108576745809235,0.37752533329133403,5.135170728125096,-17.105420150621278,0.12342093954242969,0.0007303151667588173,46.864723205566406,0.25598852177272097,1,4,1,1,1,1,179.93188774973487,59.47569557408989,197.71252276618233,292.20610761713135,729.3262137071384,0.24670974985959668,0.08154882473204564,0.2710892863170471,0.4006521390913106,0.11349829206346178
26.299999999999528,-0.100893327700186,-0.07108565859892299,0.37752450814087707,5.135007165066648,-17.105447907650998,0.1234205591984567,0.0007265598868086224,46.864776611328125,0.25598923911388033,1,4,1,1,1,1,179.9325921176732,59.474756857637686,197.71296881541207,292.20626604781523,729.3265838385382,0.2467105904335273,0.08154749624594033,0.27108976033044574,0.4006521529900866,0.11349880553077596
26.319999999999528,-0.10089294104629662,-0.07108555058819627,0.37752368734883085,5.13484442886846,-17.105475541024827,0.12342018090814198,0.0007226386026972292,46.86482620239258,0.25598989003126493,1,4,1,1,1,1,179.93323370763193,59.47389583802837,197.7134197486289,292.2064324872525,729.3269817815417,0.24671133552210753,0.08154627118381153,0.27109023070238036,0.4006521625917006,0.1134992797232233
26.339999999999527,-0.10089255629853912,-0.07108544334122587,0.37752287054477035,5.134682498826215,-17.105503029428526,0.12341980461608468,0.0007188243503457445,46.86487579345703,0.2559905433190402,1,4,1,1,1,1,179.9338423541643,59.47298196710605,197.7138614368976,292.2066158209454,729.3273015791133,0.24671206187479616,0.08154498239451242,0.2710907174444377,0.4006522382862538,0.11349980039251126
26.359999999999527,-0.10089217330868049,-0.07108533705705064,0.3775220576789245,5.134521392978662,-17.10553034700475,0.12341943031574613,0.0007149486936088488,46.864925384521484,0.255991183804466,1,4,1,1,1,1,179.93459961416875,59.47205525770084,197.7143069780987,292.20678348723084,729.3277453371991,0.24671295006194693,0.08154366214355988,0.27109116339278577,0.40065222440170745,0.11350029994645604
26.379999999999526,-0.10089179213570579,-0.07108523175517983,0.3775212488684565,5.1343611289830235,-17.105557511402743,0.123419058066581,0.0007112957782684595,46.8649787902832,0.2559918936333703,1,4,1,1,1,1,179.93528620569333,59.471170745477366,197.714748674627,292.20694447660435,729.3281501024021,0.24671375454303981,0.08154240411141028,0.271091618562737,0.4006522227828128,0.113500781522381
26.399999999999526,-0.100891412848675,-0.07108512723851282,0.3775204444808071,5.134201651766556,-17.105584574951305,0.12341868781151961,0.0007075051420001963,46.865028381347656,0.2559925514623973,1,4,1,1,1,1,179.93593634063677,59.47035695446842,197.7151952838387,292.207088872158,729.3285774511019,0.2467145013972809,0.08154124052331631,0.2710920720737761,0.40065218600562674,0.11350121673150797
26.419999999999526,-0.10089103529825921,-0.07108502350961145,0.37751964426199974,5.134042988599104,-17.105611516187974,0.12341831942996388,0.0007036807435485105,46.86507797241211,0.2559931961389507,1,4,1,1,1,1,179.93657852140612,59.469427058326474,197.71560628989198,292.2072778731973,729.328889742822,0.2467152762656308,0.08153993060565139,0.2710925195347891,0.40065227359392863,0.11350174702367499
26.439999999999525,-0.10089065938361964,-0.07108492062039883,0.37751884804339514,5.133885137311306,-17.105638307990546,0.12341795286938591,0.0006999584838387579,46.86512756347656,0.2559938455867767,1,4,1,1,1,1,179.93721514633953,59.46858448194867,197.71606718229245,292.2074172497538,729.3292840603344,0.24671601576806293,0.0815387312447872,0.2710930049065961,0.4006522480805538,0.11350220078347166
26.459999999999525,-0.10089028518831711,-0.07108481854900874,0.37751805607424066,5.13372807341276,-17.105664986566676,0.12341758818549912,0.0006961561056284337,46.865169525146484,0.25599442821991797,1,4,1,1,1,1,179.93790481230923,59.467732349720606,197.71647584183842,292.20758561684147,729.3296986207097,0.24671682114769677,0.08153751651987368,0.2710934111359443,0.4006522511964853,0.11350266559379446
26.479999999999524,-0.10088991268401734,-0.0710847173888602,0.3775172680874379,5.133571820172052,-17.105691528021925,0.12341722540894673,0.000692470626460279,46.86521911621094,0.2559951013442962,1,4,1,1,1,1,179.93856253983301,59.466814263390845,197.7169189815175,292.2077495966443,729.3300453813856,0.24671760567019896,0.08153621894501015,0.2710938898425968,0.4006522855421941,0.11350317503010464
26.499999999999524,-0.10088954211930938,-0.07108461704271582,0.3775164840192952,5.133416366433123,-17.10571791735444,0.12341686468693598,0.0006889208179652165,46.86526870727539,0.2559957102670814,1,4,1,1,1,1,179.93919698262977,59.46597274259964,197.71736465309226,292.20792403878073,729.3304584171024,0.24671833584622208,0.08153501894280026,0.27109434738569244,0.4006522978252853,0.11350364035339085
26.519999999999524,-0.10088917345012155,-0.07108451750784896,0.3775157040124602,5.133261692821079,-17.10574418078196,0.12341650598186774,0.0006852438639833408,46.86531066894531,0.25599635656212216,1,4,1,1,1,1,179.9398677197604,59.46516200320387,197.7178070128934,292.208049372697,729.3308861085548,0.24671911082753442,0.08153385950852626,0.271094794939844,0.4006522347240952,0.11350406482453934
26.539999999999523,-0.10088880652912176,-0.07108441863550236,0.37751492807432513,5.133107787388949,-17.105770339014455,0.1234161490876211,0.0006815725228533838,46.86536407470703,0.2559969966395252,1,4,1,1,1,1,179.94047418985153,59.464282966328696,197.71817941431573,292.20823214066667,729.3311687111626,0.24671984677116335,0.08153262265125867,0.27109520050228125,0.40065233007529677,0.11350456893591934
26.559999999999523,-0.10088844126318224,-0.07108432055580202,0.37751415585647774,5.1329546568156035,-17.105796338336404,0.12341579400301482,0.0006779946893809443,46.86540603637695,0.2559975813245828,1,4,1,1,1,1,179.941089801749,59.463447687630364,197.7186047829494,292.2083682510437,729.3315105233725,0.24672057521911023,0.08153143917360578,0.2710956566802734,0.4006523289270105,0.11350502362859775
26.579999999999522,-0.10088807754553816,-0.07108422341362507,0.37751338764787784,5.132802318622354,-17.10582220277146,0.12341544072421685,0.0006743373851488807,46.865455627441406,0.255998279319655,1,4,1,1,1,1,179.94177930001825,59.4626090983411,197.71904813645813,292.2085208309711,729.3319573657886,0.24672136944325665,0.08153023941677941,0.2710960984769988,0.4006522926629651,0.11350547156949549
26.599999999999522,-0.10088771551929611,-0.07108412701443624,0.3775126237119965,5.132650750649013,-17.105847974945558,0.123415089256164,0.0006706857769584341,46.865501403808594,0.2559988576032611,1,4,1,1,1,1,179.94238955404876,59.46183345817847,197.71946168101994,292.20868207687727,729.3323667701244,0.2467220676780469,0.08152913015708793,0.27109651331755363,0.4006522888473116,0.11350589614093429
26.61999999999952,-0.10088735528184167,-0.07108403131836949,0.3775118639811892,5.132499947008724,-17.105873654650402,0.12341473965550258,0.0006671786026987626,46.86554718017578,0.25599947549566243,1,4,1,1,1,1,179.94298821566602,59.46099156116391,197.71988362068663,292.2088368116107,729.3327002091273,0.2467227757154856,0.08152793854452733,0.27109696790503546,0.40065231783495153,0.11350636393380871
26.63999999999952,-0.10088699656552998,-0.07108393647097429,0.3775111080907754,5.1323499128654895,-17.105899219546693,0.12341439178727401,0.000663570230161632,46.86559295654297,0.25600006026499317,1,4,1,1,1,1,179.94361651244327,59.46014653161888,197.72028424577763,292.20893901739197,729.3329863072317,0.24672354040029937,0.08152674792988353,0.271097410864244,0.4006523008055731,0.1135068151409609
26.65999999999952,-0.1008866394777656,-0.07108384234610955,0.37751035574906666,5.1322006296295255,-17.10592462935764,0.12341404566662262,0.0006600711888604335,46.86563491821289,0.25600064804126016,1,4,1,1,1,1,179.94419489337375,59.459317111320246,197.72070082281687,292.2091176894108,729.3333305169217,0.2467242169857185,0.08152557222248147,0.2710978540946161,0.40065235669718385,0.11350728566388611
26.67999999999952,-0.10088628409006328,-0.07108374900432148,0.37750960703714037,5.132052105152666,-17.105949869893482,0.12341370138688139,0.0006566984690868578,46.86568832397461,0.2560013257628297,1,4,1,1,1,1,179.94486289634278,59.45848867471517,197.72116111418592,292.2092879478647,729.3338006331086,0.24672497385989664,0.08152438379120971,0.27109831046161753,0.4006523318872761,0.11350773416441581
26.69999999999952,-0.10088593060962035,-0.0710836563936198,0.3775088623580143,5.131904340124161,-17.105975003968776,0.12341335908748022,0.0006531900984836533,46.86573028564453,0.25600189779910554,1,4,1,1,1,1,179.94549382341273,59.45771964310177,197.72157145797686,292.2094419240532,729.3342268485445,0.2467256947489737,0.08152328171957425,0.27109871466245644,0.4006523088689956,0.1135081490525965
26.71999999999952,-0.10088557894782359,-0.07108356449314611,0.37750812167434883,5.131757319379913,-17.10600004372984,0.12341301868396545,0.000649690784678603,46.865779876708984,0.25600254577162934,1,4,1,1,1,1,179.94611993008627,59.45687761710509,197.72196601639337,292.2095779405058,729.3345415040906,0.2467264467674702,0.08152209203541695,0.2710991386869402,0.4006523225101727,0.11350860931436935
26.73999999999952,-0.10088522881544863,-0.07108347327441147,0.37750738452500376,5.131611044283219,-17.10602494685632,0.1234126799234965,0.0006462742825134046,46.865821838378906,0.25600309269158555,1,4,1,1,1,1,179.94665078646358,59.45604798165864,197.7223580307874,292.20973642644526,729.3347932253548,0.2467270894765368,0.0815209263755603,0.2710995826160919,0.4006524015318111,0.11350908407096687
26.75999999999952,-0.10088488036007533,-0.07108338275859456,0.3775066510957822,5.131465511490713,-17.10604969688706,0.12341234293891179,0.0006427622851859256,46.8658561706543,0.2560036181464325,1,4,1,1,1,1,179.9472686979617,59.4553315902564,197.7228082165502,292.20987541890145,729.3352839236697,0.24672777070359658,0.08151988927561447,0.27110001747460133,0.4006523225461876,0.11350945799828585
26.779999999999518,-0.10088453362535584,-0.07108329280441295,0.37750592185050597,5.131320685426415,-17.106074383498047,0.1234120076845177,0.000639371638249739,46.865901947021484,0.2560042065614066,1,4,1,1,1,1,179.9478465148862,59.454601816039734,197.72317560654074,292.21000982972913,729.3356337671958,0.24672844460569116,0.08151884957127663,0.27110039116730456,0.40065231465572776,0.11350985369454253
26.799999999999518,-0.10088418848530617,-0.0710832035812178,0.3775051965301065,5.131176594061027,-17.10609898138352,0.12341167415486931,0.0006358838501856659,46.86594772338867,0.25600481718983537,1,4,1,1,1,1,179.94842779936684,59.45376853699349,197.72356333356512,292.2101393382577,729.3358990081831,0.24672915188197506,0.08151767740741146,0.27110082419149734,0.4006523465191162,0.11351031425258301
26.819999999999517,-0.10088384492368066,-0.07108311513472748,0.3775044750981756,5.1310332473698255,-17.106123470244725,0.12341134236301853,0.0006325051389404945,46.86598205566406,0.2560053547133058,1,4,1,1,1,1,179.9490332742326,59.45300179699654,197.72397579213572,292.2102788660317,729.3362897293965,0.24672984987624644,0.0815165824520472,0.27110124448283884,0.4006523231888675,0.11351072732499473
26.839999999999517,-0.10088350293248322,-0.07108302741719678,0.3775037572025063,5.130890633117743,-17.106147832445718,0.12341101227492747,0.0006291744610068582,46.866031646728516,0.25600592568749375,1,4,1,1,1,1,179.94960758280334,59.45217885249224,197.72436458880287,292.21040990230154,729.3365609264,0.24673054557176205,0.08151542379416211,0.2711016767590182,0.4006523538750576,0.11351118253464809
26.859999999999516,-0.10088316258946807,-0.07108294041088677,0.37750304287523334,5.130748748664797,-17.106172054517938,0.1234106839439387,0.0006258514711337641,46.86607360839844,0.256006502439786,1,4,1,1,1,1,179.95019015732268,59.45142909402894,197.7247820126786,292.2105553955024,729.3369566595327,0.2467312104702883,0.08151435156436466,0.2711021019945106,0.4006523359708364,0.1135115894477548
26.879999999999516,-0.10088282391557156,-0.07108285402684626,0.3775023321482365,5.13060756996648,-17.106196153679136,0.12341035733593088,0.0006224839978536334,46.86611557006836,0.25600708976037984,1,4,1,1,1,1,179.95077200655632,59.450677751832174,197.72518202627262,292.2107031798116,729.3373349644727,0.2467318802695354,0.08151327911209717,0.2711025098364177,0.4006523307819498,0.11351199982112117
26.899999999999515,-0.10088248688917467,-0.07108276822679475,0.3775016251913382,5.130467095949757,-17.1062201491014,0.12341003241118091,0.0006192228656047854,46.86616134643555,0.2560076838827205,1,4,1,1,1,1,179.95133558119636,59.449915925730565,197.7255488037379,292.21085747387,729.3376577845349,0.2467325437820168,0.0815121984874852,0.2711028927319575,0.40065236499854034,0.113512425189896
26.919999999999515,-0.10088215141060036,-0.07108268319204998,0.3775009221345885,5.130327339991823,-17.106244053785176,0.1234097091926427,0.000615860332742949,46.86620330810547,0.25600822536928963,1,4,1,1,1,1,179.95197117315826,59.449139992470386,197.72595552901984,292.2109797669673,729.3380464616157,0.24673328375805353,0.08151109116120837,0.2711033059200566,0.4006523191606816,0.11351283476543457
26.939999999999515,-0.10088181741889578,-0.07108259895957823,0.37750022258289245,5.130188318273006,-17.106267841618674,0.1234093876517814,0.0006126190379115935,46.86624526977539,0.2560087969740433,1,4,1,1,1,1,179.95251320596645,59.4483311811327,197.72635426094152,292.2110908000633,729.338289448104,0.2467339447407018,0.0815099550389953,0.27110376230289873,0.4006523379174042,0.11351327903733902
26.959999999999514,-0.1008814848342534,-0.07108251532411458,0.3774995263728731,5.130049979833103,-17.106291493392636,0.12340906760512649,0.0006093635396530509,46.86628341674805,0.2560093285075576,1,4,1,1,1,1,179.95306509272461,59.44758702562974,197.7267387129871,292.21125926436775,729.3386500957092,0.246734579429062,0.08150889441801636,0.2711041553701287,0.4006523707827929,0.11351369722208299
26.979999999999514,-0.10088115380140364,-0.07108243237103186,0.3774988338388928,5.129912347029293,-17.10631502331221,0.12340874922016175,0.0006061230244344154,46.8663215637207,0.25600986417037286,1,4,1,1,1,1,179.95371459737717,59.446838103055335,197.7271307498932,292.21138362164186,729.3390670719675,0.24673532890515001,0.08150782096688292,0.2711045378985334,0.40065231222943376,0.11351408852282495
26.999999999999513,-0.10088082430824548,-0.07108235005707747,0.3774981447715068,5.129775418114921,-17.1063384431501,0.12340843246208094,0.0006029223107748111,46.866363525390625,0.25601040485488696,1,4,1,1,1,1,179.95423097563102,59.44608975729926,197.7275061609683,292.2114969567195,729.339323850618,0.24673595004523427,0.08150676621061352,0.2711049571782948,0.4006523265658575,0.11351449970390949
27.019999999999513,-0.10088049623393754,-0.07108226833748268,0.377497459118535,5.129639166484315,-17.10636173440177,0.12340811720631419,0.0005995665670248211,46.86640167236328,0.2560109420194304,1,4,1,1,1,1,179.95476932791559,59.445348444248815,197.72790509026242,292.2116475526128,729.3396704150397,0.24673657093890164,0.0815057110638459,0.2711053753290877,0.40065234266816474,0.11351491156729673
27.039999999999512,-0.10088016961335829,-0.07108218731198176,0.3774967769402515,5.129503606884846,-17.10638490455006,0.1234078035388184,0.0005965720836791567,46.866451263427734,0.2560115766727071,1,4,1,1,1,1,179.95538340233657,59.444598683234275,197.72828514155458,292.2117824518475,729.340049678973,0.24673728459248317,0.08150464068084493,0.27110575544094534,0.40065231928572653,0.11351531355154588
27.059999999999512,-0.10087984457186058,-0.07108210676264906,0.3774960982910283,5.129368716044102,-17.106407966190947,0.12340749143653877,0.0005932181843796553,46.86648178100586,0.256012009638683,1,4,1,1,1,1,179.9558585793987,59.443926011906875,197.7286656779622,292.2119310846327,729.3403813539005,0.2467378239023873,0.08150368131483272,0.271106153907057,0.4006523408757229,0.11351569136844988
27.07999999999951,-0.10087952108569738,-0.0710820267564006,0.37749542290534127,5.129234487449947,-17.10643090218832,0.12340718091860503,0.0005901252706992716,46.86652755737305,0.2560126029252478,1,4,1,1,1,1,179.95638017613075,59.443196383760366,197.7290395815396,292.2120602193771,729.3406763608078,0.2467384392627864,0.08150264795371645,0.27110655690856084,0.4006523558749363,0.11351609412353664
27.09999999999951,-0.10087919910783791,-0.07108194741839216,0.3774947508928592,5.129100943222733,-17.106453713456233,0.12340687201865978,0.0005869540066491559,46.8665657043457,0.2560130902084261,1,4,1,1,1,1,179.9569820208045,59.44245015940661,197.72941040132247,292.2121910560779,729.3410336376115,0.24673914358453597,0.08150158487989563,0.27110693253489493,0.4006523390006735,0.11351649542022048
27.11999999999951,-0.10087887864331388,-0.071081868704295,0.3774940824444693,5.128968082507755,-17.10647642686221,0.123406564715282,0.0005838533516157326,46.866600036621094,0.25601362074887996,1,4,1,1,1,1,179.95749757021312,59.44178133195753,197.72979067588113,292.2123158289046,729.3413854069563,0.24673973144935527,0.08150062854144817,0.2711073231715108,0.4006523168376858,0.11351685689026368
27.13999999999951,-0.1008785597841582,-0.07108179065729778,0.3774934176347609,5.12883591239353,-17.10649904880517,0.12340625910857961,0.0005806909099686472,46.866641998291016,0.2560141430463016,1,4,1,1,1,1,179.9580786811855,59.44103126799844,197.73016040829953,292.21243163654583,729.3417019940293,0.24674042110738748,0.08149956475200296,0.2711077124312278,0.40065230170938176,0.11351725977548041
27.15999999999951,-0.10087824252480244,-0.07108171312483552,0.37749275622616574,5.1287043938573555,-17.106521564975374,0.12340595510612232,0.0005776284769115386,46.86667251586914,0.2560146164141665,1,4,1,1,1,1,179.95855522451012,59.440366707065884,197.73052836238685,292.21254978985905,729.3420000838219,0.24674097364998565,0.08149862026351769,0.27110810612807446,0.4006522999584223,0.11351762402037492
27.17999999999951,-0.10087792685606518,-0.07108163620417578,0.3774920982636759,5.128573539690429,-17.10654398364662,0.1234056527564294,0.0005746097203949008,46.86671829223633,0.25601516273524905,1,4,1,1,1,1,179.95913266802705,59.43961826646327,197.73089878122153,292.21267716988694,729.3423268855988,0.2467416548227491,0.08149755756021916,0.27110849253129476,0.4006522950857369,0.11351802983778551
27.19999999999951,-0.1008776127387125,-0.07108155982675773,0.37749144386530664,5.128443342686508,-17.10656631105003,0.12340535198793685,0.0005714771579080746,46.86675262451172,0.2560156592203881,1,4,1,1,1,1,179.95968388238055,59.43894191872187,197.73124223057007,292.212799159787,729.3426671914594,0.2467422954636211,0.08149659219528231,0.2711088369366765,0.40065227540442017,0.11351839296122654
27.21999999999951,-0.1008773001804455,-0.07108148397931131,0.37749079274909625,5.128313804877881,-17.10658853289027,0.12340505279929505,0.0005685504090273307,46.866798400878906,0.25601623046335054,1,4,1,1,1,1,179.96016601630663,59.438203128413505,197.73161873685515,292.2129339438695,729.3429218254448,0.24674287037144493,0.08149555078926093,0.2711092585117028,0.4006523203275913,0.11351880979845677
27.239999999999508,-0.10087698907094704,-0.07108140868919659,0.37749014493507677,5.12818492528185,-17.106610628370422,0.12340475511608359,0.0005654305243204026,46.8668327331543,0.25601672827065897,1,4,1,1,1,1,179.96069975726854,59.437535584439146,197.73198750761975,292.2130638636434,729.3432867129709,0.24674347873731936,0.0814945947501817,0.2711096284971169,0.400652298015382,0.11351917001297791
27.259999999999508,-0.10087667944690946,-0.07108133405410907,0.3774895004736321,5.1280567141463145,-17.106632620191053,0.12340445902456836,0.0005624803081641108,46.86687088012695,0.2560172463534201,1,4,1,1,1,1,179.96125006658121,59.43679964785314,197.73235152690324,292.2131983641969,729.3435996055346,0.2467441274097877,0.08149355074891934,0.2711100112948777,0.40065231054641515,0.11351957473864814
27.279999999999507,-0.10087637118831065,-0.07108126001583746,0.37748885937550075,5.127929152884539,-17.106654513357192,0.1234041643931068,0.0005593452164964346,46.866905212402344,0.2560177151468202,1,4,1,1,1,1,179.96177536418116,59.436132569191045,197.73270898837953,292.2133097025834,729.3439266243352,0.24674473700920319,0.08149259958094496,0.2711103798499527,0.4006522835598991,0.11351993152344277
27.299999999999507,-0.1008760644076908,-0.07108118650355534,0.3774882218041576,5.127802228371422,-17.106676327445747,0.12340387127289727,0.00055635033000735,46.866939544677734,0.2560182028702783,1,4,1,1,1,1,179.96229206030205,59.435465873625375,197.73307543946433,292.2134323509223,729.344265724314,0.24674533072743218,0.08149164758922157,0.2711107562395037,0.4006522654438425,0.11352029203696869
27.319999999999506,-0.10087575907946612,-0.07108111358673429,0.37748758753736245,5.127675952509544,-17.106698043723952,0.12340357968304126,0.0005533846287958935,46.866981506347656,0.25601870790174136,1,4,1,1,1,1,179.96282399685418,59.434725831814106,197.7334279921772,292.2135532045868,729.3445310254323,0.2467459703082066,0.08149060327942818,0.27111114100515854,0.40065228540720665,0.11352069950599347
27.339999999999506,-0.10087545510807416,-0.07108104122752773,0.3774869567782495,5.12755031004143,-17.106719681780596,0.12340328952362081,0.000550377924745459,46.867008209228516,0.2560191523961212,1,4,1,1,1,1,179.96332345539687,59.434122936724435,197.73378585707874,292.2136445866513,729.3448768358513,0.24674653812081276,0.08148973801608106,0.2711115031271843,0.40065222073592194,0.11352101191524236
27.359999999999506,-0.10087515255321015,-0.07108096934358303,0.3774863290814937,5.127425300450783,-17.1067412092368,0.1234030007959969,0.0005476092225391464,46.86705780029297,0.25601976100053736,1,4,1,1,1,1,179.96375731246144,59.433406916572025,197.73414519435835,292.2137704288747,729.3450798522665,0.24674706429625087,0.08148873360276954,0.2711119203469648,0.4006522817540148,0.11352142052484934
27.379999999999505,-0.10087485141329154,-0.0710808980494977,0.37748570446572266,5.1273009219081445,-17.106762604647844,0.1234027135648837,0.0005446471013778718,46.86709213256836,0.25602020907547474,1,4,1,1,1,1,179.9643543786055,59.43270670997184,197.73448955955695,292.2139061539765,729.3454568021108,0.24674775540205252,0.08148773143876234,0.27111225238386194,0.4006522607753232,0.11352179595568358
27.399999999999505,-0.10087455166011815,-0.07108082722881852,0.37748508280889226,5.127177171531771,-17.10678387486202,0.12340242774015021,0.0005416812834705066,46.86711502075195,0.2560206248765285,1,4,1,1,1,1,179.96477392288767,59.432100658635534,197.73484816409797,292.2140165940764,729.3457393396975,0.2467482350494241,0.0814868689195902,0.2711126390388108,0.40065225699217505,0.1135221293248993
27.419999999999504,-0.10087425338998918,-0.07108075696568579,0.3774844645192812,5.127054039369401,-17.10680505216312,0.12340214344897998,0.0005387769261453335,46.867156982421875,0.2560211222310054,1,4,1,1,1,1,179.96536337176727,59.43143291860016,197.7351973496023,292.2141336081017,729.3461272480714,0.24674891200259425,0.0814859100477349,0.27111297361060355,0.4006522043390673,0.11352247840461939
27.439999999999504,-0.10087395666407044,-0.07108068713915529,0.3774838493587765,5.126931525589435,-17.106826137892583,0.12340186067170639,0.0005359182817028916,46.867191314697266,0.25602158900124766,1,4,1,1,1,1,179.96575763775232,59.43077451801338,197.7355559358191,292.2142673201482,729.346355411733,0.24674937538579658,0.08148498182933035,0.27111338045172345,0.4006522623331496,0.1135228577089642
27.459999999999503,-0.10087366144052494,-0.07108061785554817,0.377483237494779,5.126809641559424,-17.1068471213016,0.12340157943537076,0.0005331016111922919,46.86722946166992,0.25602211633153366,1,4,1,1,1,1,179.9663508268832,59.43011509604966,197.73588574586842,292.21438883759674,729.346740506398,0.24675005841793365,0.08148403467846625,0.27111368950326287,0.4006522174003373,0.1135232037741777
27.479999999999503,-0.10087336754718552,-0.07108054903680819,0.37748262857975734,5.126688363272415,-17.106868005353462,0.12340129955427405,0.0005301458540730646,46.86725997924805,0.2560225456738547,1,4,1,1,1,1,179.9667212008273,59.4294696226771,197.73623549399935,292.2144904459927,729.3469167634964,0.24675050660313502,0.08148312998483292,0.2711141035208061,0.4006522598912259,0.11352356965060799
27.499999999999503,-0.10087307493340723,-0.07108048076332021,0.3774820226834758,5.12656769727942,-17.106888765568723,0.12340102103331854,0.0005273184324942005,46.86729049682617,0.25602295662620184,1,4,1,1,1,1,179.96728304766106,59.428815529893484,197.73656249273722,292.21460644042395,729.3472675107157,0.2467511582814245,0.08148219397972907,0.27111442148486836,0.40065222625397806,0.11352391596963005
27.519999999999502,-0.10087278369116755,-0.07108041308572538,0.3774814199051428,5.1264476504832714,-17.106909424613526,0.12340074397685954,0.0005245668612300625,46.86732864379883,0.25602348661237984,1,4,1,1,1,1,179.9677788760216,59.42816286146046,197.7369155985693,292.2147157133073,729.3475730493587,0.24675173473682382,0.08148126497904812,0.27111479204879374,0.40065220823533426,0.11352426785684204
27.5399999999995,-0.10087249383688708,-0.07108034585407455,0.37748082038570674,5.126328203014657,-17.106930002702043,0.12340046831194636,0.000521745598526917,46.86736297607422,0.25602396279650047,1,4,1,1,1,1,179.96823485089203,59.42757770345598,197.7372615039243,292.2148331230402,729.3479071813125,0.24675224687544453,0.08148042534751877,0.2711151421111403,0.4006521856658964,0.1135245845771926
27.5599999999995,-0.10087220542872968,-0.0710802790483208,0.37748022401361964,5.126209351351585,-17.106950496367414,0.12340019407457589,0.000519003897872357,46.867393493652344,0.25602441004043247,1,4,1,1,1,1,179.96870361903046,59.426922331965145,197.7375897359525,292.2149433996458,729.3481590865939,0.24675280437317615,0.08147949863394324,0.2711154985070382,0.40065219848584244,0.11352494532692407
27.5799999999995,-0.10087191832385826,-0.07108021269414799,0.377479630410252,5.126091093127941,-17.1069708726922,0.12339992116278053,0.000516184578405929,46.867427825927734,0.2560248468550172,1,4,1,1,1,1,179.96914692916408,59.42625929041398,197.73790959548757,292.21505398565563,729.3483698007212,0.24675334090118936,0.08147856600632553,0.27111585873499,0.4006522343574952,0.1135253162488548
27.5999999999995,-0.10087163252044941,-0.07108014694197871,0.3774790397196133,5.125973441300712,-17.106991121552202,0.12339964966171449,0.0005134709201685798,46.867462158203125,0.25602530248595573,1,4,1,1,1,1,179.96972132753748,59.425622682117876,197.73823895462021,292.2151660263143,729.3487489905899,0.24675400016331483,0.08147765080061115,0.27111616936107397,0.400652179675,0.11352564748101479
27.6199999999995,-0.10087134801539628,-0.07108008170102915,0.3774784519746389,5.125856393021456,-17.107011265491685,0.12339937951654445,0.000510805783719017,46.86750411987305,0.25602580952586707,1,4,1,1,1,1,179.97016815703853,59.42498535755648,197.73858226324347,292.2152772865205,729.349013064359,0.2467545234631827,0.08147674747358946,0.27111654190419077,0.400652187159037,0.11352599878202384
27.6399999999995,-0.10087106480803255,-0.07108001692067002,0.3774778670446816,5.125739933406765,-17.107031293328358,0.12339911069756151,0.0005081397291241642,46.86753845214844,0.25602628051592813,1,4,1,1,1,1,179.97062565180454,59.42433650932986,197.73891620774484,292.21541926208755,729.3492976309667,0.2467550544524763,0.08147582605803393,0.2711168939903415,0.40065222549914836,0.11352636602797826
27.6599999999995,-0.10087078290980125,-0.07107995262378403,0.3774772851419755,5.125624046943449,-17.10705121998506,0.12339884322729948,0.0005054393457088264,46.86756896972656,0.2560267403869521,1,4,1,1,1,1,179.97115500053474,59.423757203969316,197.7392479292916,292.2155088757777,729.3496690095733,0.24675565458873536,0.08147499029466117,0.2711172107581996,0.40065214435840396,0.11352665971405544
27.6799999999995,-0.10087050243655703,-0.0710798887732596,0.37747670651685566,5.125508747859741,-17.107071094406983,0.12339857717908426,0.0005025520323425113,46.86759948730469,0.2560271251550054,1,4,1,1,1,1,179.97158013860476,59.42313606037454,197.73958490984506,292.21562780114954,729.3499289099739,0.24675614955851907,0.08147410962140415,0.2711175761754996,0.4006521646445772,0.11352700673100874
27.6999999999995,-0.10087022324735695,-0.0710798253449802,0.3774761306577257,5.125394027013373,-17.10709085461071,0.1233983124238112,0.0004999534036793713,46.86762619018555,0.2560275313033019,1,4,1,1,1,1,179.97200657700813,59.42252699122916,197.73989754343575,292.2157172886,729.350148400273,0.246756659982522,0.08147325001792913,0.27111792323227796,0.40065216676727095,0.11352733894012755
27.719999999999498,-0.10086994538344216,-0.07107976238568768,0.37747555764910695,5.125279883035799,-17.107110506455648,0.12339804902211551,0.0004973889950957945,46.8676643371582,0.2560280620189008,1,4,1,1,1,1,179.9725213067227,59.42188935841021,197.7402209947733,292.215836480205,729.3504681401112,0.2467572575440498,0.08147234005338984,0.27111824785555166,0.40065215454700875,0.11352768341671143
27.739999999999498,-0.10086966878392217,-0.0710796998475894,0.3774749875196723,5.12516631390574,-17.107130054169744,0.12339778689669262,0.0004945856924540235,46.86769104003906,0.256028426556242,1,4,1,1,1,1,179.97292723479814,59.421320737886475,197.74054961633504,292.21594250771005,729.3507400967296,0.2467577220953109,0.08147153004877429,0.2711185973296056,0.40065215052630937,0.11352799562385948
27.759999999999497,-0.10086939351504319,-0.07107963777796211,0.37747442049527713,5.12505331291414,-17.107149526598512,0.12339752612892584,0.00049192615933597,46.86772155761719,0.25602886419181603,1,4,1,1,1,1,179.97343090335255,59.42072442814541,197.74086717476834,292.21604393539855,729.3510664416649,0.24675830225545742,0.08147067600524036,0.2711189114173786,0.4006521103219236,0.11352830970104083
27.779999999999497,-0.1008691195639617,-0.07107957621369992,0.37747385633362557,5.124940901649081,-17.10716890582508,0.1233972667295673,0.0004893730768265318,46.867759704589844,0.25602934211997985,1,4,1,1,1,1,179.97385008828297,59.420098995440824,197.74118784455135,292.2161421614704,729.3512790897455,0.24675880504781766,0.08146979473265485,0.2711192720349224,0.40065212818460505,0.1135286558649481
27.799999999999496,-0.10086884684079023,-0.07107951511972431,0.3774732948053693,5.124829057642916,-17.107188159041378,0.12339700860493302,0.00048683436203260226,46.867794036865234,0.2560297828270373,1,4,1,1,1,1,179.9743304995015,59.419461269509284,197.7415064110068,292.21625782250567,729.3515560025232,0.24675937004359919,0.08146888942717731,0.2711196058795036,0.4006521346497199,0.1135290054792675
27.819999999999496,-0.10086857547986379,-0.07107945458979437,0.37747273630919737,5.124717796332969,-17.107207322802005,0.12339675191883949,0.0004842606495032852,46.867820739746094,0.25603017726175786,1,4,1,1,1,1,179.97485476092154,59.41888165923794,197.7418456528241,292.2163550419899,729.3519371149735,0.2467599599074633,0.08146805216460443,0.27111992933756,0.40065205859037234,0.11352930180545269
27.839999999999495,-0.10086830547459069,-0.0710793943386288,0.37747218062083304,5.124607078289372,-17.107226406069053,0.12339649650156863,0.00048162026039247824,46.867855072021484,0.2560305863368949,1,4,1,1,1,1,179.97520129735676,59.41829462336635,197.7421536668627,292.21648479240923,729.352134379995,0.24676036829637774,0.08146722525721603,0.27112027832064767,0.4006521281257585,0.11352964507259619
27.859999999999495,-0.10086803673284417,-0.07107933457958474,0.3774716276543587,5.12449692237456,-17.107245376217012,0.12339624240071069,0.0004790685453829138,46.86788558959961,0.25603108700685495,1,4,1,1,1,1,179.97570598295746,59.41767303985532,197.7424612422448,292.2165781224559,729.3524183875136,0.2467609641726508,0.08146634129385448,0.2711205944575094,0.40065210007598523,0.11352997427718553
27.879999999999495,-0.10086776927294054,-0.071079275209405,0.3774710773931029,5.12438731824345,-17.10726423964877,0.12339598957175839,0.00047665691057738015,46.867923736572266,0.2560315229106224,1,4,1,1,1,1,179.97611400549252,59.417115029879355,197.74277836177285,292.21669679101535,729.35270418816,0.24676142690911568,0.08146554429522043,0.2711209230133446,0.40065210578231936,0.11353028393445742
27.899999999999494,-0.10086750308016755,-0.07107921615064579,0.37747053016901605,5.1242782427443165,-17.107283029986778,0.1233957379580747,0.00047385123617776063,46.867942810058594,0.25603183928993567,1,4,1,1,1,1,179.9765465767427,59.41661509664275,197.7430804692977,292.21678863934153,729.3530307820247,0.24676190950186191,0.08146482236857952,0.2711212158222942,0.40065205230726436,0.1135305442948408
27.919999999999494,-0.10086723820495089,-0.07107915753823352,0.37746998610703736,5.124169719880556,-17.10730178707096,0.12339548767859917,0.00047137207152126787,46.86797332763672,0.2560322760511456,1,4,1,1,1,1,179.97698428279398,59.416004127718615,197.74338546905017,292.21687523095096,729.3532491105137,0.24676243576385762,0.0814639602965774,0.27112155284179384,0.40065205109777113,0.11353087575139077
27.939999999999493,-0.1008669747060267,-0.07107909943541559,0.3774694449418862,5.124061775311292,-17.107320448679676,0.12339523881777581,0.00046890921134284697,46.868003845214844,0.2560326736710417,1,4,1,1,1,1,179.97746217241118,59.415389494570746,197.743707680601,292.21698986061875,729.3535492082017,0.246762989455248,0.08146308406817665,0.2711218830638102,0.4006520434127651,0.11353120980338431
27.959999999999493,-0.10086671245026992,-0.07107904169757796,0.377468906377655,5.123954365202518,-17.107339018131402,0.12339499118348145,0.00046633634944595533,46.8680305480957,0.25603307156849614,1,4,1,1,1,1,179.97781534475416,59.414831543490195,197.74399217795326,292.21708170828083,729.3537207744785,0.24676341563547685,0.08146229991176215,0.2711222093553934,0.4006520750973676,0.11353152347319383
27.979999999999492,-0.10086645147473516,-0.07107898444547221,0.377468370725414,5.12384750539861,-17.107357497374576,0.12339474487556099,0.00046384149485807503,46.868064880371094,0.25603351740282326,1,4,1,1,1,1,179.97835385565082,59.414240268693916,197.74430728051152,292.21719121875935,729.3540926236155,0.24676402816667126,0.08146144769678387,0.27112250315781505,0.40065202097872993,0.1135318310990332
27.999999999999492,-0.1008661917220476,-0.07107892777671182,0.3774678379041074,5.123741213117388,-17.107375900972432,0.12339449990334203,0.0004613911500991068,46.868099212646484,0.2560339604432561,1,4,1,1,1,1,179.97880266594086,59.41361155992227,197.74462582105497,292.2172884895235,729.3543285364417,0.246764563702659,0.08146055934040256,0.2711228522052636,0.4006520247516747,0.11353217446273628
28.01999999999949,-0.10086593311254657,-0.07107887136160715,0.3774673077653189,5.123635442563133,-17.107394216639292,0.12339425601179585,0.00045878716405340096,46.86811447143555,0.25603426428272663,1,4,1,1,1,1,179.97913514659837,59.41312420269067,197.74492060543668,292.217377625683,729.3545575804087,0.24676494206558286,0.08145986555536205,0.27112317123436364,0.4006520211446915,0.11353244289236501
28.03999999999949,-0.10086567577062781,-0.07107881525592755,0.37746678033874487,5.123530184744943,-17.107412447250667,0.12339401333473068,0.0004564963903669843,46.86815643310547,0.256034733740469,1,4,1,1,1,1,179.9795825255007,59.4125491638012,197.74522839760004,292.2174754348016,729.3548355217035,0.24676546141873767,0.08145904609147306,0.2711234899212726,0.40065200256851663,0.11353275197997748
28.05999999999949,-0.10086541971582695,-0.07107875962715925,0.3774662553253155,5.123425475882466,-17.10743055302772,0.12339377198459173,0.0004540663444958348,46.86817932128906,0.2560351200195719,1,4,1,1,1,1,179.98002546056745,59.41193624775389,197.7455441609909,292.2175843351479,729.3550902044601,0.24676598254783366,0.0814581772934483,0.2711238281830005,0.4006520119757175,0.1135330895593486
28.07999999999949,-0.10086516484373105,-0.07107870443810456,0.377465732758631,5.123321292773321,-17.10744854704549,0.12339353185460113,0.00045162649652523624,46.86820602416992,0.25603547726473214,1,4,1,1,1,1,179.98045458999871,59.41137726714017,197.74582401514027,292.21768324300126,729.3553391152805,0.2467664867008691,0.08145738309012326,0.2711241193558809,0.40065201085312674,0.11353339389331366
28.09999999999949,-0.10086491107121283,-0.07107864951467731,0.37746521265814265,5.123217607668434,-17.107466439881424,0.1233932927765282,0.0004492911017986301,46.86824035644531,0.25603591270087916,1,4,1,1,1,1,179.9808029636731,59.410900850784714,197.74610942937662,292.21777978986836,729.3555930337028,0.24676687843724587,0.08145670152972885,0.27112441629036627,0.40065200374265897,0.11353365550527879
28.11999999999949,-0.10086465838840486,-0.07107859496119609,0.3774646949225497,5.123114435620229,-17.107484214089425,0.12339305480239712,0.00044695811701603246,46.86827850341797,0.25603636177808337,1,4,1,1,1,1,179.9812468278959,59.410280794615765,197.7464101770562,292.2179038221341,729.355841621702,0.24676740290132276,0.0814558236244721,0.27112473622940025,0.40065203724480475,0.11353400358579716
28.13999999999949,-0.10086440678706127,-0.07107854092114706,0.37746418002136556,5.123011801585388,-17.107501900827533,0.12339281800811969,0.00044444208546262447,46.8682975769043,0.2560367032711856,1,4,1,1,1,1,179.9817366075422,59.40978639972089,197.7467009639493,292.2179826857676,729.35620665698,0.2467679509200208,0.08145510500558696,0.2711249992240768,0.4006519448503154,0.11353424797096781
28.15999999999949,-0.10086415649821151,-0.0710784871981835,0.3774636680129237,5.122909685241718,-17.107519541342505,0.12339258246944197,0.00044210286285592277,46.868316650390625,0.2560370016974089,1,4,1,1,1,1,179.98205500789237,59.4093002860801,197.7469894986266,292.21806464925515,729.3564094418542,0.2467683188602196,0.08145441586170955,0.27112531944423995,0.4006519458338309,0.11353451633825665
28.179999999999488,-0.1008639075276246,-0.07107843389416368,0.3774631586126275,5.122808090439641,-17.10753709614538,0.12339234824975252,0.0004398565826580895,46.86835479736328,0.2560375004982935,1,4,1,1,1,1,179.98254190696255,59.40865835346717,197.74727458769198,292.21817750392484,729.3566523520465,0.24676890424808032,0.08145350859813882,0.2711256200241568,0.40065196712962414,0.11353486993548077
28.199999999999488,-0.10086365975156276,-0.07107838105480878,0.37746265168779497,5.122707029903863,-17.10755454618936,0.12339211527424117,0.0004373917841526359,46.86838150024414,0.25603781002347703,1,4,1,1,1,1,179.98295052367752,59.40810118789362,197.74757288629874,292.21828390384275,729.3569085017127,0.24676937782547223,0.08145271607824102,0.2711259337935432,0.4006519723027434,0.11353517700958625
28.219999999999487,-0.10086341311546919,-0.0710783285676878,0.3774621473491944,5.122606463914814,-17.107571914235983,0.12339188343354673,0.00043508854232883666,46.868404388427734,0.256038191820341,1,4,1,1,1,1,179.98335122316905,59.40761427528501,197.7478592729733,292.21834694018287,729.3571717116102,0.24676983815871073,0.08145201909219718,0.27112622860609004,0.40065191414300205,0.11353542683198627
28.239999999999487,-0.10086316751515362,-0.07107827631189374,0.37746164546408545,5.122506382266524,-17.107589203097664,0.1233916525728538,0.0004327684093643862,46.868431091308594,0.2560385588613414,1,4,1,1,1,1,179.98366452530226,59.40708905267624,197.74813519301918,292.21844825200805,729.3573370230058,0.2467702117866336,0.08145128051382362,0.2711265454600914,0.40065196223945126,0.1135357289821219
28.259999999999486,-0.10086292297880495,-0.07107822447683833,0.3774611462372767,5.12240681250951,-17.107606397457257,0.12339142282431206,0.0004304691023138374,46.86846160888672,0.25603891068116313,1,4,1,1,1,1,179.9841415372819,59.4065878693435,197.748423248886,292.21853560615745,729.3576882616688,0.24677074696538973,0.08145055413199459,0.27112680983756293,0.4006518890650527,0.11353598278778707
28.279999999999486,-0.10086267957962297,-0.07107817310833388,0.3774606498487546,5.122307761437747,-17.107623541444845,0.12339119427414572,0.00042805602747431276,46.86848831176758,0.25603930519700807,1,4,1,1,1,1,179.9845677056659,59.40602270461371,197.74871323561948,292.21862514126974,729.3579287871688,0.24677124989229607,0.08144975239166662,0.27112711801796807,0.40065187969806926,0.11353628799682855
28.299999999999486,-0.10086243737922804,-0.07107812216170076,0.3774601561150528,5.122209227581152,-17.107640614407607,0.12339096694698666,0.0004257705155940312,46.86851119995117,0.2560396440807304,1,4,1,1,1,1,179.98497146607858,59.40545721964524,197.74899817143077,292.2187388692,729.3581657263546,0.24677172330940422,0.08144895061328945,0.27112742060616557,0.4006519054711407,0.11353660482781283
28.319999999999485,-0.10086219647078515,-0.07107807150955943,0.3774596649115065,5.122111180177533,-17.107657603568246,0.12339074084561333,0.0004235606055114394,46.86853790283203,0.256040012482129,1,4,1,1,1,1,179.98535360985383,59.40497187334064,197.74927533981247,292.21882887856395,729.3584297015709,0.24677215794091503,0.08144825569185123,0.2711277024942659,0.4006518838729678,0.1135368655997231
28.339999999999485,-0.10086195680203285,-0.07107802115340096,0.3774591760258058,5.12201361194445,-17.10767450255288,0.12339051592816384,0.0004212473629466767,46.86857223510742,0.2560404295219409,1,4,1,1,1,1,179.98572772603345,59.404408175294364,197.7495473135418,292.2189241878809,729.3586074027505,0.24677261075585777,0.08144746297960855,0.27112800933100506,0.4006519169335286,0.11353718182976609
28.359999999999484,-0.10086171824922827,-0.0710779711899065,0.37745868919088094,5.121916548416091,-17.107691260558816,0.12339029214917957,0.00041910645265773024,46.868595123291016,0.2560407653062004,1,4,1,1,1,1,179.9861203372609,59.40388460587298,197.7498400909483,292.21902493314724,729.3588699672295,0.24677306021567652,0.0814467158102047,0.27112831314416364,0.4006519108299551,0.11353746804972813
28.379999999999484,-0.10086148067945606,-0.07107792154393755,0.3774582045795312,5.121819949649902,-17.107707919524945,0.12339006935672915,0.0004167986387904273,46.86861801147461,0.2560411201890068,1,4,1,1,1,1,179.98648722476077,59.40341660038003,197.75010439578057,292.2190896456435,729.3590978665649,0.24677348613493133,0.08144604869417532,0.2711285908055659,0.40065187436532745,0.11353771343890898
28.399999999999483,-0.10086124418201135,-0.07107787224519543,0.3774577227381017,5.1217238456422685,-17.107724516696752,0.12338984764091267,0.00041467986344501627,46.868656158447266,0.2560415886000872,1,4,1,1,1,1,179.98692771581057,59.40291872904082,197.7503888579916,292.2191934105653,729.3594287134083,0.2467739781376487,0.0814453291346733,0.2711288578346395,0.40065183489303846,0.11353797633128168
28.419999999999483,-0.10086100878260798,-0.07107782333753461,0.3774572434060809,5.121628234072789,-17.1077410389129,0.12338962704801042,0.00041248720093154946,46.868675231933594,0.2560419156332956,1,4,1,1,1,1,179.98729841374472,59.402382900949675,197.75066750155003,292.2192820133974,729.3596308296419,0.2467744180042023,0.08144457190944314,0.27112916473949883,0.4006518453468556,0.11353827199121479
28.439999999999483,-0.10086077446784218,-0.07107777482996414,0.37745676673458006,5.121533116600212,-17.10775750399272,0.12338940757225479,0.00041016292100713974,46.868690490722656,0.2560421533516443,1,4,1,1,1,1,179.98770310720084,59.401891865686,197.75093181578688,292.2193582068688,729.3598849955424,0.24677488686987614,0.08144387028640743,0.27112943264900763,0.4006518101947089,0.11353852986733083
28.459999999999482,-0.10086054120433628,-0.0710777266469054,0.37745629254255814,5.12143848050102,-17.10777389633935,0.12338918914282491,0.00040806563018590735,46.86873245239258,0.25604265063505083,1,4,1,1,1,1,179.9880718517962,59.401364142415886,197.7512047877923,292.2194546144266,729.360095396431,0.2467753212546771,0.08144312324919463,0.27112972869774027,0.40065182679838796,0.11353882332216625
28.47999999999948,-0.10086030895577382,-0.07107767880871906,0.37745582071435924,5.121344320967277,-17.10779020659869,0.12338897174176296,0.00040587265997465397,46.86874771118164,0.2560429380190083,1,4,1,1,1,1,179.98843566855078,59.40087130075564,197.75147236913983,292.2195294335567,729.360308772003,0.24677574787636944,0.08144242370518721,0.2711300162495635,0.4006518121688798,0.11353908845042379
28.49999999999948,-0.10086007785805441,-0.0710776311826956,0.37745535108844763,5.121250617121938,-17.10780641989027,0.12338875540370807,0.00040375111992012336,46.8687744140625,0.25604323924572464,1,4,1,1,1,1,179.98877550624618,59.40040540676231,197.7517503927363,292.21962048194837,729.3605517876931,0.24677613159237388,0.08144175779889581,0.27113030709988156,0.4006518035088488,0.11353934353346408
28.51999999999948,-0.10085984780739005,-0.07107758385076703,0.37745488391592086,5.121157368937373,-17.10782255886951,0.12338854009101778,0.0004014747457055981,46.86880111694336,0.2560436210582913,1,4,1,1,1,1,179.98917636636534,59.39992654353665,197.75200370653056,292.2197138704122,729.3608204868448,0.24677659028383708,0.08144107124356843,0.2711305545237981,0.40065178394879636,0.11353960011285935
28.53999999999948,-0.10085961895316554,-0.07107753688131567,0.3774544195087548,5.121064607736249,-17.10783864801982,0.12338832596519227,0.00039933966904233024,46.86882400512695,0.2560439658428431,1,4,1,1,1,1,179.98958354866392,59.399441208777844,197.75227914863228,292.21981331003303,729.361117216107,0.24677704815916815,0.08144037268602847,0.27113082186699433,0.40065175728780916,0.1135398597249804
28.55999999999948,-0.1008593914094552,-0.07107749021566642,0.37745395766072853,5.120972316725375,-17.107854686329727,0.1233881130856771,0.00039726572123846657,46.86885452270508,0.2560443600266146,1,4,1,1,1,1,179.98991966106718,59.39892463055499,197.75255009813273,292.21990665093654,729.3613010406914,0.2467774467938565,0.08143964389912305,0.27113112502126024,0.40065178428576026,0.11354015044376178
28.57999999999948,-0.10085916501017772,-0.07107744389274856,0.37745349787788884,5.120880501235488,-17.107870620555797,0.12338790133913892,0.000395086900438663,46.868873596191406,0.25604464846546937,1,4,1,1,1,1,179.99026527691387,59.398421893366724,197.75279500878156,292.21998759905716,729.3614697781193,0.2467778635628629,0.0814389357741045,0.27113139808295655,0.40065180258007604,0.11354042907897674
28.59999999999948,-0.10085893971782867,-0.07107739794788387,0.3774530404461208,5.12078915670253,-17.107886472569934,0.12338769071526723,0.00039304560993117606,46.86890411376953,0.25604504686484975,1,4,1,1,1,1,179.99068019613188,59.39792805464957,197.75306363954263,292.22007622225885,729.361748112583,0.24677833826891185,0.08143822761250842,0.27113166292485336,0.40065177119372636,0.11354069045555715
28.61999999999948,-0.10085871537549419,-0.07107735238629949,0.3774525851071992,5.120698279693356,-17.107902220415763,0.12338748108880877,0.00039089622212050635,46.868927001953125,0.25604533391822865,1,4,1,1,1,1,179.99105848901695,59.397402511440404,197.7533251106854,292.2201676738943,729.361953785037,0.2467787873427591,0.08143748409578606,0.27113194496153925,0.4006517835999156,0.11354098046370181
28.63999999999948,-0.1008584921629965,-0.07107730714319689,0.37745213189999327,5.12060785635172,-17.107917869256593,0.12338727256942499,0.00038893692818868004,46.86894989013672,0.25604566911947474,1,4,1,1,1,1,179.9914235842223,59.39694164455646,197.75358804721765,292.2202455373489,729.3621988133452,0.2467792050055021,0.08143682486039701,0.27113221437710644,0.4006517557569945,0.11354122547635086
28.659999999999478,-0.10085827006122183,-0.07107726217945172,0.3774516810837469,5.120517880587524,-17.10793344946934,0.12338706511895352,0.0003867000449090808,46.86896896362305,0.25604595611213277,1,4,1,1,1,1,179.99178671415788,59.39648338917373,197.75385695105317,292.2203217408668,729.3624487952516,0.246779618297412,0.08143616865288833,0.27113249013258034,0.40065172291711937,0.11354146803462159
28.679999999999477,-0.10085804894074822,-0.0710772175459377,0.3774512327337188,5.120428371194889,-17.107948965044578,0.12338685866090812,0.00038476597443146186,46.86899948120117,0.2560463417598139,1,4,1,1,1,1,179.99219659383544,59.39598972787597,197.75408932104068,292.2204114838178,729.3626871265699,0.24678009962771857,0.08143546520301867,0.2711327201287491,0.4006517150405137,0.11354173379689331
28.699999999999477,-0.10085782890014153,-0.07107717315064044,0.3774507868225917,5.120339298762973,-17.10796443055705,0.12338665322285204,0.00038255008412026945,46.869014739990234,0.25604658809462216,1,4,1,1,1,1,179.99247423625098,59.39557497556859,197.75436185808312,292.22046705095846,729.3628781208611,0.24678041566906403,0.08143487522780983,0.2711330227932353,0.40065168630989095,0.11354195507952251
28.719999999999477,-0.10085760994417302,-0.07107712908115757,0.37745034314547327,5.120250677959257,-17.107979814370935,0.12338644885914532,0.0003806039860236947,46.869041442871094,0.2560469456220984,1,4,1,1,1,1,179.99286992605812,59.395052096963695,197.75460692351382,292.22056173292947,729.3630906794651,0.24678088626390338,0.08143413459766938,0.2711332797760416,0.40065169936238565,0.11354224291750367
28.739999999999476,-0.10085739194397582,-0.07107708539089808,0.37744990184442667,5.120162523773601,-17.107995128560006,0.12338624549521626,0.00037851659787465285,46.86906814575195,0.2560472820022665,1,4,1,1,1,1,179.99325368989702,59.394576980289926,197.75486921120586,292.22064193789566,729.3633418192885,0.2467813274532424,0.08143345514478281,0.27113354602924755,0.40065167137272717,0.11354249507624414
28.759999999999476,-0.10085717507102958,-0.07107704196482573,0.3774494626630672,5.120074814549329,-17.10801035785961,0.1233860432049667,0.000376627838728351,46.86908721923828,0.2560475836574097,1,4,1,1,1,1,179.99356331922297,59.39411394678725,197.75512151646166,292.2207258671283,729.3635246496002,0.24678169011220463,0.08143279988579259,0.2711338239891649,0.4006516860128378,0.11354275349817881
28.779999999999475,-0.10085695921012665,-0.07107699882878793,0.37744902559344207,5.119987537154027,-17.108025493210516,0.12338584190911318,0.0003745563264312229,46.869117736816406,0.2560479546396139,1,4,1,1,1,1,179.99393351190042,59.393649970872474,197.75537334371063,292.22080689492975,729.3637637214133,0.24678211677739811,0.08143213705576739,0.2711340803863201,0.40065166578051437,0.11354300170666523
28.799999999999475,-0.10085674436102489,-0.07107695604322435,0.3774485909434,5.119900699599463,-17.10804057303305,0.12338564164227366,0.0003725879186082479,46.869144439697266,0.25604829085752906,1,4,1,1,1,1,179.99432020282975,59.393190987616855,197.75564126259982,292.2208961232484,729.3640485762949,0.24678255057152232,0.08143147595984648,0.271134341826438,0.4006516316421932,0.1135432448439717
28.819999999999474,-0.10085653051803199,-0.07107691340477795,0.37744815848546,5.119814287225432,-17.108055588088295,0.12338544228264946,0.0003705215545827605,46.8691520690918,0.25604849955272835,1,4,1,1,1,1,179.9945828746529,59.39278370055768,197.7558418343113,292.22097005702636,729.3641784665483,0.2467828667608581,0.0814309030441117,0.2711345685362326,0.40065166165879756,0.11354347575110996
28.839999999999474,-0.10085631774164894,-0.07107687103847453,0.37744772813105915,5.119728307317977,-17.10807051987756,0.12338524395171568,0.00036860411827696805,46.86918640136719,0.25604888283307353,1,4,1,1,1,1,179.99494157780418,59.392293481533464,197.7561043849705,292.22106386381427,729.3644033081224,0.2467832824873477,0.08143020582325156,0.2711348449252846,0.4006516667641161,0.1135437461390649
28.859999999999474,-0.10085610597383561,-0.0710768290287488,0.3774472998648546,5.119642772040042,-17.108085359110508,0.12338504665066811,0.00036649340683600994,46.869197845458984,0.25604910643268647,1,4,1,1,1,1,179.9952941246959,59.39185695540614,197.75637027564346,292.2211412971983,729.3646626529438,0.2467836780986793,0.08142957836670897,0.2711351130672238,0.40065163046738794,0.11354397665997652
28.879999999999473,-0.10085589519615698,-0.07107678735469412,0.3774468738606008,5.1195576736053585,-17.108100137818845,0.12338485035239379,0.0003646958648108438,46.869232177734375,0.25604953574161865,1,4,1,1,1,1,179.99568728879655,59.391369346522076,197.75658845967365,292.22122557897956,729.3648706739718,0.2467841467638426,0.08142888660327348,0.27113533487969615,0.40065163175318774,0.11354424084274764
28.899999999999473,-0.10085568538446027,-0.07107674604106948,0.37744645008281635,5.119473028612972,-17.10811484012929,0.12338465505141195,0.0003627803764165328,46.8692512512207,0.2560498064999762,1,4,1,1,1,1,179.99602712206402,59.39092038805431,197.7568326075927,292.2212932803531,729.3650733980642,0.24678454410145292,0.0814282484234622,0.27113559425906775,0.40065161321601706,0.11354448081642918
28.919999999999472,-0.10085547663300565,-0.07107670488780002,0.37744602845139796,5.119388779260139,-17.10812948088838,0.12338446070951627,0.0003608435943779167,46.869266510009766,0.2560500930311367,1,4,1,1,1,1,179.99629853403803,59.39053588029252,197.75707739790113,292.2213668817693,729.3652786940011,0.24678484675927922,0.08142769832235092,0.27113585356298325,0.4006516013553865,0.1135446909811725
28.939999999999472,-0.10085526882690563,-0.0710766640198217,0.3774456086354391,5.119304939512987,-17.10814402759959,0.12338426730476629,0.0003587750638454997,46.86928939819336,0.25605034084088474,1,4,1,1,1,1,179.99665435759067,59.390005680648684,197.75733895464361,292.22145459146145,729.3654535843444,0.2467852754377483,0.08142695186450968,0.27113614715750284,0.40065162554023914,0.11354498668620461
28.95999999999947,-0.10085506203601301,-0.07107662342956421,0.37744519087624784,5.119221537925572,-17.108158474937408,0.12338407488989861,0.00035698632092732763,46.86931228637695,0.2560506796766396,1,4,1,1,1,1,179.9970188043047,59.38961882005669,197.7575653745708,292.2215321699398,729.365735168872,0.2467856798381535,0.08142639002133278,0.27113635291460936,0.40065157722590433,0.1135451859068959
28.97999999999947,-0.10085485611699507,-0.07107658310278654,0.37744477540664073,5.119138554941857,-17.108172877039504,0.12338388333954763,0.000355028067579699,46.86933898925781,0.2560509983023474,1,4,1,1,1,1,179.99735264176823,59.38917109853618,197.75777678634805,292.22160895581567,729.3659094824682,0.24678607856718707,0.08142575671061539,0.2711365779717753,0.4006515867504222,0.113545431777705
28.99999999999947,-0.10085465109029487,-0.07107654315555574,0.3774443619214134,5.119056004256538,-17.108187187621848,0.12338369273728475,0.00035327271605258204,46.869361877441406,0.2560513468923526,1,4,1,1,1,1,179.997702022071,59.388695389926085,197.7580227780171,292.22167204158103,729.3660922315953,0.24678649575187053,0.08142508408667347,0.2711368473038682,0.4006515728575877,0.1135456864032601
29.01999999999947,-0.10085444697425211,-0.0710765034818318,0.3774439505118315,5.118973868170704,-17.108201422489607,0.12338350303701495,0.0003513001857026957,46.869380950927734,0.25605160164231805,1,4,1,1,1,1,179.99802492619227,59.38827165318473,197.75827497150723,292.22176559496666,729.3663371458509,0.24678685560202676,0.08142447577932144,0.2711371020293765,0.4006515665892752,0.11354591941281059
29.03999999999947,-0.10085424379081094,-0.07107646409903265,0.37744354118200757,5.118892152727623,-17.10821558006775,0.1233833142667087,0.0003495095590523163,46.86940383911133,0.2560519281080275,1,4,1,1,1,1,179.99837243623392,59.387847814860855,197.75850947796155,292.2218476120173,729.3665773410737,0.24678725078467817,0.08142386785991883,0.27113733425912623,0.40065154709627665,0.11354614659568411
29.05999999999947,-0.10085404168181546,-0.07107642496872084,0.3774431341494087,5.118810839961677,-17.108229695101397,0.12338312652016714,0.0003475417797204748,46.86942672729492,0.25605220784682836,1,4,1,1,1,1,179.99869414928864,59.387442745345915,197.75875690866263,292.2218941609292,729.3667879642264,0.2467876206040206,0.08142328897522917,0.2711375952017741,0.4006514952189761,0.1135463537767066
29.07999999999947,-0.10085384060464249,-0.0710763860587678,0.3774427292745829,5.118729939251842,-17.10824374989158,0.12338293974404094,0.00034571381141103227,46.869441986083984,0.25605248648707285,1,4,1,1,1,1,179.99901886715554,59.38698984378648,197.75898956685384,292.221995535796,729.3669938135918,0.24678799615815747,0.08142264504357916,0.27113783766502075,0.40065152113324276,0.11354661000410335
29.09999999999947,-0.10085364055802243,-0.07107634734945274,0.3774423265836608,5.118649435850941,-17.108257754511047,0.12338275392593101,0.0003438320503250834,46.869468688964844,0.256052815077993,1,4,1,1,1,1,179.99933475224793,59.38658379741182,197.7592245199135,292.2220696619642,729.3672127315374,0.24678835518001463,0.08142206389426858,0.2711380784163435,0.40065150250937337,0.11354682819390532
29.119999999999468,-0.10085344153073991,-0.07107630889170845,0.3774419258257877,5.118569344237754,-17.10827167988584,0.12338256908600959,0.00034191096590177703,46.86948013305664,0.2560530295813343,1,4,1,1,1,1,179.99962772523259,59.386141498068724,197.75945133312436,292.22214087334396,729.3673614297696,0.24678870654752302,0.0814214408794696,0.2711383341111659,0.4006515184618415,0.11354707414179144
29.139999999999468,-0.10085324353068133,-0.07107627065936492,0.3774415271695417,5.118489651252861,-17.108285539692606,0.12338238521564662,0.0003401853879971341,46.86951446533203,0.25605342875973425,1,4,1,1,1,1,179.9999738859728,59.38574035164062,197.7596801717064,292.2222273948891,729.367621804209,0.24678909305120195,0.08142086182101198,0.27113855106772605,0.40065149406005995,0.11354728833879667
29.159999999999467,-0.1008530464593937,-0.0710762328118653,0.37744113023155723,5.118410386305941,-17.10829930291114,0.12338220232621519,0.00033832482620488574,46.869529724121094,0.25605361930027254,1,4,1,1,1,1,180.00028942589324,59.385234140778074,197.75991604667908,292.2222867504155,729.3677263637659,0.2467894902935692,0.08142015610814153,0.2711388355947738,0.40065151800351545,0.11354756865103374
29.179999999999467,-0.10085285031220445,-0.07107619515792384,0.3774407353263668,5.1183315087505985,-17.108312984169423,0.12338202030370224,0.0003365892069279427,46.869544982910156,0.25605394274293464,1,4,1,1,1,1,180.00061199510964,59.38492369416215,197.76013526512082,292.22236407174984,729.3680350261425,0.24678982811285105,0.08141969601400702,0.27113902141054563,0.40065145446259626,0.11354772460671116
29.199999999999466,-0.10085265502418217,-0.07107615770800899,0.37744034244172275,5.118253023059609,-17.108326614975148,0.12338183910106244,0.0003347226912371768,46.869564056396484,0.2560541733687365,1,4,1,1,1,1,180.00090403119674,59.38447161952017,197.76034827764028,292.2224258344444,729.3681497628015,0.2467901896864224,0.0814190633890891,0.27113927080851297,0.40065147611597557,0.11354797565027207
29.219999999999466,-0.10085246072554728,-0.07107612053978932,0.3774399518631968,5.1181749415410325,-17.108340190696275,0.12338165886947994,0.00033299012517582047,46.86958694458008,0.2560544831259008,1,4,1,1,1,1,180.00129279296578,59.38407817363305,197.76057728349645,292.2225119823368,729.3684602324321,0.2467906176469486,0.08141848929786295,0.2711394693711803,0.4006514236840082,0.11354817756025021
29.239999999999466,-0.1008522672982569,-0.0710760836698953,0.37743956314021404,5.11809726257507,-17.10835370912569,0.12338147952204584,0.0003312144634734066,46.869606018066406,0.2560547171460403,1,4,1,1,1,1,180.00152879677384,59.38362451244201,197.7607905089603,292.222557443809,729.3685012619852,0.24679092733690491,0.08141786272603474,0.27113974646120026,0.40065146347586,0.11354843403045824
29.259999999999465,-0.1008520746849561,-0.07107604703505772,0.37743917638639374,5.1180199679467435,-17.108367142504985,0.12338130097543024,0.00032932250721591364,46.869632720947266,0.256055049753313,1,4,1,1,1,1,180.00188849909017,59.383237866089004,197.76101428536384,292.2226659489798,729.3688065995228,0.24679131719150207,0.08141729853096771,0.2711399397615714,0.4006514445159588,0.11354864339549624
29.279999999999465,-0.10085188279132344,-0.07107601073925937,0.37743879154975857,5.117943075872382,-17.108380511930562,0.12338112321243536,0.00032768565911681487,46.86964797973633,0.2560553229243992,1,4,1,1,1,1,180.00219633697512,59.38278909694645,197.76121924482322,292.22270208939597,729.3689067681407,0.2467917053587754,0.08141667206527034,0.27114018353361147,0.40065143904234285,0.11354888270852452
29.299999999999464,-0.1008516917271424,-0.0710759746893551,0.3774384084953746,5.117866564482887,-17.108393793335694,0.12338094626914,0.0003259308930819922,46.869667053222656,0.256055573984537,1,4,1,1,1,1,180.0024936086807,59.382410700845355,197.76146124062444,292.22279640530223,729.3691619554527,0.24679202658649643,0.08141612478054319,0.27114042045652464,0.40065142817643584,0.11354909099824356
29.319999999999464,-0.10085150170312977,-0.0710759388869129,0.3774380271452437,5.117790433949325,-17.10840698374961,0.12338077031868688,0.00032430364466201763,46.869686126708984,0.2560558414149589,1,4,1,1,1,1,180.00281605590038,59.38196621425026,197.76169866155794,292.22287784219725,729.3693587739058,0.2467924020807388,0.08141549339839739,0.2711406728053424,0.40065143171552153,0.11354933561575387
29.339999999999463,-0.10085131247903312,-0.07107590332338268,0.3774376474599165,5.1177146813726475,-17.10842009102116,0.1233805951597674,0.00032260421540513756,46.86970901489258,0.25605615335976323,1,4,1,1,1,1,180.00309399986511,59.38159245136593,197.76191063853966,292.22291903769394,729.3695161274646,0.24679272991223802,0.08141496338734892,0.271140904940122,0.40065140176029107,0.11354953089415722
29.359999999999463,-0.10085112422144697,-0.07107586795825988,0.3774372699495914,5.1176393033598,-17.108433138505585,0.12338042090522192,0.0003209012646409806,46.869728088378906,0.2560564145816601,1,4,1,1,1,1,180.0034792881539,59.38122058088899,197.76210930384536,292.22301514681885,729.369824319707,0.24679315387916623,0.08141441913404444,0.2711410627500263,0.40065136423676306,0.11354972481093112
29.379999999999463,-0.10085093695546904,-0.07107583277884244,0.3774368945506314,5.117564313696902,-17.108446141452163,0.12338024756824718,0.00031909746551090257,46.8697395324707,0.2560566096443203,1,4,1,1,1,1,180.0037390190833,59.38082059202493,197.76231824107668,292.22310403451445,729.3699818866994,0.2467934566671612,0.08141385314271019,0.27114129063759185,0.4006513995525367,0.11354995507407108
29.399999999999462,-0.10085075054110529,-0.07107579785122446,0.3774365211765047,5.117489699073171,-17.10845910437402,0.12338007507248637,0.0003173150044311884,46.86975860595703,0.2560569075393739,1,4,1,1,1,1,180.00398842595325,59.380458970218086,197.76256544876205,292.2231329914954,729.3701458364287,0.24679374314056668,0.08141333904216991,0.2711415686228444,0.4006513491944191,0.11355014010767693
29.41999999999946,-0.10085056508816795,-0.07107576318655738,0.3774361500522677,5.1174154717124445,-17.10847203322468,0.12337990351412334,0.0003156706007219268,46.869781494140625,0.25605716130182316,1,4,1,1,1,1,180.0043647730376,59.38005227719779,197.7627625472997,292.22321287516274,729.3703924726979,0.2467941756763531,0.08141275391764759,0.2711417471675099,0.4006513232384894,0.1135503539382732
29.43999999999946,-0.10085038048035248,-0.07107572874756614,0.37743578076445,5.117341625537548,-17.108484901351552,0.12337973277661717,0.0003139350731244593,46.86980056762695,0.2560574521699946,1,4,1,1,1,1,180.00462837852004,59.379598210563486,197.76296260981616,292.22330698479425,729.370496183694,0.24679450199913952,0.081412119795436,0.2711419829079692,0.40065139529745525,0.11355062187814398
29.45999999999946,-0.10085019670926283,-0.07107569457819278,0.3774354132029778,5.1172681544960605,-17.108497685490544,0.1233795628784182,0.00031234028110098606,46.869808197021484,0.2560576318830406,1,4,1,1,1,1,180.00492145917983,59.379220023509426,197.76317538857296,292.22337038563285,729.370687256895,0.2467948391731562,0.08141157995645525,0.2711422036061587,0.40065137726422984,0.11355082416437826
29.47999999999946,-0.1008500138072795,-0.07107566072843746,0.37743504742247486,5.117195054231457,-17.10851040042973,0.12337939387479747,0.00031066338814265195,46.869834899902344,0.25605792551405143,1,4,1,1,1,1,180.0052330522742,59.37885316483266,197.76340021179567,292.2234015127408,729.3708879416433,0.2467951984761371,0.08141105457664433,0.2711424372446555,0.40065130970256313,0.11355100510289234
29.49999999999946,-0.10084983169566272,-0.0710756270560399,0.3774346835516683,5.117122325461527,-17.108523050943127,0.12337922561944036,0.0003089176385531465,46.869850158691406,0.256058176741051,1,4,1,1,1,1,180.0055305045631,59.37847575959033,197.7635934313061,292.2234770276393,729.3710767230989,0.24679554241893945,0.08141051606592976,0.2711426319779689,0.4006513095371618,0.11355121156747132
29.51999999999946,-0.10084965049454411,-0.07107559356313374,0.3774343215529941,5.117049954198449,-17.108535643229796,0.12337905821177061,0.0003073669471926598,46.86986541748047,0.25605842175686205,1,4,1,1,1,1,180.0057965037649,59.37809592411312,197.76381814984313,292.22355755004554,729.3712681277667,0.2467958423503908,0.08140997393074118,0.27114286892255274,0.40065131479631527,0.1135514234525614
29.53999999999946,-0.10084947023370963,-0.07107556027248267,0.3774339614957091,5.116977945192337,-17.10854817778999,0.12337889168924805,0.0003056590052981311,46.86989212036133,0.25605870386829427,1,4,1,1,1,1,180.0061139448124,59.377718108079684,197.76402371571322,292.223631086688,729.3714868552933,0.2467962035655028,0.08140943151491768,0.2711430694506289,0.4006512954689507,0.11355162516008314
29.55999999999946,-0.10084929088976194,-0.07107552725295181,0.37743360359110983,5.116906309802693,-17.10856068316847,0.12337872607241865,0.00030407221417609105,46.86991500854492,0.2560589861424394,1,4,1,1,1,1,180.00644531848397,59.37732844812466,197.76423075639485,292.22370260669425,729.3717071296977,0.24679658335921031,0.08140887268823839,0.2711432714255643,0.40065127252698696,0.113551831697028
29.57999999999946,-0.1008491124258243,-0.07107549443972917,0.37743324761569114,5.116835041808636,-17.10857314870989,0.12337856129380226,0.000302383538575128,46.86993408203125,0.2560592780520834,1,4,1,1,1,1,180.0066764223599,59.376930664241584,197.76444434391308,292.2237727533278,729.3718241838424,0.2467968606050625,0.08140831424449882,0.2711435207484316,0.4006513044020071,0.11355205920141939
29.599999999999458,-0.100848934652364,-0.07107546181529355,0.37743289324915746,5.116764131790917,-17.108585535718266,0.12337839718838155,0.00030074112292807195,46.86994171142578,0.2560594287930445,1,4,1,1,1,1,180.00693208547003,59.37658432303233,197.76463386244967,292.2237974672456,729.3719477381976,0.24679716932310936,0.08140782560552369,0.27114373465516906,0.40065127041619797,0.11355223708120522
29.619999999999457,-0.10084875765219245,-0.07107542951803182,0.3774325406548008,5.116693585364341,-17.108597855217017,0.12337823390356727,0.0002992382162859567,46.869964599609375,0.25605968846270966,1,4,1,1,1,1,180.00728455113227,59.37617721354729,197.76485405447062,292.2238463900179,729.3721622091681,0.2467975799980012,0.0814072435033783,0.2711439568182422,0.4006512196803783,0.11355244376291036
29.639999999999457,-0.10084858131809556,-0.07107539741557549,0.3774321898108426,5.116623402782762,-17.1086101037556,0.12337807127546827,0.0002976456113853261,46.86997985839844,0.2560599613150307,1,4,1,1,1,1,180.00754071213558,59.37583887470494,197.76504055138594,292.22391303638585,729.3723331746123,0.24679787335591413,0.0814067605447413,0.27114414895696465,0.4006512171423799,0.11355262906099726
29.659999999999457,-0.1008484058114075,-0.07107536547318241,0.3774318410874474,5.116553559861504,-17.108622327391952,0.12337790941594358,0.00029592351960806856,46.8699951171875,0.25606017920572954,1,4,1,1,1,1,180.00782992988,59.37550072377589,197.76525951943518,292.2239742169311,729.3725643900221,0.24679819164903935,0.0814062711193859,0.2711443632169346,0.4006511740146401,0.11355280415122443
29.679999999999456,-0.10084823115493827,-0.07107533367648328,0.3774314938852901,5.116484069398315,-17.10863446690968,0.12337774833535947,0.0002945475283103973,46.87001419067383,0.256060477644851,1,4,1,1,1,1,180.00806803054363,59.37509645150066,197.76544045217963,292.2240579661467,729.3726629003706,0.2467984847618727,0.081405705850551,0.27114457466195657,0.4006512347256197,0.11355304188083175
29.699999999999456,-0.1008480574106888,-0.07107530212186688,0.37743114845309084,5.116414921699162,-17.108646542049,0.12337758813992206,0.00029283813447439306,46.87002944946289,0.2560606686647058,1,4,1,1,1,1,180.0083962907938,59.37474395589152,197.76564943527322,292.2241190185566,729.3729087005152,0.24679885164847315,0.08140519513080947,0.27114476981003,0.40065118341068734,0.11355322092856793
29.719999999999455,-0.10084788448036602,-0.07107527090056086,0.37743080489312925,5.11634614260261,-17.108658571301685,0.12337742880184108,0.00029126480072928817,46.87004852294922,0.256060891221658,1,4,1,1,1,1,180.0087010016696,59.374346038037665,197.765849066595,292.2241832583831,729.3730793646853,0.24679921167156976,0.0814046305215367,0.27114498006816673,0.40065117773872694,0.11355343587013521
29.739999999999455,-0.10084771240257012,-0.07107523990643713,0.3774304629510973,5.11627772239002,-17.10867052771779,0.12337727029152934,0.0002897619580782996,46.87006378173828,0.2560611179035534,1,4,1,1,1,1,180.0089558924168,59.373976720178064,197.76604918315775,292.224239733432,729.3732215291845,0.24679951303259365,0.08140410830506796,0.27114520158626976,0.4006511770760687,0.11355363767595336
29.759999999999454,-0.10084754118257505,-0.07107520891153823,0.3774301226436,5.116209619001603,-17.108682417145594,0.12337711248197526,0.00028818340728384507,46.87008285522461,0.2560613721769767,1,4,1,1,1,1,180.00917119137557,59.37366307971554,197.76624758309828,292.2243481847244,729.3734300389137,0.24679973766218996,0.08140365502010105,0.2711453960868125,0.4006512112308966,0.11355382472710497
29.779999999999454,-0.10084737095233318,-0.07107517812151457,0.37742978383732667,5.116141860727937,-17.10869420678358,0.12337695559950618,0.00028678324284618173,46.87010192871094,0.2560616248514659,1,4,1,1,1,1,180.00951797116824,59.37324080026569,197.76644677802727,292.2244373726489,729.3736429221101,0.24680014107720022,0.08140305229895203,0.27114559005136246,0.40065121657248526,0.1135540564055572
29.799999999999454,-0.10084720164545259,-0.07107514763054167,0.3774294468368093,5.116074454405824,-17.1087059502618,0.12337679964410597,0.00028521289359409793,46.870121002197266,0.2560618755734007,1,4,1,1,1,1,180.00978986006595,59.37291687958663,197.76664137581818,292.22448830220253,729.3738364176733,0.24680044837388984,0.08140258659564387,0.2711457849203242,0.4006511801101421,0.11355422408008718
29.819999999999453,-0.10084703315774612,-0.07107511743080189,0.37742911185960165,5.116007407965836,-17.108717665590053,0.12337664452610884,0.00028361295796915564,46.87013626098633,0.2560620925050555,1,4,1,1,1,1,180.0100899050022,59.37255726762268,197.7668357349441,292.2245335720353,729.3740164796043,0.24680079881901834,0.08140207345771679,0.27114598445593835,0.4006511432673265,0.11355440914922331
29.839999999999453,-0.10084686552860087,-0.0710750873667445,0.37742877880456943,5.115940691190172,-17.10872935500249,0.12337649018809892,0.00028220454110161006,46.87015151977539,0.2560623270073015,1,4,1,1,1,1,180.01032251354744,59.37222062513592,197.76701574829897,292.2245809416839,729.3741398286662,0.24680107599624082,0.08140159814150082,0.2711461854059639,0.4006511404562944,0.1135545920494052
29.859999999999452,-0.10084669858390015,-0.07107505757348813,0.3774284472883091,5.115874319555448,-17.10874097141285,0.12337633656559373,0.0002806733752989764,46.87017059326172,0.25606255478780104,1,4,1,1,1,1,180.01060274632454,59.371813714016064,197.76721252281484,292.2246302029035,729.3742591860589,0.24680141981869,0.0814010269299491,0.27114641082002544,0.4006511424313355,0.11355481280188859
29.879999999999452,-0.10084653226239952,-0.07107502794281464,0.37742811713718893,5.115808282436325,-17.108752497218905,0.12337618354618962,0.0002791575620929958,46.870182037353516,0.2560627756963038,1,4,1,1,1,1,180.01081236156827,59.37148286813271,197.7674224302399,292.2246884816182,729.3744061415591,0.2468016574832093,0.08140055692687648,0.27114664398006944,0.4006511416098447,0.11355499616858722
29.89999999999945,-0.10084636669342203,-0.07107499849547792,0.37742778854821385,5.115742565946095,-17.108763938493343,0.12337603124754958,0.00027773198016475765,46.87019729614258,0.256063001604202,1,4,1,1,1,1,180.01114461295805,59.37117214806045,197.76761061657822,292.2247572588095,729.3746846364063,0.24680201877680155,0.08140009983710501,0.2711467984595126,0.40065108292658075,0.11355515101799746
29.91999999999945,-0.10084620196043739,-0.0710749692026117,0.37742746179359665,5.115677187294488,-17.108775344953894,0.123375879721271,0.0002761744178404563,46.87022018432617,0.2560632267464195,1,4,1,1,1,1,180.01140060434005,59.37079741597351,197.76778458156323,292.2248427522634,729.3748253541402,0.24680232213517575,0.08139957036102344,0.2711469846598273,0.4006511228439736,0.11355536732419087
29.93999999999945,-0.10084603797731492,-0.07107494010136599,0.37742713685197754,5.115612123938976,-17.108786717560534,0.12337572891835252,0.0002745548164094721,46.8702278137207,0.2560633829345746,1,4,1,1,1,1,180.01167121387064,59.370478602575716,197.76797785269764,292.22487894602625,729.3750066151703,0.2468026318165953,0.08139911302705292,0.2711471822574298,0.40065107289892193,0.11355552753431905
29.95999999999945,-0.10084587471224575,-0.07107491120737833,0.3774268134864191,5.115547403866079,-17.108798026346815,0.123375578821802,0.00027314691709823475,46.8702392578125,0.2560636124980718,1,4,1,1,1,1,180.01187917738426,59.37013533693177,197.7681690519318,292.22492512606675,729.3751086923146,0.24680288240179293,0.08139863100534864,0.27114740645112956,0.4006510801417289,0.11355571753030123
29.97999999999945,-0.10084571220011221,-0.07107488248428394,0.37742649182175014,5.115483003068183,-17.108809283866815,0.12337542943918223,0.00027173619424195077,46.87026596069336,0.25606388881325864,1,4,1,1,1,1,180.01217761555327,59.36981195033711,197.76834528214079,292.2249796260612,729.3753144740924,0.2468032219397896,0.08139816466525882,0.2711475715691576,0.4006510418257939,0.11355588321909964
29.99999999999945,-0.10084555046427848,-0.07107485400696749,0.37742617174150245,5.115418943394457,-17.108820470861687,0.12337528083273035,0.0002703141370615086,46.870277404785156,0.25606409585620826,1,4,1,1,1,1,180.0124685106355,59.36940267191992,197.76854002056166,292.2250778005048,729.3754890036219,0.2468035617107797,0.08139758405238254,0.271147773680642,0.40065108055619575,0.11355611859946962
